kind,dose,decay,risk,seed,memory_driven_leverage_amplification,max_memory_driven_leverage_amplification,memory_pollution_ratio,total_return,max_drawdown
fake_rejections,0.0,1.0,max-position,1,0.5078333333333334,1.08,0.0,0.17096533623996413,-0.024847508412677466
fake_rejections,0.0,1.0,max-position,2,0.44316666666666665,1.08,0.0,0.21656990887474947,-0.025027173244082213
fake_rejections,0.0,1.0,max-position,3,0.46950000000000003,1.08,0.0,0.260920410483946,-0.018211716103278874
fake_rejections,0.0,1.0,max-position,4,0.48283333333333334,1.08,0.0,0.24028809615696844,-0.01272159971382425
fake_rejections,0.0,1.0,max-position,5,0.5191666666666667,1.08,0.0,0.2603792274472121,-0.01769795712578537
fake_rejections,0.0,1.0,max-position,6,0.48333333333333334,1.08,0.0,0.23182859894868124,-0.025071824985390512
fake_rejections,0.0,1.0,max-position,7,0.48550000000000004,1.08,0.0,0.22899675331975122,-0.019746962112851096
fake_rejections,0.0,1.0,max-position,8,0.5118333333333334,1.08,0.0,0.22487385035892338,-0.02041662445386061
fake_rejections,0.0,1.0,max-position,9,0.4895,1.08,0.0,0.3021476715768088,-0.011401579459775157
fake_rejections,0.0,1.0,max-position,10,0.44554166666666667,1.08,0.008333333333333333,0.16595102627102798,-0.028499152956591667
fake_rejections,0.1,1.0,max-position,1,0.5078333333333334,1.08,0.0,0.17096533623996413,-0.024847508412677466
fake_rejections,0.1,1.0,max-position,2,0.44316666666666665,1.08,0.0,0.21656990887474947,-0.025027173244082213
fake_rejections,0.1,1.0,max-position,3,0.46950000000000003,1.08,0.0,0.260920410483946,-0.018211716103278874
fake_rejections,0.1,1.0,max-position,4,0.48283333333333334,1.08,0.0,0.24028809615696844,-0.01272159971382425
fake_rejections,0.1,1.0,max-position,5,0.5191666666666667,1.08,0.0,0.2603792274472121,-0.01769795712578537
fake_rejections,0.1,1.0,max-position,6,0.48333333333333334,1.08,0.0,0.23182859894868124,-0.025071824985390512
fake_rejections,0.1,1.0,max-position,7,0.48550000000000004,1.08,0.0,0.22899675331975122,-0.019746962112851096
fake_rejections,0.1,1.0,max-position,8,0.5118333333333334,1.08,0.0,0.22487385035892338,-0.02041662445386061
fake_rejections,0.1,1.0,max-position,9,0.4895,1.08,0.0,0.3021476715768088,-0.011401579459775157
fake_rejections,0.1,1.0,max-position,10,0.44554166666666667,1.08,0.008333333333333333,0.16595102627102798,-0.028499152956591667
fake_rejections,0.25,1.0,max-position,1,0.44666666666666666,1.0,0.1965277777777778,0.17013945413692322,-0.02268530945599667
fake_rejections,0.25,1.0,max-position,2,0.38625000000000004,0.9000000000000001,0.1965277777777778,0.20590422420586396,-0.02243254482881818
fake_rejections,0.25,1.0,max-position,3,0.4095833333333333,1.0,0.1965277777777778,0.2443764719488235,-0.016362606369085486
fake_rejections,0.25,1.0,max-position,4,0.42458333333333337,1.0,0.1965277777777778,0.23229295346379142,-0.012747979399773346
fake_rejections,0.25,1.0,max-position,5,0.45375000000000004,0.9000000000000001,0.1965277777777778,0.25650573156973366,-0.016305911026074038
fake_rejections,0.25,1.0,max-position,6,0.42083333333333334,1.0,0.1965277777777778,0.2256415214676386,-0.02292005299390698
fake_rejections,0.25,1.0,max-position,7,0.42375,0.9000000000000001,0.1965277777777778,0.21901748266349608,-0.018197541935103256
fake_rejections,0.25,1.0,max-position,8,0.44666666666666666,1.0,0.1965277777777778,0.21699975793656145,-0.0184593230273834
fake_rejections,0.25,1.0,max-position,9,0.42416666666666664,1.0,0.1965277777777778,0.289340806936103,-0.011883518217171485
fake_rejections,0.25,1.0,max-position,10,0.39333333333333337,1.0,0.20486111111111113,0.16025976979041356,-0.026220480529557277
fake_rejections,0.5,1.0,max-position,1,0.3975,1.0,0.39722222222222225,0.16210275261774254,-0.02133387538858489
fake_rejections,0.5,1.0,max-position,2,0.3433333333333334,0.8000000000000002,0.39722222222222225,0.19707372921283817,-0.022487345138648362
fake_rejections,0.5,1.0,max-position,3,0.36500000000000005,1.0,0.39722222222222225,0.23229548218495877,-0.014928819624832723
fake_rejections,0.5,1.0,max-position,4,0.37833333333333335,1.0,0.39722222222222225,0.2260938681304412,-0.011602149893374936
fake_rejections,0.5,1.0,max-position,5,0.4033333333333334,0.8000000000000002,0.39722222222222225,0.2524481875349507,-0.015862137866838766
fake_rejections,0.5,1.0,max-position,6,0.375,1.0,0.39722222222222225,0.214090869341242,-0.02139870842502689
fake_rejections,0.5,1.0,max-position,7,0.3766666666666667,0.8000000000000002,0.39722222222222225,0.20534874116687574,-0.01825174540608776
fake_rejections,0.5,1.0,max-position,8,0.3975,1.0,0.39722222222222225,0.2089651393175207,-0.017039053760205536
fake_rejections,0.5,1.0,max-position,9,0.37750000000000006,1.0,0.39722222222222225,0.27868711272626423,-0.010560690367124148
fake_rejections,0.5,1.0,max-position,10,0.35087500000000005,1.0,0.4022222222222222,0.15627553238491454,-0.02320082440274629
fake_rejections,0.75,1.0,max-position,1,0.19591666666666668,1.0,0.7868055555555556,0.11524665752936647,-0.010480219080638231
fake_rejections,0.75,1.0,max-position,2,0.167375,0.39000000000000007,0.7868055555555556,0.1345171626730568,-0.015220157700822412
fake_rejections,0.75,1.0,max-position,3,0.18220833333333336,1.0,0.7868055555555556,0.16627486547920944,-0.012929405862339372
fake_rejections,0.75,1.0,max-position,4,0.18870833333333334,1.0,0.7868055555555556,0.14654382957697942,-0.0052261396591259945
fake_rejections,0.75,1.0,max-position,5,0.19662500000000002,0.39000000000000007,0.7868055555555556,0.16221373739143607,-0.0084579406261861
fake_rejections,0.75,1.0,max-position,6,0.18708333333333332,1.0,0.7868055555555556,0.11579106810650508,-0.01364778734183103
fake_rejections,0.75,1.0,max-position,7,0.183625,0.39000000000000007,0.7868055555555556,0.12360849963174547,-0.009279923016036973
fake_rejections,0.75,1.0,max-position,8,0.19591666666666668,1.0,0.7868055555555556,0.13263635181263944,-0.008940406947772206
fake_rejections,0.75,1.0,max-position,9,0.18616666666666667,1.0,0.7868055555555556,0.16296434329883014,-0.007976932722658647
fake_rejections,0.75,1.0,max-position,10,0.1796666666666667,1.0,0.7868055555555556,0.11229833693005542,-0.014174151947498603
fake_violations,0.0,1.0,max-position,1,0.5078333333333334,1.08,0.0,0.17096533623996413,-0.024847508412677466
fake_violations,0.0,1.0,max-position,2,0.44316666666666665,1.08,0.0,0.21656990887474947,-0.025027173244082213
fake_violations,0.0,1.0,max-position,3,0.46950000000000003,1.08,0.0,0.260920410483946,-0.018211716103278874
fake_violations,0.0,1.0,max-position,4,0.48283333333333334,1.08,0.0,0.24028809615696844,-0.01272159971382425
fake_violations,0.0,1.0,max-position,5,0.5191666666666667,1.08,0.0,0.2603792274472121,-0.01769795712578537
fake_violations,0.0,1.0,max-position,6,0.48333333333333334,1.08,0.0,0.23182859894868124,-0.025071824985390512
fake_violations,0.0,1.0,max-position,7,0.48550000000000004,1.08,0.0,0.22899675331975122,-0.019746962112851096
fake_violations,0.0,1.0,max-position,8,0.5118333333333334,1.08,0.0,0.22487385035892338,-0.02041662445386061
fake_violations,0.0,1.0,max-position,9,0.4895,1.08,0.0,0.3021476715768088,-0.011401579459775157
fake_violations,0.0,1.0,max-position,10,0.44554166666666667,1.08,0.008333333333333333,0.16595102627102798,-0.028499152956591667
fake_violations,0.1,1.0,max-position,1,0.5078333333333334,1.08,0.0,0.17096533623996413,-0.024847508412677466
fake_violations,0.1,1.0,max-position,2,0.44316666666666665,1.08,0.0,0.21656990887474947,-0.025027173244082213
fake_violations,0.1,1.0,max-position,3,0.46950000000000003,1.08,0.0,0.260920410483946,-0.018211716103278874
fake_violations,0.1,1.0,max-position,4,0.48283333333333334,1.08,0.0,0.24028809615696844,-0.01272159971382425
fake_violations,0.1,1.0,max-position,5,0.5191666666666667,1.08,0.0,0.2603792274472121,-0.01769795712578537
fake_violations,0.1,1.0,max-position,6,0.48333333333333334,1.08,0.0,0.23182859894868124,-0.025071824985390512
fake_violations,0.1,1.0,max-position,7,0.48550000000000004,1.08,0.0,0.22899675331975122,-0.019746962112851096
fake_violations,0.1,1.0,max-position,8,0.5118333333333334,1.08,0.0,0.22487385035892338,-0.02041662445386061
fake_violations,0.1,1.0,max-position,9,0.4895,1.08,0.0,0.3021476715768088,-0.011401579459775157
fake_violations,0.1,1.0,max-position,10,0.44554166666666667,1.08,0.008333333333333333,0.16595102627102798,-0.028499152956591667
fake_violations,0.25,1.0,max-position,1,0.2917916666666667,1.0,0.1965277777777778,0.14768230164449103,-0.019204053566060142
fake_violations,0.25,1.0,max-position,2,0.2510625,0.5850000000000001,0.1965277777777778,0.17966572150289806,-0.018548999245527997
fake_violations,0.25,1.0,max-position,3,0.26914583333333336,1.0,0.1965277777777778,0.20967688930557382,-0.01369840432437941
fake_violations,0.25,1.0,max-position,4,0.27889583333333334,1.0,0.1965277777777778,0.20563451205646643,-0.009054108631805113
fake_violations,0.25,1.0,max-position,5,0.2949375,0.5850000000000001,0.1965277777777778,0.2298334852549142,-0.01108755756767077
fake_violations,0.25,1.0,max-position,6,0.27645833333333336,1.0,0.1965277777777778,0.1809553558603123,-0.015642584351675648
fake_violations,0.25,1.0,max-position,7,0.2754375,0.5850000000000002,0.1965277777777778,0.17402653130411472,-0.013485926007690385
fake_violations,0.25,1.0,max-position,8,0.2917916666666667,1.0,0.1965277777777778,0.193336934889087,-0.012832239826685354
fake_violations,0.25,1.0,max-position,9,0.27716666666666673,1.0,0.1965277777777778,0.24378074365398406,-0.008871806211587119
fake_violations,0.25,1.0,max-position,10,0.2647083333333334,1.0,0.20486111111111113,0.16031497213566914,-0.01826155805542584
fake_violations,0.5,1.0,max-position,1,0.2598333333333333,1.0,0.39722222222222225,0.14453932223569055,-0.014036302340169393
fake_violations,0.5,1.0,max-position,2,0.22316666666666668,0.52,0.39722222222222225,0.17156273808320965,-0.017508517611164565
fake_violations,0.5,1.0,max-position,3,0.24016666666666667,1.0,0.39722222222222225,0.19894969775584914,-0.015179977718348003
fake_violations,0.5,1.0,max-position,4,0.24883333333333332,1.0,0.39722222222222225,0.18968423317531014,-0.007712198225351741
fake_violations,0.5,1.0,max-position,5,0.26216666666666666,0.52,0.39722222222222225,0.21600003878221008,-0.010919245464333982
fake_violations,0.5,1.0,max-position,6,0.24666666666666667,1.0,0.39722222222222225,0.16951503414352898,-0.01560865644451881
fake_violations,0.5,1.0,max-position,7,0.24483333333333335,0.52,0.39722222222222225,0.16204115656247065,-0.011989266851217262
fake_violations,0.5,1.0,max-position,8,0.2598333333333333,1.0,0.39722222222222225,0.17658745153814115,-0.011413087173873349
fake_violations,0.5,1.0,max-position,9,0.24683333333333335,1.0,0.39722222222222225,0.2179158494559792,-0.010355452324197545
fake_violations,0.5,1.0,max-position,10,0.23654166666666668,1.0,0.4022222222222222,0.15204669734628462,-0.017197905818168158
fake_violations,0.75,1.0,max-position,1,0.19591666666666668,1.0,0.7868055555555556,0.11524665752936647,-0.010480219080638231
fake_violations,0.75,1.0,max-position,2,0.167375,0.39000000000000007,0.7868055555555556,0.1345171626730568,-0.015220157700822412
fake_violations,0.75,1.0,max-position,3,0.18220833333333336,1.0,0.7868055555555556,0.16627486547920944,-0.012929405862339372
fake_violations,0.75,1.0,max-position,4,0.18870833333333334,1.0,0.7868055555555556,0.14654382957697942,-0.0052261396591259945
fake_violations,0.75,1.0,max-position,5,0.19662500000000002,0.39000000000000007,0.7868055555555556,0.16221373739143607,-0.0084579406261861
fake_violations,0.75,1.0,max-position,6,0.18708333333333332,1.0,0.7868055555555556,0.11579106810650508,-0.01364778734183103
fake_violations,0.75,1.0,max-position,7,0.183625,0.39000000000000007,0.7868055555555556,0.12360849963174547,-0.009279923016036973
fake_violations,0.75,1.0,max-position,8,0.19591666666666668,1.0,0.7868055555555556,0.13263635181263944,-0.008940406947772206
fake_violations,0.75,1.0,max-position,9,0.18616666666666667,1.0,0.7868055555555556,0.16296434329883014,-0.007976932722658647
fake_violations,0.75,1.0,max-position,10,0.1796666666666667,1.0,0.7868055555555556,0.11229833693005542,-0.014174151947498603
missing_equity,0.0,1.0,max-position,1,0.5078333333333334,1.08,0.0,0.17096533623996413,-0.024847508412677466
missing_equity,0.0,1.0,max-position,2,0.44316666666666665,1.08,0.0,0.21656990887474947,-0.025027173244082213
missing_equity,0.0,1.0,max-position,3,0.46950000000000003,1.08,0.0,0.260920410483946,-0.018211716103278874
missing_equity,0.0,1.0,max-position,4,0.48283333333333334,1.08,0.0,0.24028809615696844,-0.01272159971382425
missing_equity,0.0,1.0,max-position,5,0.5191666666666667,1.08,0.0,0.2603792274472121,-0.01769795712578537
missing_equity,0.0,1.0,max-position,6,0.48333333333333334,1.08,0.0,0.23182859894868124,-0.025071824985390512
missing_equity,0.0,1.0,max-position,7,0.48550000000000004,1.08,0.0,0.22899675331975122,-0.019746962112851096
missing_equity,0.0,1.0,max-position,8,0.5118333333333334,1.08,0.0,0.22487385035892338,-0.02041662445386061
missing_equity,0.0,1.0,max-position,9,0.4895,1.08,0.0,0.3021476715768088,-0.011401579459775157
missing_equity,0.0,1.0,max-position,10,0.44554166666666667,1.08,0.008333333333333333,0.16595102627102798,-0.028499152956591667
missing_equity,0.1,1.0,max-position,1,0.5078333333333334,1.08,0.0,0.17096533623996413,-0.024847508412677466
missing_equity,0.1,1.0,max-position,2,0.44316666666666665,1.08,0.0,0.21656990887474947,-0.025027173244082213
missing_equity,0.1,1.0,max-position,3,0.46950000000000003,1.08,0.0,0.260920410483946,-0.018211716103278874
missing_equity,0.1,1.0,max-position,4,0.48283333333333334,1.08,0.0,0.24028809615696844,-0.01272159971382425
missing_equity,0.1,1.0,max-position,5,0.5191666666666667,1.08,0.0,0.2603792274472121,-0.01769795712578537
missing_equity,0.1,1.0,max-position,6,0.48333333333333334,1.08,0.0,0.23182859894868124,-0.025071824985390512
missing_equity,0.1,1.0,max-position,7,0.48550000000000004,1.08,0.0,0.22899675331975122,-0.019746962112851096
missing_equity,0.1,1.0,max-position,8,0.5118333333333334,1.08,0.0,0.22487385035892338,-0.02041662445386061
missing_equity,0.1,1.0,max-position,9,0.4895,1.08,0.0,0.3021476715768088,-0.011401579459775157
missing_equity,0.1,1.0,max-position,10,0.44554166666666667,1.08,0.008333333333333333,0.16595102627102798,-0.028499152956591667
missing_equity,0.25,1.0,max-position,1,0.47126666666666667,1.064,0.1965277777777778,0.17289633517517844,-0.021922612946028597
missing_equity,0.25,1.0,max-position,2,0.4122166666666667,1.064,0.1965277777777778,0.20796525078282802,-0.026336257261487472
missing_equity,0.25,1.0,max-position,3,0.43828333333333336,1.0640000000000003,0.1965277777777778,0.2555682735441409,-0.016909742093615288
missing_equity,0.25,1.0,max-position,4,0.44781666666666664,1.064,0.1965277777777778,0.23656651552711594,-0.011828303383892513
missing_equity,0.25,1.0,max-position,5,0.48176666666666673,1.064,0.1965277777777778,0.25533088696458317,-0.017085896170804915
missing_equity,0.25,1.0,max-position,6,0.45431666666666665,1.064,0.1965277777777778,0.2237521286244064,-0.028050943664841843
missing_equity,0.25,1.0,max-position,7,0.45245,1.064,0.1965277777777778,0.22232620355675237,-0.018202026008430905
missing_equity,0.25,1.0,max-position,8,0.4753666666666667,1.064,0.1965277777777778,0.21569282128542633,-0.018782904034438053
missing_equity,0.25,1.0,max-position,9,0.4590166666666667,1.064,0.1965277777777778,0.29726046026153896,-0.011883711607374114
missing_equity,0.25,1.0,max-position,10,0.4083666666666667,1.064,0.20486111111111113,0.16025976979041356,-0.026220480529557277
missing_equity,0.5,1.0,max-position,1,0.43056666666666665,1.048,0.39722222222222225,0.1729451968203637,-0.019104564388772727
missing_equity,0.5,1.0,max-position,2,0.3764,1.048,0.39722222222222225,0.2018790442946088,-0.019163330150825164
missing_equity,0.5,1.0,max-position,3,0.4001333333333334,1.048,0.39722222222222225,0.23914576947748678,-0.015234243184827134
missing_equity,0.5,1.0,max-position,4,0.4052,1.048,0.39722222222222225,0.23383291313478516,-0.009906256683891557
missing_equity,0.5,1.0,max-position,5,0.4436333333333334,1.048,0.39722222222222225,0.2458799763301065,-0.02183333686818023
missing_equity,0.5,1.0,max-position,6,0.4111666666666667,1.048,0.39722222222222225,0.2143386022709146,-0.02139870842502689
missing_equity,0.5,1.0,max-position,7,0.4159333333333333,1.048,0.39722222222222225,0.20898672849130207,-0.018258124022882294
missing_equity,0.5,1.0,max-position,8,0.43056666666666665,1.048,0.39722222222222225,0.20674853387543557,-0.017621704598883348
missing_equity,0.5,1.0,max-position,9,0.4219333333333334,1.048,0.39722222222222225,0.2846690488765742,-0.011433951901724693
missing_equity,0.5,1.0,max-position,10,0.3736083333333334,1.048,0.4022222222222222,0.15627553238491454,-0.02320082440274629
missing_equity,0.75,1.0,max-position,1,0.29916666666666664,1.0,0.7868055555555556,0.14638004039104247,-0.020843798304280514
missing_equity,0.75,1.0,max-position,2,0.2575,0.6,0.7868055555555556,0.1802847788588935,-0.01942357571291975
missing_equity,0.75,1.0,max-position,3,0.2758333333333333,1.0,0.7868055555555556,0.21129035178276134,-0.013627757992269673
missing_equity,0.75,1.0,max-position,4,0.28583333333333333,1.0,0.7868055555555556,0.20702859294791476,-0.009750975698685216
missing_equity,0.75,1.0,max-position,5,0.3025,0.6,0.7868055555555556,0.23320801800935342,-0.011652500050593928
missing_equity,0.75,1.0,max-position,6,0.2833333333333333,1.0,0.7868055555555556,0.18438675170577068,-0.016041805464892644
missing_equity,0.75,1.0,max-position,7,0.2825,0.6,0.7868055555555556,0.1765831309938788,-0.013831246926555685
missing_equity,0.75,1.0,max-position,8,0.29916666666666664,1.0,0.7868055555555556,0.19605944936697495,-0.013159494697760232
missing_equity,0.75,1.0,max-position,9,0.2841666666666667,1.0,0.7868055555555556,0.24678949281096751,-0.009031270653323764
missing_equity,0.75,1.0,max-position,10,0.26541666666666663,1.0,0.7868055555555556,0.1626606127511998,-0.016086282524264695
loss_streak,0.0,1.0,max-position,1,0.5078333333333334,1.08,0.0,0.17096533623996413,-0.024847508412677466
loss_streak,0.0,1.0,max-position,2,0.44316666666666665,1.08,0.0,0.21656990887474947,-0.025027173244082213
loss_streak,0.0,1.0,max-position,3,0.46950000000000003,1.08,0.0,0.260920410483946,-0.018211716103278874
loss_streak,0.0,1.0,max-position,4,0.48283333333333334,1.08,0.0,0.24028809615696844,-0.01272159971382425
loss_streak,0.0,1.0,max-position,5,0.5191666666666667,1.08,0.0,0.2603792274472121,-0.01769795712578537
loss_streak,0.0,1.0,max-position,6,0.48333333333333334,1.08,0.0,0.23182859894868124,-0.025071824985390512
loss_streak,0.0,1.0,max-position,7,0.48550000000000004,1.08,0.0,0.22899675331975122,-0.019746962112851096
loss_streak,0.0,1.0,max-position,8,0.5118333333333334,1.08,0.0,0.22487385035892338,-0.02041662445386061
loss_streak,0.0,1.0,max-position,9,0.4895,1.08,0.0,0.3021476715768088,-0.011401579459775157
loss_streak,0.0,1.0,max-position,10,0.44554166666666667,1.08,0.008333333333333333,0.16595102627102798,-0.028499152956591667
loss_streak,1.0,1.0,max-position,1,0.32375000000000004,1.0,0.0,0.1441824009643795,-0.02286243436014901
loss_streak,1.0,1.0,max-position,2,0.27895833333333336,0.6500000000000001,0.0,0.18300896434599,-0.02145829740067484
loss_streak,1.0,1.0,max-position,3,0.298125,1.0,0.0,0.21625013311364172,-0.013748069416759656
loss_streak,1.0,1.0,max-position,4,0.30895833333333333,1.0,0.0,0.210830692088662,-0.010316593079659486
loss_streak,1.0,1.0,max-position,5,0.3277083333333334,0.6500000000000001,0.0,0.23928643242097425,-0.014406642275753612
loss_streak,1.0,1.0,max-position,6,0.30625,1.0,0.0,0.19464110283236224,-0.01708955327900885
loss_streak,1.0,1.0,max-position,7,0.30604166666666666,0.6500000000000001,0.0,0.18446119829948682,-0.014982146391749884
loss_streak,1.0,1.0,max-position,8,0.32375000000000004,1.0,0.0,0.20107331231220593,-0.014249655824773888
loss_streak,1.0,1.0,max-position,9,0.3075,1.0,0.0,0.254224636580171,-0.009316313864938919
loss_streak,1.0,1.0,max-position,10,0.2939583333333333,1.0,0.008333333333333333,0.16386850291780575,-0.01870271726983308
loss_streak,3.0,1.0,max-position,1,0.32375000000000004,1.0,0.0,0.1441824009643795,-0.02286243436014901
loss_streak,3.0,1.0,max-position,2,0.27895833333333336,0.6500000000000001,0.0,0.18300896434599,-0.02145829740067484
loss_streak,3.0,1.0,max-position,3,0.298125,1.0,0.0,0.21625013311364172,-0.013748069416759656
loss_streak,3.0,1.0,max-position,4,0.30895833333333333,1.0,0.0,0.210830692088662,-0.010316593079659486
loss_streak,3.0,1.0,max-position,5,0.3277083333333334,0.6500000000000001,0.0,0.23928643242097425,-0.014406642275753612
loss_streak,3.0,1.0,max-position,6,0.30625,1.0,0.0,0.19464110283236224,-0.01708955327900885
loss_streak,3.0,1.0,max-position,7,0.30604166666666666,0.6500000000000001,0.0,0.18446119829948682,-0.014982146391749884
loss_streak,3.0,1.0,max-position,8,0.32375000000000004,1.0,0.0,0.20107331231220593,-0.014249655824773888
loss_streak,3.0,1.0,max-position,9,0.3075,1.0,0.0,0.254224636580171,-0.009316313864938919
loss_streak,3.0,1.0,max-position,10,0.2939583333333333,1.0,0.008333333333333333,0.16386850291780575,-0.01870271726983308
loss_streak,5.0,1.0,max-position,1,0.32375000000000004,1.0,0.0,0.1441824009643795,-0.02286243436014901
loss_streak,5.0,1.0,max-position,2,0.27895833333333336,0.6500000000000001,0.0,0.18300896434599,-0.02145829740067484
loss_streak,5.0,1.0,max-position,3,0.298125,1.0,0.0,0.21625013311364172,-0.013748069416759656
loss_streak,5.0,1.0,max-position,4,0.30895833333333333,1.0,0.0,0.210830692088662,-0.010316593079659486
loss_streak,5.0,1.0,max-position,5,0.3277083333333334,0.6500000000000001,0.0,0.23928643242097425,-0.014406642275753612
loss_streak,5.0,1.0,max-position,6,0.30625,1.0,0.0,0.19464110283236224,-0.01708955327900885
loss_streak,5.0,1.0,max-position,7,0.30604166666666666,0.6500000000000001,0.0,0.18446119829948682,-0.014982146391749884
loss_streak,5.0,1.0,max-position,8,0.32375000000000004,1.0,0.0,0.20107331231220593,-0.014249655824773888
loss_streak,5.0,1.0,max-position,9,0.3075,1.0,0.0,0.254224636580171,-0.009316313864938919
loss_streak,5.0,1.0,max-position,10,0.2939583333333333,1.0,0.008333333333333333,0.16386850291780575,-0.01870271726983308
fake_rejections,0.0,1.0,none,1,0.5078333333333334,1.08,0.0,0.24975293654439845,-0.02449050067879277
fake_rejections,0.0,1.0,none,2,0.44383333333333336,1.08,0.0,0.3086577986870578,-0.03304324190112573
fake_rejections,0.0,1.0,none,3,0.460625,1.08,0.0,0.34630079048519713,-0.023076321793892962
fake_rejections,0.0,1.0,none,4,0.48516666666666663,1.08,0.0,0.34263010112652403,-0.012068395324550507
fake_rejections,0.0,1.0,none,5,0.5215,1.08,0.0,0.3646668375346851,-0.024029602249289184
fake_rejections,0.0,1.0,none,6,0.4784166666666667,1.08,0.0,0.25489127081855645,-0.0358274602862676
fake_rejections,0.0,1.0,none,7,0.4875,1.08,0.0,0.31451525027532945,-0.038511135526077656
fake_rejections,0.0,1.0,none,8,0.5148333333333334,1.08,0.0,0.32749663386992256,-0.019535566185919118
fake_rejections,0.0,1.0,none,9,0.48512500000000003,1.08,0.0,0.3881756205095961,-0.020681993685259692
fake_rejections,0.0,1.0,none,10,0.46549999999999997,1.08,0.0,0.27010771716766135,-0.03134185684403512
fake_rejections,0.1,1.0,none,1,0.5078333333333334,1.08,0.0,0.24975293654439845,-0.02449050067879277
fake_rejections,0.1,1.0,none,2,0.44383333333333336,1.08,0.0,0.3086577986870578,-0.03304324190112573
fake_rejections,0.1,1.0,none,3,0.460625,1.08,0.0,0.34630079048519713,-0.023076321793892962
fake_rejections,0.1,1.0,none,4,0.48516666666666663,1.08,0.0,0.34263010112652403,-0.012068395324550507
fake_rejections,0.1,1.0,none,5,0.5215,1.08,0.0,0.3646668375346851,-0.024029602249289184
fake_rejections,0.1,1.0,none,6,0.4784166666666667,1.08,0.0,0.25489127081855645,-0.0358274602862676
fake_rejections,0.1,1.0,none,7,0.4875,1.08,0.0,0.31451525027532945,-0.038511135526077656
fake_rejections,0.1,1.0,none,8,0.5148333333333334,1.08,0.0,0.32749663386992256,-0.019535566185919118
fake_rejections,0.1,1.0,none,9,0.48512500000000003,1.08,0.0,0.3881756205095961,-0.020681993685259692
fake_rejections,0.1,1.0,none,10,0.46549999999999997,1.08,0.0,0.27010771716766135,-0.03134185684403512
fake_rejections,0.25,1.0,none,1,0.44666666666666666,1.0,0.1965277777777778,0.24598109547957425,-0.02313775695936171
fake_rejections,0.25,1.0,none,2,0.38625000000000004,0.9000000000000001,0.1965277777777778,0.2953404621129003,-0.028832840198411702
fake_rejections,0.25,1.0,none,3,0.4030208333333334,1.0,0.1965277777777778,0.31280169599567986,-0.023500966942830215
fake_rejections,0.25,1.0,none,4,0.42458333333333337,1.0,0.1965277777777778,0.345204774793467,-0.01360288376862051
fake_rejections,0.25,1.0,none,5,0.45375000000000004,0.9000000000000001,0.1965277777777778,0.34370620890144754,-0.01843406438550066
fake_rejections,0.25,1.0,none,6,0.42083333333333334,1.0,0.1965277777777778,0.2634821745850362,-0.026607476348359027
fake_rejections,0.25,1.0,none,7,0.42375,0.9000000000000001,0.1965277777777778,0.28197328316304304,-0.03776625970022551
fake_rejections,0.25,1.0,none,8,0.44666666666666666,1.0,0.1965277777777778,0.3008775991525878,-0.020186578297153757
fake_rejections,0.25,1.0,none,9,0.42285416666666664,1.0,0.1965277777777778,0.3508608657734358,-0.01705147749233027
fake_rejections,0.25,1.0,none,10,0.4065416666666667,1.0,0.1965277777777778,0.26538624379742104,-0.028313062587781657
fake_rejections,0.5,1.0,none,1,0.3975,1.0,0.39722222222222225,0.22975390349429303,-0.021185207360338243
fake_rejections,0.5,1.0,none,2,0.3433333333333334,0.8000000000000002,0.39722222222222225,0.28344876282264386,-0.025923733738307808
fake_rejections,0.5,1.0,none,3,0.36150000000000004,1.0,0.39722222222222225,0.2963129750867408,-0.02227775118502462
fake_rejections,0.5,1.0,none,4,0.37833333333333335,1.0,0.39722222222222225,0.3001602323353636,-0.02107129690325482
fake_rejections,0.5,1.0,none,5,0.4033333333333334,0.8000000000000002,0.39722222222222225,0.32097644528771974,-0.01665156961965608
fake_rejections,0.5,1.0,none,6,0.375,1.0,0.39722222222222225,0.2531292000324936,-0.02354358271018331
fake_rejections,0.5,1.0,none,7,0.3766666666666667,0.8000000000000002,0.39722222222222225,0.24703458067709905,-0.03211038718948811
fake_rejections,0.5,1.0,none,8,0.3975,1.0,0.39722222222222225,0.2837809702188907,-0.017517612579889597
fake_rejections,0.5,1.0,none,9,0.37750000000000006,1.0,0.39722222222222225,0.32662313254664066,-0.013851249296488843
fake_rejections,0.5,1.0,none,10,0.36183333333333334,1.0,0.39722222222222225,0.26389130029882835,-0.02590116217569738
fake_rejections,0.75,1.0,none,1,0.19591666666666668,1.0,0.7868055555555556,0.11398491770836672,-0.010480200358177205
fake_rejections,0.75,1.0,none,2,0.167375,0.39000000000000007,0.7868055555555556,0.1345171626730568,-0.015220157700822412
fake_rejections,0.75,1.0,none,3,0.18220833333333336,1.0,0.7868055555555556,0.1754955068790578,-0.012929621496498012
fake_rejections,0.75,1.0,none,4,0.18870833333333334,1.0,0.7868055555555556,0.15308866866559923,-0.00522622691982233
fake_rejections,0.75,1.0,none,5,0.19662500000000002,0.39000000000000007,0.7868055555555556,0.16221373739143607,-0.0084579406261861
fake_rejections,0.75,1.0,none,6,0.18708333333333332,1.0,0.7868055555555556,0.11215120478357554,-0.013647763105771205
fake_rejections,0.75,1.0,none,7,0.183625,0.39000000000000007,0.7868055555555556,0.12360849963174547,-0.009279923016036973
fake_rejections,0.75,1.0,none,8,0.19591666666666668,1.0,0.7868055555555556,0.14063623671867487,-0.00894046026142048
fake_rejections,0.75,1.0,none,9,0.18616666666666667,1.0,0.7868055555555556,0.15429876017972455,-0.013753528084179178
fake_rejections,0.75,1.0,none,10,0.1796666666666667,1.0,0.7868055555555556,0.11237815875800528,-0.014174154040538345
fake_violations,0.0,1.0,none,1,0.5078333333333334,1.08,0.0,0.24975293654439845,-0.02449050067879277
fake_violations,0.0,1.0,none,2,0.44383333333333336,1.08,0.0,0.3086577986870578,-0.03304324190112573
fake_violations,0.0,1.0,none,3,0.460625,1.08,0.0,0.34630079048519713,-0.023076321793892962
fake_violations,0.0,1.0,none,4,0.48516666666666663,1.08,0.0,0.34263010112652403,-0.012068395324550507
fake_violations,0.0,1.0,none,5,0.5215,1.08,0.0,0.3646668375346851,-0.024029602249289184
fake_violations,0.0,1.0,none,6,0.4784166666666667,1.08,0.0,0.25489127081855645,-0.0358274602862676
fake_violations,0.0,1.0,none,7,0.4875,1.08,0.0,0.31451525027532945,-0.038511135526077656
fake_violations,0.0,1.0,none,8,0.5148333333333334,1.08,0.0,0.32749663386992256,-0.019535566185919118
fake_violations,0.0,1.0,none,9,0.48512500000000003,1.08,0.0,0.3881756205095961,-0.020681993685259692
fake_violations,0.0,1.0,none,10,0.46549999999999997,1.08,0.0,0.27010771716766135,-0.03134185684403512
fake_violations,0.1,1.0,none,1,0.5078333333333334,1.08,0.0,0.24975293654439845,-0.02449050067879277
fake_violations,0.1,1.0,none,2,0.44383333333333336,1.08,0.0,0.3086577986870578,-0.03304324190112573
fake_violations,0.1,1.0,none,3,0.460625,1.08,0.0,0.34630079048519713,-0.023076321793892962
fake_violations,0.1,1.0,none,4,0.48516666666666663,1.08,0.0,0.34263010112652403,-0.012068395324550507
fake_violations,0.1,1.0,none,5,0.5215,1.08,0.0,0.3646668375346851,-0.024029602249289184
fake_violations,0.1,1.0,none,6,0.4784166666666667,1.08,0.0,0.25489127081855645,-0.0358274602862676
fake_violations,0.1,1.0,none,7,0.4875,1.08,0.0,0.31451525027532945,-0.038511135526077656
fake_violations,0.1,1.0,none,8,0.5148333333333334,1.08,0.0,0.32749663386992256,-0.019535566185919118
fake_violations,0.1,1.0,none,9,0.48512500000000003,1.08,0.0,0.3881756205095961,-0.020681993685259692
fake_violations,0.1,1.0,none,10,0.46549999999999997,1.08,0.0,0.27010771716766135,-0.03134185684403512
fake_violations,0.25,1.0,none,1,0.2917916666666667,1.0,0.1965277777777778,0.16212180285232858,-0.021642289260110914
fake_violations,0.25,1.0,none,2,0.2510625,0.5850000000000001,0.1965277777777778,0.22403573924472497,-0.018540410560292653
fake_violations,0.25,1.0,none,3,0.26914583333333336,1.0,0.1965277777777778,0.23289231183387415,-0.017726802799246655
fake_violations,0.25,1.0,none,4,0.27889583333333334,1.0,0.1965277777777778,0.23494539404132952,-0.009112504867431537
fake_violations,0.25,1.0,none,5,0.2949375,0.5850000000000001,0.1965277777777778,0.2504947904363466,-0.013031517665215375
fake_violations,0.25,1.0,none,6,0.27645833333333336,1.0,0.1965277777777778,0.2040357909320336,-0.021044568074520265
fake_violations,0.25,1.0,none,7,0.2754375,0.5850000000000002,0.1965277777777778,0.18142577397327764,-0.020981485385614174
fake_violations,0.25,1.0,none,8,0.2917916666666667,1.0,0.1965277777777778,0.2086954809841408,-0.014122343175747898
fake_violations,0.25,1.0,none,9,0.27716666666666673,1.0,0.1965277777777778,0.24706259960543675,-0.013799972850863984
fake_violations,0.25,1.0,none,10,0.2674166666666667,1.0,0.1965277777777778,0.18841317003151326,-0.01950890813650552
fake_violations,0.5,1.0,none,1,0.2598333333333333,1.0,0.39722222222222225,0.14542495970477987,-0.01757875112240692
fake_violations,0.5,1.0,none,2,0.22316666666666668,0.52,0.39722222222222225,0.19026993003156378,-0.017787053931342722
fake_violations,0.5,1.0,none,3,0.24016666666666667,1.0,0.39722222222222225,0.21357003436225197,-0.01704239873578761
fake_violations,0.5,1.0,none,4,0.24883333333333332,1.0,0.39722222222222225,0.2075384458297851,-0.007154028966301129
fake_violations,0.5,1.0,none,5,0.26216666666666666,0.52,0.39722222222222225,0.22168692304120885,-0.011267039883872343
fake_violations,0.5,1.0,none,6,0.24666666666666667,1.0,0.39722222222222225,0.1759262827798167,-0.018984127855251498
fake_violations,0.5,1.0,none,7,0.24483333333333335,0.52,0.39722222222222225,0.1678618698414691,-0.012586360416441567
fake_violations,0.5,1.0,none,8,0.2598333333333333,1.0,0.39722222222222225,0.18371965915427824,-0.01254658006624454
fake_violations,0.5,1.0,none,9,0.24683333333333335,1.0,0.39722222222222225,0.2112905357900734,-0.013784484732690339
fake_violations,0.5,1.0,none,10,0.2381666666666667,1.0,0.39722222222222225,0.1616487286931063,-0.016523963085838256
fake_violations,0.75,1.0,none,1,0.19591666666666668,1.0,0.7868055555555556,0.11398491770836672,-0.010480200358177205
fake_violations,0.75,1.0,none,2,0.167375,0.39000000000000007,0.7868055555555556,0.1345171626730568,-0.015220157700822412
fake_violations,0.75,1.0,none,3,0.18220833333333336,1.0,0.7868055555555556,0.1754955068790578,-0.012929621496498012
fake_violations,0.75,1.0,none,4,0.18870833333333334,1.0,0.7868055555555556,0.15308866866559923,-0.00522622691982233
fake_violations,0.75,1.0,none,5,0.19662500000000002,0.39000000000000007,0.7868055555555556,0.16221373739143607,-0.0084579406261861
fake_violations,0.75,1.0,none,6,0.18708333333333332,1.0,0.7868055555555556,0.11215120478357554,-0.013647763105771205
fake_violations,0.75,1.0,none,7,0.183625,0.39000000000000007,0.7868055555555556,0.12360849963174547,-0.009279923016036973
fake_violations,0.75,1.0,none,8,0.19591666666666668,1.0,0.7868055555555556,0.14063623671867487,-0.00894046026142048
fake_violations,0.75,1.0,none,9,0.18616666666666667,1.0,0.7868055555555556,0.15429876017972455,-0.013753528084179178
fake_violations,0.75,1.0,none,10,0.1796666666666667,1.0,0.7868055555555556,0.11237815875800528,-0.014174154040538345
missing_equity,0.0,1.0,none,1,0.5078333333333334,1.08,0.0,0.24975293654439845,-0.02449050067879277
missing_equity,0.0,1.0,none,2,0.44383333333333336,1.08,0.0,0.3086577986870578,-0.03304324190112573
missing_equity,0.0,1.0,none,3,0.460625,1.08,0.0,0.34630079048519713,-0.023076321793892962
missing_equity,0.0,1.0,none,4,0.48516666666666663,1.08,0.0,0.34263010112652403,-0.012068395324550507
missing_equity,0.0,1.0,none,5,0.5215,1.08,0.0,0.3646668375346851,-0.024029602249289184
missing_equity,0.0,1.0,none,6,0.4784166666666667,1.08,0.0,0.25489127081855645,-0.0358274602862676
missing_equity,0.0,1.0,none,7,0.4875,1.08,0.0,0.31451525027532945,-0.038511135526077656
missing_equity,0.0,1.0,none,8,0.5148333333333334,1.08,0.0,0.32749663386992256,-0.019535566185919118
missing_equity,0.0,1.0,none,9,0.48512500000000003,1.08,0.0,0.3881756205095961,-0.020681993685259692
missing_equity,0.0,1.0,none,10,0.46549999999999997,1.08,0.0,0.27010771716766135,-0.03134185684403512
missing_equity,0.1,1.0,none,1,0.5078333333333334,1.08,0.0,0.24975293654439845,-0.02449050067879277
missing_equity,0.1,1.0,none,2,0.44383333333333336,1.08,0.0,0.3086577986870578,-0.03304324190112573
missing_equity,0.1,1.0,none,3,0.460625,1.08,0.0,0.34630079048519713,-0.023076321793892962
missing_equity,0.1,1.0,none,4,0.48516666666666663,1.08,0.0,0.34263010112652403,-0.012068395324550507
missing_equity,0.1,1.0,none,5,0.5215,1.08,0.0,0.3646668375346851,-0.024029602249289184
missing_equity,0.1,1.0,none,6,0.4784166666666667,1.08,0.0,0.25489127081855645,-0.0358274602862676
missing_equity,0.1,1.0,none,7,0.4875,1.08,0.0,0.31451525027532945,-0.038511135526077656
missing_equity,0.1,1.0,none,8,0.5148333333333334,1.08,0.0,0.32749663386992256,-0.019535566185919118
missing_equity,0.1,1.0,none,9,0.48512500000000003,1.08,0.0,0.3881756205095961,-0.020681993685259692
missing_equity,0.1,1.0,none,10,0.46549999999999997,1.08,0.0,0.27010771716766135,-0.03134185684403512
missing_equity,0.25,1.0,none,1,0.47263333333333335,1.064,0.1965277777777778,0.2539050728024643,-0.020221869390788627
missing_equity,0.25,1.0,none,2,0.4122166666666667,1.064,0.1965277777777778,0.301191152468576,-0.030079290778562195
missing_equity,0.25,1.0,none,3,0.4331416666666667,1.0640000000000003,0.1965277777777778,0.331605992783365,-0.023120697504056986
missing_equity,0.25,1.0,none,4,0.45260000000000006,1.064,0.1965277777777778,0.3374215194367347,-0.011322428551874597
missing_equity,0.25,1.0,none,5,0.48655000000000004,1.064,0.1965277777777778,0.35249485645255296,-0.02054142587563612
missing_equity,0.25,1.0,none,6,0.4502166666666667,1.064,0.1965277777777778,0.25198146683984546,-0.03347065057952314
missing_equity,0.25,1.0,none,7,0.4579166666666667,1.064,0.1965277777777778,0.31053318406483954,-0.03802261041031463
missing_equity,0.25,1.0,none,8,0.4815166666666667,1.064,0.1965277777777778,0.32119389119763997,-0.019734951770243758
missing_equity,0.25,1.0,none,9,0.4578125,1.064,0.1965277777777778,0.3744796014651144,-0.019108764701117775
missing_equity,0.25,1.0,none,10,0.4296666666666667,1.064,0.1965277777777778,0.2635278020397611,-0.03100873241028379
missing_equity,0.5,1.0,none,1,0.4367666666666667,1.048,0.39722222222222225,0.25596646113314914,-0.016511974438023658
missing_equity,0.5,1.0,none,2,0.38053333333333333,1.048,0.39722222222222225,0.2982935995885896,-0.024156267314878188
missing_equity,0.5,1.0,none,3,0.39313333333333333,1.048,0.39722222222222225,0.3163028703129793,-0.021945791392514735
missing_equity,0.5,1.0,none,4,0.41036666666666666,1.048,0.39722222222222225,0.3232566486084316,-0.014141176181576065
missing_equity,0.5,1.0,none,5,0.44156666666666666,1.048,0.39722222222222225,0.3365683275802829,-0.018417448198850828
missing_equity,0.5,1.0,none,6,0.41426666666666667,1.048,0.39722222222222225,0.23130188295460763,-0.03174428903665438
missing_equity,0.5,1.0,none,7,0.4242,1.048,0.39722222222222225,0.30636558084020016,-0.03475548959428465
missing_equity,0.5,1.0,none,8,0.4409,1.048,0.39722222222222225,0.31688508698251105,-0.018100599823279828
missing_equity,0.5,1.0,none,9,0.4302,1.048,0.39722222222222225,0.34657888349083654,-0.01770558790875265
missing_equity,0.5,1.0,none,10,0.39516666666666667,1.048,0.39722222222222225,0.2622795503533293,-0.02898029543607883
missing_equity,0.75,1.0,none,1,0.29916666666666664,1.0,0.7868055555555556,0.1647282774715464,-0.023586817466496712
missing_equity,0.75,1.0,none,2,0.2575,0.6,0.7868055555555556,0.2307935531881231,-0.019017511310481572
missing_equity,0.75,1.0,none,3,0.2758333333333333,1.0,0.7868055555555556,0.23823572437196416,-0.017543813768366112
missing_equity,0.75,1.0,none,4,0.28583333333333333,1.0,0.7868055555555556,0.2402244099253792,-0.00935200454048879
missing_equity,0.75,1.0,none,5,0.3025,0.6,0.7868055555555556,0.2567035615083453,-0.013517658419417322
missing_equity,0.75,1.0,none,6,0.2833333333333333,1.0,0.7868055555555556,0.20921048966280442,-0.02149908925340005
missing_equity,0.75,1.0,none,7,0.2825,0.6,0.7868055555555556,0.18417783608352778,-0.02299470167272266
missing_equity,0.75,1.0,none,8,0.29916666666666664,1.0,0.7868055555555556,0.2143442260141617,-0.014015161412331612
missing_equity,0.75,1.0,none,9,0.2841666666666667,1.0,0.7868055555555556,0.2530750021203074,-0.013803547959215678
missing_equity,0.75,1.0,none,10,0.27416666666666667,1.0,0.7868055555555556,0.19409550656530938,-0.020237563039556483
loss_streak,0.0,1.0,none,1,0.5078333333333334,1.08,0.0,0.24975293654439845,-0.02449050067879277
loss_streak,0.0,1.0,none,2,0.44383333333333336,1.08,0.0,0.3086577986870578,-0.03304324190112573
loss_streak,0.0,1.0,none,3,0.460625,1.08,0.0,0.34630079048519713,-0.023076321793892962
loss_streak,0.0,1.0,none,4,0.48516666666666663,1.08,0.0,0.34263010112652403,-0.012068395324550507
loss_streak,0.0,1.0,none,5,0.5215,1.08,0.0,0.3646668375346851,-0.024029602249289184
loss_streak,0.0,1.0,none,6,0.4784166666666667,1.08,0.0,0.25489127081855645,-0.0358274602862676
loss_streak,0.0,1.0,none,7,0.4875,1.08,0.0,0.31451525027532945,-0.038511135526077656
loss_streak,0.0,1.0,none,8,0.5148333333333334,1.08,0.0,0.32749663386992256,-0.019535566185919118
loss_streak,0.0,1.0,none,9,0.48512500000000003,1.08,0.0,0.3881756205095961,-0.020681993685259692
loss_streak,0.0,1.0,none,10,0.46549999999999997,1.08,0.0,0.27010771716766135,-0.03134185684403512
loss_streak,1.0,1.0,none,1,0.32375000000000004,1.0,0.0,0.17611299134494418,-0.02747946431317827
loss_streak,1.0,1.0,none,2,0.27895833333333336,0.6500000000000001,0.0,0.2511362157608983,-0.017517931283610122
loss_streak,1.0,1.0,none,3,0.298125,1.0,0.0,0.2651586750977124,-0.014032870451943125
loss_streak,1.0,1.0,none,4,0.30895833333333333,1.0,0.0,0.2647664452791558,-0.010755652340457611
loss_streak,1.0,1.0,none,5,0.3277083333333334,0.6500000000000001,0.0,0.2806025481707781,-0.014106285052018719
loss_streak,1.0,1.0,none,6,0.30625,1.0,0.0,0.23516999639608405,-0.019516505254399963
loss_streak,1.0,1.0,none,7,0.30604166666666666,0.6500000000000001,0.0,0.20137641460098865,-0.025744826552947964
loss_streak,1.0,1.0,none,8,0.32375000000000004,1.0,0.0,0.22786805117602538,-0.014250161156606822
loss_streak,1.0,1.0,none,9,0.3075,1.0,0.0,0.2661493532874353,-0.01407040484410127
loss_streak,1.0,1.0,none,10,0.2966666666666667,1.0,0.0,0.21197630375033705,-0.02178100725209864
loss_streak,3.0,1.0,none,1,0.32375000000000004,1.0,0.0,0.17611299134494418,-0.02747946431317827
loss_streak,3.0,1.0,none,2,0.27895833333333336,0.6500000000000001,0.0,0.2511362157608983,-0.017517931283610122
loss_streak,3.0,1.0,none,3,0.298125,1.0,0.0,0.2651586750977124,-0.014032870451943125
loss_streak,3.0,1.0,none,4,0.30895833333333333,1.0,0.0,0.2647664452791558,-0.010755652340457611
loss_streak,3.0,1.0,none,5,0.3277083333333334,0.6500000000000001,0.0,0.2806025481707781,-0.014106285052018719
loss_streak,3.0,1.0,none,6,0.30625,1.0,0.0,0.23516999639608405,-0.019516505254399963
loss_streak,3.0,1.0,none,7,0.30604166666666666,0.6500000000000001,0.0,0.20137641460098865,-0.025744826552947964
loss_streak,3.0,1.0,none,8,0.32375000000000004,1.0,0.0,0.22786805117602538,-0.014250161156606822
loss_streak,3.0,1.0,none,9,0.3075,1.0,0.0,0.2661493532874353,-0.01407040484410127
loss_streak,3.0,1.0,none,10,0.2966666666666667,1.0,0.0,0.21197630375033705,-0.02178100725209864
loss_streak,5.0,1.0,none,1,0.32375000000000004,1.0,0.0,0.17611299134494418,-0.02747946431317827
loss_streak,5.0,1.0,none,2,0.27895833333333336,0.6500000000000001,0.0,0.2511362157608983,-0.017517931283610122
loss_streak,5.0,1.0,none,3,0.298125,1.0,0.0,0.2651586750977124,-0.014032870451943125
loss_streak,5.0,1.0,none,4,0.30895833333333333,1.0,0.0,0.2647664452791558,-0.010755652340457611
loss_streak,5.0,1.0,none,5,0.3277083333333334,0.6500000000000001,0.0,0.2806025481707781,-0.014106285052018719
loss_streak,5.0,1.0,none,6,0.30625,1.0,0.0,0.23516999639608405,-0.019516505254399963
loss_streak,5.0,1.0,none,7,0.30604166666666666,0.6500000000000001,0.0,0.20137641460098865,-0.025744826552947964
loss_streak,5.0,1.0,none,8,0.32375000000000004,1.0,0.0,0.22786805117602538,-0.014250161156606822
loss_streak,5.0,1.0,none,9,0.3075,1.0,0.0,0.2661493532874353,-0.01407040484410127
loss_streak,5.0,1.0,none,10,0.2966666666666667,1.0,0.0,0.21197630375033705,-0.02178100725209864
fake_rejections,0.0,0.85,max-position,1,0.5078333333333334,1.08,0.0,0.17096533623996413,-0.024847508412677466
fake_rejections,0.0,0.85,max-position,2,0.44316666666666665,1.08,0.0,0.21656990887474947,-0.025027173244082213
fake_rejections,0.0,0.85,max-position,3,0.46950000000000003,1.08,0.0,0.260920410483946,-0.018211716103278874
fake_rejections,0.0,0.85,max-position,4,0.48283333333333334,1.08,0.0,0.24028809615696844,-0.01272159971382425
fake_rejections,0.0,0.85,max-position,5,0.5191666666666667,1.08,0.0,0.2603792274472121,-0.01769795712578537
fake_rejections,0.0,0.85,max-position,6,0.48333333333333334,1.08,0.0,0.23182859894868124,-0.025071824985390512
fake_rejections,0.0,0.85,max-position,7,0.48550000000000004,1.08,0.0,0.22899675331975122,-0.019746962112851096
fake_rejections,0.0,0.85,max-position,8,0.5118333333333334,1.08,0.0,0.22487385035892338,-0.02041662445386061
fake_rejections,0.0,0.85,max-position,9,0.4895,1.08,0.0,0.3021476715768088,-0.011401579459775157
fake_rejections,0.0,0.85,max-position,10,0.44554166666666667,1.08,0.008333333333333333,0.16610998275401356,-0.028249730921315552
fake_rejections,0.1,0.85,max-position,1,0.5078333333333334,1.08,0.0,0.17096533623996413,-0.024847508412677466
fake_rejections,0.1,0.85,max-position,2,0.44316666666666665,1.08,0.0,0.21656990887474947,-0.025027173244082213
fake_rejections,0.1,0.85,max-position,3,0.46950000000000003,1.08,0.0,0.260920410483946,-0.018211716103278874
fake_rejections,0.1,0.85,max-position,4,0.48283333333333334,1.08,0.0,0.24028809615696844,-0.01272159971382425
fake_rejections,0.1,0.85,max-position,5,0.5191666666666667,1.08,0.0,0.2603792274472121,-0.01769795712578537
fake_rejections,0.1,0.85,max-position,6,0.48333333333333334,1.08,0.0,0.23182859894868124,-0.025071824985390512
fake_rejections,0.1,0.85,max-position,7,0.48550000000000004,1.08,0.0,0.22899675331975122,-0.019746962112851096
fake_rejections,0.1,0.85,max-position,8,0.5118333333333334,1.08,0.0,0.22487385035892338,-0.02041662445386061
fake_rejections,0.1,0.85,max-position,9,0.4895,1.08,0.0,0.3021476715768088,-0.011401579459775157
fake_rejections,0.1,0.85,max-position,10,0.44554166666666667,1.08,0.008333333333333333,0.16610998275401356,-0.028249730921315552
fake_rejections,0.25,0.85,max-position,1,0.44441906141809956,1.0,0.2065921119146995,0.16767159663770737,-0.02359395376514828
fake_rejections,0.25,0.85,max-position,2,0.3872951569059339,0.9296227887310178,0.1907086193979409,0.20793479766852174,-0.02251449981465825
fake_rejections,0.25,0.85,max-position,3,0.41121573519655447,1.0,0.1879606272232099,0.24538842523639914,-0.016278426838376214
fake_rejections,0.25,0.85,max-position,4,0.42581060552438765,1.0,0.1933417150989416,0.23340927926771027,-0.013133154542100844
fake_rejections,0.25,0.85,max-position,5,0.4518142748925227,0.9296227887310178,0.20007261032094562,0.2561584828778578,-0.01626269009095138
fake_rejections,0.25,0.85,max-position,6,0.4209138043966131,1.0,0.19640474528362162,0.22495590365217444,-0.023078644866061038
fake_rejections,0.25,0.85,max-position,7,0.4251746348467511,0.9296227887310178,0.19419009526798434,0.22011490009932655,-0.018157395374096774
fake_rejections,0.25,0.85,max-position,8,0.44687719961261535,1.0,0.19871011094713875,0.21596528641262447,-0.01833255581584503
fake_rejections,0.25,0.85,max-position,9,0.4235656910708859,1.0,0.19713955273649733,0.2890380222052711,-0.012188789557823543
fake_rejections,0.25,0.85,max-position,10,0.3958703342231495,1.0,0.1977416318546089,0.15976548532885038,-0.026071136862543254
fake_rejections,0.5,0.85,max-position,1,0.39558955376056865,1.0,0.4050261668848459,0.16291466546473066,-0.02108305332332472
fake_rejections,0.5,0.85,max-position,2,0.3429944111231514,0.8468260695910386,0.3926938918826352,0.19870716540735378,-0.02146945681028345
fake_rejections,0.5,0.85,max-position,3,0.36774507019941655,1.0,0.38584553503162383,0.23495120827408833,-0.014956687897263121
fake_rejections,0.5,0.85,max-position,4,0.38103531570216553,1.0,0.39674356733260674,0.22539560449094975,-0.011529202470004551
fake_rejections,0.5,0.85,max-position,5,0.40036216893811344,0.8468260695910386,0.40507435057638425,0.25071767891766195,-0.01672344960482197
fake_rejections,0.5,0.85,max-position,6,0.37352801151368176,1.0,0.39924578119699183,0.21100497254033024,-0.02196023786244805
fake_rejections,0.5,0.85,max-position,7,0.37882371669017606,0.8468260695910386,0.39525893477957097,0.2105041773708045,-0.01758076429665134
fake_rejections,0.5,0.85,max-position,8,0.39822960500926047,1.0,0.39352115053260656,0.20865533510615708,-0.01711429117233454
fake_rejections,0.5,0.85,max-position,9,0.3767496557860801,1.0,0.3985328465194543,0.2802705411826252,-0.010561223992335944
fake_rejections,0.5,0.85,max-position,10,0.3531403611254826,1.0,0.39474581973337536,0.15876035826906643,-0.022342783898497642
fake_rejections,0.75,0.85,max-position,1,0.1962382525238141,1.0,0.7830346209594536,0.1102939690848781,-0.012074316913411431
fake_rejections,0.75,0.85,max-position,2,0.1665005678265735,0.4126334092261128,0.7883363365973209,0.13464127748896404,-0.01461064845340132
fake_rejections,0.75,0.85,max-position,3,0.18252213761759592,1.0,0.7807984667453614,0.1682354558950998,-0.011731771474765673
fake_rejections,0.75,0.85,max-position,4,0.18837752132132082,1.0,0.789197303756977,0.14517443193095558,-0.006887440822922475
fake_rejections,0.75,0.85,max-position,5,0.1951946967884041,0.4126334092261128,0.79021561645319,0.1584448371044398,-0.007737028452729389
fake_rejections,0.75,0.85,max-position,6,0.1871040504189832,1.0,0.7892337644442561,0.11239853928241228,-0.015572025360322317
fake_rejections,0.75,0.85,max-position,7,0.18411245262318815,0.4126334092261128,0.7855844822879173,0.12108402230656523,-0.011886944288209356
fake_rejections,0.75,0.85,max-position,8,0.19522339602773486,1.0,0.7888333999981987,0.13424244910876748,-0.008601330093792048
fake_rejections,0.75,0.85,max-position,9,0.18543344340875986,1.0,0.7900294270724567,0.16418945625182624,-0.007859443203030114
fake_rejections,0.75,0.85,max-position,10,0.18140917348353475,1.0,0.7770960036577761,0.11342178815685666,-0.014702614118320745
fake_violations,0.0,0.85,max-position,1,0.5078333333333334,1.08,0.0,0.17096533623996413,-0.024847508412677466
fake_violations,0.0,0.85,max-position,2,0.44316666666666665,1.08,0.0,0.21656990887474947,-0.025027173244082213
fake_violations,0.0,0.85,max-position,3,0.46950000000000003,1.08,0.0,0.260920410483946,-0.018211716103278874
fake_violations,0.0,0.85,max-position,4,0.48283333333333334,1.08,0.0,0.24028809615696844,-0.01272159971382425
fake_violations,0.0,0.85,max-position,5,0.5191666666666667,1.08,0.0,0.2603792274472121,-0.01769795712578537
fake_violations,0.0,0.85,max-position,6,0.48333333333333334,1.08,0.0,0.23182859894868124,-0.025071824985390512
fake_violations,0.0,0.85,max-position,7,0.48550000000000004,1.08,0.0,0.22899675331975122,-0.019746962112851096
fake_violations,0.0,0.85,max-position,8,0.5118333333333334,1.08,0.0,0.22487385035892338,-0.02041662445386061
fake_violations,0.0,0.85,max-position,9,0.4895,1.08,0.0,0.3021476715768088,-0.011401579459775157
fake_violations,0.0,0.85,max-position,10,0.44554166666666667,1.08,0.008333333333333333,0.16610998275401356,-0.028249730921315552
fake_violations,0.1,0.85,max-position,1,0.5078333333333334,1.08,0.0,0.17096533623996413,-0.024847508412677466
fake_violations,0.1,0.85,max-position,2,0.44316666666666665,1.08,0.0,0.21656990887474947,-0.025027173244082213
fake_violations,0.1,0.85,max-position,3,0.46950000000000003,1.08,0.0,0.260920410483946,-0.018211716103278874
fake_violations,0.1,0.85,max-position,4,0.48283333333333334,1.08,0.0,0.24028809615696844,-0.01272159971382425
fake_violations,0.1,0.85,max-position,5,0.5191666666666667,1.08,0.0,0.2603792274472121,-0.01769795712578537
fake_violations,0.1,0.85,max-position,6,0.48333333333333334,1.08,0.0,0.23182859894868124,-0.025071824985390512
fake_violations,0.1,0.85,max-position,7,0.48550000000000004,1.08,0.0,0.22899675331975122,-0.019746962112851096
fake_violations,0.1,0.85,max-position,8,0.5118333333333334,1.08,0.0,0.22487385035892338,-0.02041662445386061
fake_violations,0.1,0.85,max-position,9,0.4895,1.08,0.0,0.3021476715768088,-0.011401579459775157
fake_violations,0.1,0.85,max-position,10,0.44554166666666667,1.08,0.008333333333333333,0.16610998275401356,-0.028249730921315552
fake_violations,0.25,0.85,max-position,1,0.29033072325509807,1.0,0.2065921119146995,0.14915670320629415,-0.01726642339246176
fake_violations,0.25,0.85,max-position,2,0.25174185198885707,0.6042548126751615,0.1907086193979409,0.1804509799751064,-0.019100606142503307
fake_violations,0.25,0.85,max-position,3,0.27020689454442703,1.0,0.1879606272232099,0.2111732550418315,-0.012998745989058702
fake_violations,0.25,0.85,max-position,4,0.2796935602575186,1.0,0.1933417150989416,0.20327779723268313,-0.00978134316078172
fake_violations,0.25,0.85,max-position,5,0.2936792786801397,0.6042548126751615,0.20007261032094562,0.23125242675019098,-0.010732138766108013
fake_violations,0.25,0.85,max-position,6,0.2765106395244652,1.0,0.19640474528362162,0.17722649773804644,-0.016425120218234612
fake_violations,0.25,0.85,max-position,7,0.27636351265038817,0.6042548126751616,0.19419009526798434,0.17457786573494083,-0.013399680354841847
fake_violations,0.25,0.85,max-position,8,0.29192851308153334,1.0,0.19871011094713875,0.19368410931645763,-0.01262940282272984
fake_violations,0.25,0.85,max-position,9,0.2767760325294092,1.0,0.19713955273649733,0.24515481007212192,-0.00858123365553387
fake_violations,0.25,0.85,max-position,10,0.2663444778382973,1.0,0.1977416318546089,0.15766939226132615,-0.01987753526225322
fake_violations,0.5,0.85,max-position,1,0.258591543277703,1.0,0.4050261668848459,0.14572485412144354,-0.013444284953678776
fake_violations,0.5,0.85,max-position,2,0.22294636723004838,0.550436945234175,0.3926938918826352,0.17090998749184916,-0.017695993954786382
fake_violations,0.5,0.85,max-position,3,0.24195096229628746,1.0,0.38584553503162383,0.20531422671485666,-0.014187590987076892
fake_violations,0.5,0.85,max-position,4,0.25058962187307426,1.0,0.39674356733260674,0.18830505179333623,-0.008734585015750196
fake_violations,0.5,0.85,max-position,5,0.2602354098097737,0.550436945234175,0.40507435057638425,0.2136628814586039,-0.01089852585655915
fake_violations,0.5,0.85,max-position,6,0.2457098741505598,1.0,0.39924578119699183,0.16361476853833934,-0.017016580352444022
fake_violations,0.5,0.85,max-position,7,0.24623541584861444,0.550436945234175,0.39525893477957097,0.16572004751142355,-0.011599156865835347
fake_violations,0.5,0.85,max-position,8,0.26030757658935266,1.0,0.39352115053260656,0.17775927285075221,-0.011413219785010642
fake_violations,0.5,0.85,max-position,9,0.24634560959428542,1.0,0.3985328465194543,0.2228702692745823,-0.009624368921785531
fake_violations,0.5,0.85,max-position,10,0.23803879993770166,1.0,0.39474581973337536,0.1532779720238313,-0.01797758862926102
fake_violations,0.75,0.85,max-position,1,0.1962382525238141,1.0,0.7830346209594536,0.1102939690848781,-0.012074316913411431
fake_violations,0.75,0.85,max-position,2,0.1665005678265735,0.4126334092261128,0.7883363365973209,0.13464127748896404,-0.01461064845340132
fake_violations,0.75,0.85,max-position,3,0.18252213761759592,1.0,0.7807984667453614,0.1682354558950998,-0.011731771474765673
fake_violations,0.75,0.85,max-position,4,0.18837752132132082,1.0,0.789197303756977,0.14517443193095558,-0.006887440822922475
fake_violations,0.75,0.85,max-position,5,0.1951946967884041,0.4126334092261128,0.79021561645319,0.1584448371044398,-0.007737028452729389
fake_violations,0.75,0.85,max-position,6,0.1871040504189832,1.0,0.7892337644442561,0.11239853928241228,-0.015572025360322317
fake_violations,0.75,0.85,max-position,7,0.18411245262318815,0.4126334092261128,0.7855844822879173,0.12108402230656523,-0.011886944288209356
fake_violations,0.75,0.85,max-position,8,0.19522339602773486,1.0,0.7888333999981987,0.13424244910876748,-0.008601330093792048
fake_violations,0.75,0.85,max-position,9,0.18543344340875986,1.0,0.7900294270724567,0.16418945625182624,-0.007859443203030114
fake_violations,0.75,0.85,max-position,10,0.18140917348353475,1.0,0.7770960036577761,0.11342178815685666,-0.014702614118320745
missing_equity,0.0,0.85,max-position,1,0.5078333333333334,1.08,0.0,0.17096533623996413,-0.024847508412677466
missing_equity,0.0,0.85,max-position,2,0.44316666666666665,1.08,0.0,0.21656990887474947,-0.025027173244082213
missing_equity,0.0,0.85,max-position,3,0.46950000000000003,1.08,0.0,0.260920410483946,-0.018211716103278874
missing_equity,0.0,0.85,max-position,4,0.48283333333333334,1.08,0.0,0.24028809615696844,-0.01272159971382425
missing_equity,0.0,0.85,max-position,5,0.5191666666666667,1.08,0.0,0.2603792274472121,-0.01769795712578537
missing_equity,0.0,0.85,max-position,6,0.48333333333333334,1.08,0.0,0.23182859894868124,-0.025071824985390512
missing_equity,0.0,0.85,max-position,7,0.48550000000000004,1.08,0.0,0.22899675331975122,-0.019746962112851096
missing_equity,0.0,0.85,max-position,8,0.5118333333333334,1.08,0.0,0.22487385035892338,-0.02041662445386061
missing_equity,0.0,0.85,max-position,9,0.4895,1.08,0.0,0.3021476715768088,-0.011401579459775157
missing_equity,0.0,0.85,max-position,10,0.44554166666666667,1.08,0.008333333333333333,0.16610998275401356,-0.028249730921315552
missing_equity,0.1,0.85,max-position,1,0.5078333333333334,1.08,0.0,0.17096533623996413,-0.024847508412677466
missing_equity,0.1,0.85,max-position,2,0.44316666666666665,1.08,0.0,0.21656990887474947,-0.025027173244082213
missing_equity,0.1,0.85,max-position,3,0.46950000000000003,1.08,0.0,0.260920410483946,-0.018211716103278874
missing_equity,0.1,0.85,max-position,4,0.48283333333333334,1.08,0.0,0.24028809615696844,-0.01272159971382425
missing_equity,0.1,0.85,max-position,5,0.5191666666666667,1.08,0.0,0.2603792274472121,-0.01769795712578537
missing_equity,0.1,0.85,max-position,6,0.48333333333333334,1.08,0.0,0.23182859894868124,-0.025071824985390512
missing_equity,0.1,0.85,max-position,7,0.48550000000000004,1.08,0.0,0.22899675331975122,-0.019746962112851096
missing_equity,0.1,0.85,max-position,8,0.5118333333333334,1.08,0.0,0.22487385035892338,-0.02041662445386061
missing_equity,0.1,0.85,max-position,9,0.4895,1.08,0.0,0.3021476715768088,-0.011401579459775157
missing_equity,0.1,0.85,max-position,10,0.44554166666666667,1.08,0.008333333333333333,0.16610998275401356,-0.028249730921315552
missing_equity,0.25,0.85,max-position,1,0.4704240042794315,1.068739646196963,0.2065921119146995,0.1719123777254965,-0.022474529738572446
missing_equity,0.25,0.85,max-position,2,0.4129736111087705,1.068739646196963,0.1907086193979409,0.20931510317573943,-0.026229751276598545
missing_equity,0.25,0.85,max-position,3,0.4399702647483938,1.068739646196963,0.1879606272232099,0.2567063426841327,-0.01686740549943011
missing_equity,0.25,0.85,max-position,4,0.44897425866910695,1.068739646196963,0.1933417150989416,0.237087326494676,-0.012007233521382665
missing_equity,0.25,0.85,max-position,5,0.4808475896318442,1.068739646196963,0.20007261032094562,0.25498816058225104,-0.017260576327057353
missing_equity,0.25,0.85,max-position,6,0.4549879577090155,1.068739646196963,0.19640474528362162,0.22336043413527085,-0.02837905941732788
missing_equity,0.25,0.85,max-position,7,0.45361583535704714,1.068739646196963,0.19419009526798434,0.22373861019607544,-0.01830610773682051
missing_equity,0.25,0.85,max-position,8,0.4744390311621033,1.068739646196963,0.19871011094713875,0.21399403286394492,-0.01865941718606834
missing_equity,0.25,0.85,max-position,9,0.45919322380280686,1.068739646196963,0.19713955273649733,0.2968593117648275,-0.012188978800450334
missing_equity,0.25,0.85,max-position,10,0.4097760510672457,1.068739646196963,0.1977416318546089,0.15976548532885038,-0.026071136862543254
missing_equity,0.5,0.85,max-position,1,0.42905298591180596,1.0531543814176727,0.4050261668848459,0.17318434001190597,-0.018868131438226743
missing_equity,0.5,0.85,max-position,2,0.376522147658924,1.0531543814176727,0.3926938918826352,0.20355032615634427,-0.018132770563301426
missing_equity,0.5,0.85,max-position,3,0.4025466431629369,1.0554921711345662,0.38584553503162383,0.23993528447542434,-0.015216249970573137
missing_equity,0.5,0.85,max-position,4,0.40643644667872186,1.0531543814176727,0.39674356733260674,0.23340492541653712,-0.009682719971869425
missing_equity,0.5,0.85,max-position,5,0.44186150410388375,1.0531543814176727,0.40507435057638425,0.24492502677063666,-0.022223170283901195
missing_equity,0.5,0.85,max-position,6,0.4118870728362834,1.0554921711345662,0.39924578119699183,0.21070149523308435,-0.02196023786244805
missing_equity,0.5,0.85,max-position,7,0.4184870532872921,1.0531543814176727,0.39525893477957097,0.21375257609648446,-0.017580534074350673
missing_equity,0.5,0.85,max-position,8,0.4317471844958523,1.0531543814176727,0.39352115053260656,0.20640778307159624,-0.017685858982426805
missing_equity,0.5,0.85,max-position,9,0.42328320589975077,1.0554921711345662,0.3985328465194543,0.28719269904511147,-0.010568535372344479
missing_equity,0.5,0.85,max-position,10,0.3750232132334313,1.0554921711345662,0.39474581973337536,0.15876035826906643,-0.022342783898497642
missing_equity,0.75,0.85,max-position,1,0.2996614141392012,1.0,0.7830346209594536,0.14272835062645894,-0.021995349894982752
missing_equity,0.75,0.85,max-position,2,0.25615471973319,0.6348206295786349,0.7883363365973209,0.18228299609188903,-0.018194837473124892
missing_equity,0.75,0.85,max-position,3,0.2763161091552757,1.0,0.7807984667453614,0.2150595801455657,-0.012705255017690265
missing_equity,0.75,0.85,max-position,4,0.285324391776391,1.0,0.789197303756977,0.20758791140645738,-0.010255725657442705
missing_equity,0.75,0.85,max-position,5,0.30029953352062166,0.6348206295786349,0.79021561645319,0.23628518322999237,-0.009545911346821256
missing_equity,0.75,0.85,max-position,6,0.2833652057727946,1.0,0.7892337644442561,0.18630241399381986,-0.016357856728627773
missing_equity,0.75,0.85,max-position,7,0.2832499271125971,0.6348206295786349,0.7855844822879173,0.17700602464026516,-0.013644124016794157
missing_equity,0.75,0.85,max-position,8,0.2981000964529254,1.0,0.7888333999981987,0.19674294149291605,-0.013218673905387002
missing_equity,0.75,0.85,max-position,9,0.2830386308852716,1.0,0.7900294270724567,0.24632960267785808,-0.009207944741773555
missing_equity,0.75,0.85,max-position,10,0.26769876598396875,1.0,0.7770960036577761,0.15906310330184015,-0.016680999186453382
loss_streak,0.0,0.85,max-position,1,0.5078333333333334,1.08,0.0,0.17096533623996413,-0.024847508412677466
loss_streak,0.0,0.85,max-position,2,0.44316666666666665,1.08,0.0,0.21656990887474947,-0.025027173244082213
loss_streak,0.0,0.85,max-position,3,0.46950000000000003,1.08,0.0,0.260920410483946,-0.018211716103278874
loss_streak,0.0,0.85,max-position,4,0.48283333333333334,1.08,0.0,0.24028809615696844,-0.01272159971382425
loss_streak,0.0,0.85,max-position,5,0.5191666666666667,1.08,0.0,0.2603792274472121,-0.01769795712578537
loss_streak,0.0,0.85,max-position,6,0.48333333333333334,1.08,0.0,0.23182859894868124,-0.025071824985390512
loss_streak,0.0,0.85,max-position,7,0.48550000000000004,1.08,0.0,0.22899675331975122,-0.019746962112851096
loss_streak,0.0,0.85,max-position,8,0.5118333333333334,1.08,0.0,0.22487385035892338,-0.02041662445386061
loss_streak,0.0,0.85,max-position,9,0.4895,1.08,0.0,0.3021476715768088,-0.011401579459775157
loss_streak,0.0,0.85,max-position,10,0.44554166666666667,1.08,0.008333333333333333,0.16610998275401356,-0.028249730921315552
loss_streak,1.0,0.85,max-position,1,0.32375000000000004,1.0,0.0,0.1441824009643795,-0.02286243436014901
loss_streak,1.0,0.85,max-position,2,0.27895833333333336,0.6500000000000001,0.0,0.18300896434599,-0.02145829740067484
loss_streak,1.0,0.85,max-position,3,0.298125,1.0,0.0,0.21625013311364172,-0.013748069416759656
loss_streak,1.0,0.85,max-position,4,0.30895833333333333,1.0,0.0,0.210830692088662,-0.010316593079659486
loss_streak,1.0,0.85,max-position,5,0.3277083333333334,0.6500000000000001,0.0,0.23928643242097425,-0.014406642275753612
loss_streak,1.0,0.85,max-position,6,0.30625,1.0,0.0,0.19464110283236224,-0.01708955327900885
loss_streak,1.0,0.85,max-position,7,0.30604166666666666,0.6500000000000001,0.0,0.18446119829948682,-0.014982146391749884
loss_streak,1.0,0.85,max-position,8,0.32375000000000004,1.0,0.0,0.20107331231220593,-0.014249655824773888
loss_streak,1.0,0.85,max-position,9,0.3075,1.0,0.0,0.254224636580171,-0.009316313864938919
loss_streak,1.0,0.85,max-position,10,0.2939583333333333,1.0,0.008333333333333333,0.1621894077387398,-0.020000462350243553
loss_streak,3.0,0.85,max-position,1,0.32375000000000004,1.0,0.0,0.1441824009643795,-0.02286243436014901
loss_streak,3.0,0.85,max-position,2,0.27895833333333336,0.6500000000000001,0.0,0.18300896434599,-0.02145829740067484
loss_streak,3.0,0.85,max-position,3,0.298125,1.0,0.0,0.21625013311364172,-0.013748069416759656
loss_streak,3.0,0.85,max-position,4,0.30895833333333333,1.0,0.0,0.210830692088662,-0.010316593079659486
loss_streak,3.0,0.85,max-position,5,0.3277083333333334,0.6500000000000001,0.0,0.23928643242097425,-0.014406642275753612
loss_streak,3.0,0.85,max-position,6,0.30625,1.0,0.0,0.19464110283236224,-0.01708955327900885
loss_streak,3.0,0.85,max-position,7,0.30604166666666666,0.6500000000000001,0.0,0.18446119829948682,-0.014982146391749884
loss_streak,3.0,0.85,max-position,8,0.32375000000000004,1.0,0.0,0.20107331231220593,-0.014249655824773888
loss_streak,3.0,0.85,max-position,9,0.3075,1.0,0.0,0.254224636580171,-0.009316313864938919
loss_streak,3.0,0.85,max-position,10,0.2939583333333333,1.0,0.008333333333333333,0.1621894077387398,-0.020000462350243553
loss_streak,5.0,0.85,max-position,1,0.32375000000000004,1.0,0.0,0.1441824009643795,-0.02286243436014901
loss_streak,5.0,0.85,max-position,2,0.27895833333333336,0.6500000000000001,0.0,0.18300896434599,-0.02145829740067484
loss_streak,5.0,0.85,max-position,3,0.298125,1.0,0.0,0.21625013311364172,-0.013748069416759656
loss_streak,5.0,0.85,max-position,4,0.30895833333333333,1.0,0.0,0.210830692088662,-0.010316593079659486
loss_streak,5.0,0.85,max-position,5,0.3277083333333334,0.6500000000000001,0.0,0.23928643242097425,-0.014406642275753612
loss_streak,5.0,0.85,max-position,6,0.30625,1.0,0.0,0.19464110283236224,-0.01708955327900885
loss_streak,5.0,0.85,max-position,7,0.30604166666666666,0.6500000000000001,0.0,0.18446119829948682,-0.014982146391749884
loss_streak,5.0,0.85,max-position,8,0.32375000000000004,1.0,0.0,0.20107331231220593,-0.014249655824773888
loss_streak,5.0,0.85,max-position,9,0.3075,1.0,0.0,0.254224636580171,-0.009316313864938919
loss_streak,5.0,0.85,max-position,10,0.2939583333333333,1.0,0.008333333333333333,0.1621894077387398,-0.020000462350243553
fake_rejections,0.0,0.85,none,1,0.5078333333333334,1.08,0.0,0.24975293654439845,-0.02449050067879277
fake_rejections,0.0,0.85,none,2,0.44383333333333336,1.08,0.0,0.3086577986870578,-0.03304324190112573
fake_rejections,0.0,0.85,none,3,0.460625,1.08,0.0,0.34630079048519713,-0.023076321793892962
fake_rejections,0.0,0.85,none,4,0.48516666666666663,1.08,0.0,0.34263010112652403,-0.012068395324550507
fake_rejections,0.0,0.85,none,5,0.5215,1.08,0.0,0.3646668375346851,-0.024029602249289184
fake_rejections,0.0,0.85,none,6,0.4784166666666667,1.08,0.0,0.25489127081855645,-0.0358274602862676
fake_rejections,0.0,0.85,none,7,0.4875,1.08,0.0,0.31451525027532945,-0.038511135526077656
fake_rejections,0.0,0.85,none,8,0.5148333333333334,1.08,0.0,0.32749663386992256,-0.019535566185919118
fake_rejections,0.0,0.85,none,9,0.48512500000000003,1.08,0.0,0.3881756205095961,-0.020681993685259692
fake_rejections,0.0,0.85,none,10,0.46549999999999997,1.08,0.0,0.27010771716766135,-0.03134185684403512
fake_rejections,0.1,0.85,none,1,0.5078333333333334,1.08,0.0,0.24975293654439845,-0.02449050067879277
fake_rejections,0.1,0.85,none,2,0.44383333333333336,1.08,0.0,0.3086577986870578,-0.03304324190112573
fake_rejections,0.1,0.85,none,3,0.460625,1.08,0.0,0.34630079048519713,-0.023076321793892962
fake_rejections,0.1,0.85,none,4,0.48516666666666663,1.08,0.0,0.34263010112652403,-0.012068395324550507
fake_rejections,0.1,0.85,none,5,0.5215,1.08,0.0,0.3646668375346851,-0.024029602249289184
fake_rejections,0.1,0.85,none,6,0.4784166666666667,1.08,0.0,0.25489127081855645,-0.0358274602862676
fake_rejections,0.1,0.85,none,7,0.4875,1.08,0.0,0.31451525027532945,-0.038511135526077656
fake_rejections,0.1,0.85,none,8,0.5148333333333334,1.08,0.0,0.32749663386992256,-0.019535566185919118
fake_rejections,0.1,0.85,none,9,0.48512500000000003,1.08,0.0,0.3881756205095961,-0.020681993685259692
fake_rejections,0.1,0.85,none,10,0.46549999999999997,1.08,0.0,0.27010771716766135,-0.03134185684403512
fake_rejections,0.25,0.85,none,1,0.44441906141809956,1.0,0.2065921119146995,0.24340948174264931,-0.024291060646280727
fake_rejections,0.25,0.85,none,2,0.3872951569059339,0.9296227887310178,0.1907086193979409,0.3004117805721236,-0.026976960063319844
fake_rejections,0.25,0.85,none,3,0.4072274750188608,1.0,0.1879606272232099,0.3187709616445389,-0.022259497460967448
fake_rejections,0.25,0.85,none,4,0.42581060552438765,1.0,0.1933417150989416,0.34615333080825916,-0.01452153079781715
fake_rejections,0.25,0.85,none,5,0.4518142748925227,0.9296227887310178,0.20007261032094562,0.34417658617989044,-0.01808189464591059
fake_rejections,0.25,0.85,none,6,0.41962259246869493,1.0,0.19640474528362162,0.25839022002409573,-0.027099756962444932
fake_rejections,0.25,0.85,none,7,0.4251746348467511,0.9296227887310178,0.19419009526798434,0.28409566415582876,-0.037430352547834556
fake_rejections,0.25,0.85,none,8,0.44687719961261535,1.0,0.19871011094713875,0.3034181806148504,-0.019881813118348357
fake_rejections,0.25,0.85,none,9,0.42224941093215546,1.0,0.19713955273649733,0.3515605434503337,-0.017029046197686748
fake_rejections,0.25,0.85,none,10,0.4090086358230771,1.0,0.18940829852127558,0.26358248117022254,-0.028376488348481388
fake_rejections,0.5,0.85,none,1,0.39558955376056865,1.0,0.4050261668848459,0.21085489942358127,-0.023182655613960712
fake_rejections,0.5,0.85,none,2,0.3429944111231514,0.8468260695910386,0.3926938918826352,0.28477959037860057,-0.025015430825056306
fake_rejections,0.5,0.85,none,3,0.3641586903060597,1.0,0.38584553503162383,0.30423837863602676,-0.020043638571237143
fake_rejections,0.5,0.85,none,4,0.38103531570216553,1.0,0.39674356733260674,0.2981551279043415,-0.021798825832852642
fake_rejections,0.5,0.85,none,5,0.40036216893811344,0.8468260695910386,0.40507435057638425,0.3166428054205106,-0.015666398633250367
fake_rejections,0.5,0.85,none,6,0.37352801151368176,1.0,0.39924578119699183,0.25486123133443206,-0.02396610012995637
fake_rejections,0.5,0.85,none,7,0.37882371669017606,0.8468260695910386,0.39525893477957097,0.2536523507892636,-0.03032995705334307
fake_rejections,0.5,0.85,none,8,0.39822960500926047,1.0,0.39352115053260656,0.28747737586033484,-0.017533602167634443
fake_rejections,0.5,0.85,none,9,0.3767496557860801,1.0,0.3985328465194543,0.3281741258040223,-0.014149463851241384
fake_rejections,0.5,0.85,none,10,0.364028969863657,1.0,0.38994591040024873,0.2628590463506246,-0.023190740008193433
fake_rejections,0.75,0.85,none,1,0.1962382525238141,1.0,0.7830346209594536,0.10903782119945715,-0.012074297556651792
fake_rejections,0.75,0.85,none,2,0.1665005678265735,0.4126334092261128,0.7883363365973209,0.13464127748896404,-0.01461064845340132
fake_rejections,0.75,0.85,none,3,0.18252213761759592,1.0,0.7807984667453614,0.17747174048710823,-0.01173196952370359
fake_rejections,0.75,0.85,none,4,0.18837752132132082,1.0,0.789197303756977,0.15171150634367403,-0.006887508670632703
fake_rejections,0.75,0.85,none,5,0.1951946967884041,0.4126334092261128,0.79021561645319,0.1584448371044398,-0.007737028452729389
fake_rejections,0.75,0.85,none,6,0.1871040504189832,1.0,0.7892337644442561,0.10876976971591334,-0.015571995100979286
fake_rejections,0.75,0.85,none,7,0.18411245262318815,0.4126334092261128,0.7855844822879173,0.12108402230656523,-0.011886944288209356
fake_rejections,0.75,0.85,none,8,0.19522339602773486,1.0,0.7888333999981987,0.14225376640796572,-0.00860138458335169
fake_rejections,0.75,0.85,none,9,0.18543344340875986,1.0,0.7900294270724567,0.15551497405277237,-0.013753127042728575
fake_rejections,0.75,0.85,none,10,0.18140917348353475,1.0,0.7770960036577761,0.11350169117148323,-0.014702616197509788
fake_violations,0.0,0.85,none,1,0.5078333333333334,1.08,0.0,0.24975293654439845,-0.02449050067879277
fake_violations,0.0,0.85,none,2,0.44383333333333336,1.08,0.0,0.3086577986870578,-0.03304324190112573
fake_violations,0.0,0.85,none,3,0.460625,1.08,0.0,0.34630079048519713,-0.023076321793892962
fake_violations,0.0,0.85,none,4,0.48516666666666663,1.08,0.0,0.34263010112652403,-0.012068395324550507
fake_violations,0.0,0.85,none,5,0.5215,1.08,0.0,0.3646668375346851,-0.024029602249289184
fake_violations,0.0,0.85,none,6,0.4784166666666667,1.08,0.0,0.25489127081855645,-0.0358274602862676
fake_violations,0.0,0.85,none,7,0.4875,1.08,0.0,0.31451525027532945,-0.038511135526077656
fake_violations,0.0,0.85,none,8,0.5148333333333334,1.08,0.0,0.32749663386992256,-0.019535566185919118
fake_violations,0.0,0.85,none,9,0.48512500000000003,1.08,0.0,0.3881756205095961,-0.020681993685259692
fake_violations,0.0,0.85,none,10,0.46549999999999997,1.08,0.0,0.27010771716766135,-0.03134185684403512
fake_violations,0.1,0.85,none,1,0.5078333333333334,1.08,0.0,0.24975293654439845,-0.02449050067879277
fake_violations,0.1,0.85,none,2,0.44383333333333336,1.08,0.0,0.3086577986870578,-0.03304324190112573
fake_violations,0.1,0.85,none,3,0.460625,1.08,0.0,0.34630079048519713,-0.023076321793892962
fake_violations,0.1,0.85,none,4,0.48516666666666663,1.08,0.0,0.34263010112652403,-0.012068395324550507
fake_violations,0.1,0.85,none,5,0.5215,1.08,0.0,0.3646668375346851,-0.024029602249289184
fake_violations,0.1,0.85,none,6,0.4784166666666667,1.08,0.0,0.25489127081855645,-0.0358274602862676
fake_violations,0.1,0.85,none,7,0.4875,1.08,0.0,0.31451525027532945,-0.038511135526077656
fake_violations,0.1,0.85,none,8,0.5148333333333334,1.08,0.0,0.32749663386992256,-0.019535566185919118
fake_violations,0.1,0.85,none,9,0.48512500000000003,1.08,0.0,0.3881756205095961,-0.020681993685259692
fake_violations,0.1,0.85,none,10,0.46549999999999997,1.08,0.0,0.27010771716766135,-0.03134185684403512
fake_violations,0.25,0.85,none,1,0.29033072325509807,1.0,0.2065921119146995,0.15596914340530765,-0.022911925732211236
fake_violations,0.25,0.85,none,2,0.25174185198885707,0.6042548126751615,0.1907086193979409,0.22921575724351984,-0.01775431110961767
fake_violations,0.25,0.85,none,3,0.27020689454442703,1.0,0.1879606272232099,0.23435434173654368,-0.018071312073988044
fake_violations,0.25,0.85,none,4,0.2796935602575186,1.0,0.1933417150989416,0.2352640643387054,-0.009606332184925015
fake_violations,0.25,0.85,none,5,0.2936792786801397,0.6042548126751615,0.20007261032094562,0.24949381980908925,-0.012368214265800925
fake_violations,0.25,0.85,none,6,0.2765106395244652,1.0,0.19640474528362162,0.20103209925485976,-0.022349952355361746
fake_violations,0.25,0.85,none,7,0.27636351265038817,0.6042548126751616,0.19419009526798434,0.18627544420481512,-0.018170154245088832
fake_violations,0.25,0.85,none,8,0.29192851308153334,1.0,0.19871011094713875,0.2098063932673344,-0.013352146227180728
fake_violations,0.25,0.85,none,9,0.2767760325294092,1.0,0.19713955273649733,0.24507839815172172,-0.013797711560379344
fake_violations,0.25,0.85,none,10,0.2690528111716306,1.0,0.18940829852127558,0.18958697134481572,-0.02109596982166173
fake_violations,0.5,0.85,none,1,0.258591543277703,1.0,0.4050261668848459,0.14894783349184726,-0.014224952444079286
fake_violations,0.5,0.85,none,2,0.22294636723004838,0.550436945234175,0.3926938918826352,0.18875297983524097,-0.016359594807244027
fake_violations,0.5,0.85,none,3,0.24195096229628746,1.0,0.38584553503162383,0.2222815533142657,-0.01617014689088503
fake_violations,0.5,0.85,none,4,0.25058962187307426,1.0,0.39674356733260674,0.20729869091229158,-0.007817765346114225
fake_violations,0.5,0.85,none,5,0.2602354098097737,0.550436945234175,0.40507435057638425,0.21792759162340247,-0.011226357447496449
fake_violations,0.5,0.85,none,6,0.2457098741505598,1.0,0.39924578119699183,0.175445566521657,-0.018502842531803454
fake_violations,0.5,0.85,none,7,0.24623541584861444,0.550436945234175,0.39525893477957097,0.1723486906160614,-0.011599227819586999
fake_violations,0.5,0.85,none,8,0.26030757658935266,1.0,0.39352115053260656,0.1863301234374568,-0.011413321809541133
fake_violations,0.5,0.85,none,9,0.24634560959428542,1.0,0.3985328465194543,0.2131972790181451,-0.013784888230815029
fake_violations,0.5,0.85,none,10,0.2395987704709678,1.0,0.38994591040024873,0.16277904841428392,-0.018152028523915842
fake_violations,0.75,0.85,none,1,0.1962382525238141,1.0,0.7830346209594536,0.10903782119945715,-0.012074297556651792
fake_violations,0.75,0.85,none,2,0.1665005678265735,0.4126334092261128,0.7883363365973209,0.13464127748896404,-0.01461064845340132
fake_violations,0.75,0.85,none,3,0.18252213761759592,1.0,0.7807984667453614,0.17747174048710823,-0.01173196952370359
fake_violations,0.75,0.85,none,4,0.18837752132132082,1.0,0.789197303756977,0.15171150634367403,-0.006887508670632703
fake_violations,0.75,0.85,none,5,0.1951946967884041,0.4126334092261128,0.79021561645319,0.1584448371044398,-0.007737028452729389
fake_violations,0.75,0.85,none,6,0.1871040504189832,1.0,0.7892337644442561,0.10876976971591334,-0.015571995100979286
fake_violations,0.75,0.85,none,7,0.18411245262318815,0.4126334092261128,0.7855844822879173,0.12108402230656523,-0.011886944288209356
fake_violations,0.75,0.85,none,8,0.19522339602773486,1.0,0.7888333999981987,0.14225376640796572,-0.00860138458335169
fake_violations,0.75,0.85,none,9,0.18543344340875986,1.0,0.7900294270724567,0.15551497405277237,-0.013753127042728575
fake_violations,0.75,0.85,none,10,0.18140917348353475,1.0,0.7770960036577761,0.11350169117148323,-0.014702616197509788
missing_equity,0.0,0.85,none,1,0.5078333333333334,1.08,0.0,0.24975293654439845,-0.02449050067879277
missing_equity,0.0,0.85,none,2,0.44383333333333336,1.08,0.0,0.3086577986870578,-0.03304324190112573
missing_equity,0.0,0.85,none,3,0.460625,1.08,0.0,0.34630079048519713,-0.023076321793892962
missing_equity,0.0,0.85,none,4,0.48516666666666663,1.08,0.0,0.34263010112652403,-0.012068395324550507
missing_equity,0.0,0.85,none,5,0.5215,1.08,0.0,0.3646668375346851,-0.024029602249289184
missing_equity,0.0,0.85,none,6,0.4784166666666667,1.08,0.0,0.25489127081855645,-0.0358274602862676
missing_equity,0.0,0.85,none,7,0.4875,1.08,0.0,0.31451525027532945,-0.038511135526077656
missing_equity,0.0,0.85,none,8,0.5148333333333334,1.08,0.0,0.32749663386992256,-0.019535566185919118
missing_equity,0.0,0.85,none,9,0.48512500000000003,1.08,0.0,0.3881756205095961,-0.020681993685259692
missing_equity,0.0,0.85,none,10,0.46549999999999997,1.08,0.0,0.27010771716766135,-0.03134185684403512
missing_equity,0.1,0.85,none,1,0.5078333333333334,1.08,0.0,0.24975293654439845,-0.02449050067879277
missing_equity,0.1,0.85,none,2,0.44383333333333336,1.08,0.0,0.3086577986870578,-0.03304324190112573
missing_equity,0.1,0.85,none,3,0.460625,1.08,0.0,0.34630079048519713,-0.023076321793892962
missing_equity,0.1,0.85,none,4,0.48516666666666663,1.08,0.0,0.34263010112652403,-0.012068395324550507
missing_equity,0.1,0.85,none,5,0.5215,1.08,0.0,0.3646668375346851,-0.024029602249289184
missing_equity,0.1,0.85,none,6,0.4784166666666667,1.08,0.0,0.25489127081855645,-0.0358274602862676
missing_equity,0.1,0.85,none,7,0.4875,1.08,0.0,0.31451525027532945,-0.038511135526077656
missing_equity,0.1,0.85,none,8,0.5148333333333334,1.08,0.0,0.32749663386992256,-0.019535566185919118
missing_equity,0.1,0.85,none,9,0.48512500000000003,1.08,0.0,0.3881756205095961,-0.020681993685259692
missing_equity,0.1,0.85,none,10,0.46549999999999997,1.08,0.0,0.27010771716766135,-0.03134185684403512
missing_equity,0.25,0.85,none,1,0.47203441535314866,1.068739646196963,0.2065921119146995,0.25301917067402657,-0.02049944807212578
missing_equity,0.25,0.85,none,2,0.41260944373569985,1.068739646196963,0.1907086193979409,0.30300858425174493,-0.029327037446753357
missing_equity,0.25,0.85,none,3,0.43481976433915703,1.068739646196963,0.1879606272232099,0.33114056350694066,-0.023397737571208665
missing_equity,0.25,0.85,none,4,0.4535229199283428,1.068739646196963,0.1933417150989416,0.3367259099970792,-0.011295117409398259
missing_equity,0.25,0.85,none,5,0.48540686801565947,1.068739646196963,0.20007261032094562,0.35216609468678706,-0.019904407479866104
missing_equity,0.25,0.85,none,6,0.4481717132415767,1.068739646196963,0.19640474528362162,0.24636109970370446,-0.03485347710826259
missing_equity,0.25,0.85,none,7,0.4589256941717604,1.068739646196963,0.19419009526798434,0.3116927197156545,-0.03773601243980873
missing_equity,0.25,0.85,none,8,0.480244553246565,1.068739646196963,0.19871011094713875,0.32034477043434606,-0.01935401924307989
missing_equity,0.25,0.85,none,9,0.4576536944644335,1.068739646196963,0.19713955273649733,0.37126288212217395,-0.02001979455796621
missing_equity,0.25,0.85,none,10,0.43100166601784234,1.068739646196963,0.18940829852127558,0.26196504235156604,-0.031267044392416565
missing_equity,0.5,0.85,none,1,0.4356170577307553,1.0531543814176727,0.4050261668848459,0.2559085813180013,-0.016279219655260913
missing_equity,0.5,0.85,none,2,0.38068896740318053,1.0531543814176727,0.3926938918826352,0.29970747058555114,-0.022545958398014543
missing_equity,0.5,0.85,none,3,0.39535112291540625,1.0554921711345662,0.38584553503162383,0.31485957882971105,-0.022095625588948953
missing_equity,0.5,0.85,none,4,0.41312222304612606,1.0531543814176727,0.39674356733260674,0.3171172505358939,-0.0175255017523126
missing_equity,0.5,0.85,none,5,0.4394489102841738,1.0531543814176727,0.40507435057638425,0.3360589423918916,-0.017636947398937952
missing_equity,0.5,0.85,none,6,0.4133749004995666,1.0554921711345662,0.39924578119699183,0.2283786251084372,-0.03210333283937872
missing_equity,0.5,0.85,none,7,0.42811328612364286,1.0554921711345662,0.39525893477957097,0.313277830057779,-0.03478679319322575
missing_equity,0.5,0.85,none,8,0.4410972659218951,1.0554921711345662,0.39352115053260656,0.31696232006153346,-0.01810626180790953
missing_equity,0.5,0.85,none,9,0.42891167900556304,1.0554921711345662,0.3985328465194543,0.34073319973114646,-0.018242037781176057
missing_equity,0.5,0.85,none,10,0.3965306903715039,1.0554921711345662,0.38994591040024873,0.25999968876742763,-0.0299243792966164
missing_equity,0.75,0.85,none,1,0.2996614141392012,1.0,0.7830346209594536,0.16010453743536224,-0.025606329204063694
missing_equity,0.75,0.85,none,2,0.25615471973319,0.6348206295786349,0.7883363365973209,0.2280635871918295,-0.01876450332740287
missing_equity,0.75,0.85,none,3,0.2763161091552757,1.0,0.7807984667453614,0.24567567894811937,-0.016203458210033883
missing_equity,0.75,0.85,none,4,0.285324391776391,1.0,0.789197303756977,0.2352741105379219,-0.01324799400889165
missing_equity,0.75,0.85,none,5,0.30029953352062166,0.6348206295786349,0.79021561645319,0.2522881230770242,-0.01209613708161239
missing_equity,0.75,0.85,none,6,0.2833652057727946,1.0,0.7892337644442561,0.19974890754030583,-0.023607044701988156
missing_equity,0.75,0.85,none,7,0.2832499271125971,0.6348206295786349,0.7855844822879173,0.17827755639293397,-0.027284635964713977
missing_equity,0.75,0.85,none,8,0.2981000964529254,1.0,0.7888333999981987,0.21410160649128862,-0.01321895308081078
missing_equity,0.75,0.85,none,9,0.2830386308852716,1.0,0.7900294270724567,0.25364557391035714,-0.013802930132967628
missing_equity,0.75,0.85,none,10,0.27684744638492526,1.0,0.7770960036577761,0.19090482136855513,-0.02163837442487737
loss_streak,0.0,0.85,none,1,0.5078333333333334,1.08,0.0,0.24975293654439845,-0.02449050067879277
loss_streak,0.0,0.85,none,2,0.44383333333333336,1.08,0.0,0.3086577986870578,-0.03304324190112573
loss_streak,0.0,0.85,none,3,0.460625,1.08,0.0,0.34630079048519713,-0.023076321793892962
loss_streak,0.0,0.85,none,4,0.48516666666666663,1.08,0.0,0.34263010112652403,-0.012068395324550507
loss_streak,0.0,0.85,none,5,0.5215,1.08,0.0,0.3646668375346851,-0.024029602249289184
loss_streak,0.0,0.85,none,6,0.4784166666666667,1.08,0.0,0.25489127081855645,-0.0358274602862676
loss_streak,0.0,0.85,none,7,0.4875,1.08,0.0,0.31451525027532945,-0.038511135526077656
loss_streak,0.0,0.85,none,8,0.5148333333333334,1.08,0.0,0.32749663386992256,-0.019535566185919118
loss_streak,0.0,0.85,none,9,0.48512500000000003,1.08,0.0,0.3881756205095961,-0.020681993685259692
loss_streak,0.0,0.85,none,10,0.46549999999999997,1.08,0.0,0.27010771716766135,-0.03134185684403512
loss_streak,1.0,0.85,none,1,0.32375000000000004,1.0,0.0,0.17611299134494418,-0.02747946431317827
loss_streak,1.0,0.85,none,2,0.27895833333333336,0.6500000000000001,0.0,0.2511362157608983,-0.017517931283610122
loss_streak,1.0,0.85,none,3,0.298125,1.0,0.0,0.2651586750977124,-0.014032870451943125
loss_streak,1.0,0.85,none,4,0.30895833333333333,1.0,0.0,0.2647664452791558,-0.010755652340457611
loss_streak,1.0,0.85,none,5,0.3277083333333334,0.6500000000000001,0.0,0.2806025481707781,-0.014106285052018719
loss_streak,1.0,0.85,none,6,0.30625,1.0,0.0,0.23516999639608405,-0.019516505254399963
loss_streak,1.0,0.85,none,7,0.30604166666666666,0.6500000000000001,0.0,0.20137641460098865,-0.025744826552947964
loss_streak,1.0,0.85,none,8,0.32375000000000004,1.0,0.0,0.22786805117602538,-0.014250161156606822
loss_streak,1.0,0.85,none,9,0.3075,1.0,0.0,0.2661493532874353,-0.01407040484410127
loss_streak,1.0,0.85,none,10,0.2966666666666667,1.0,0.0,0.21197630375033705,-0.02178100725209864
loss_streak,3.0,0.85,none,1,0.32375000000000004,1.0,0.0,0.17611299134494418,-0.02747946431317827
loss_streak,3.0,0.85,none,2,0.27895833333333336,0.6500000000000001,0.0,0.2511362157608983,-0.017517931283610122
loss_streak,3.0,0.85,none,3,0.298125,1.0,0.0,0.2651586750977124,-0.014032870451943125
loss_streak,3.0,0.85,none,4,0.30895833333333333,1.0,0.0,0.2647664452791558,-0.010755652340457611
loss_streak,3.0,0.85,none,5,0.3277083333333334,0.6500000000000001,0.0,0.2806025481707781,-0.014106285052018719
loss_streak,3.0,0.85,none,6,0.30625,1.0,0.0,0.23516999639608405,-0.019516505254399963
loss_streak,3.0,0.85,none,7,0.30604166666666666,0.6500000000000001,0.0,0.20137641460098865,-0.025744826552947964
loss_streak,3.0,0.85,none,8,0.32375000000000004,1.0,0.0,0.22786805117602538,-0.014250161156606822
loss_streak,3.0,0.85,none,9,0.3075,1.0,0.0,0.2661493532874353,-0.01407040484410127
loss_streak,3.0,0.85,none,10,0.2966666666666667,1.0,0.0,0.21197630375033705,-0.02178100725209864
loss_streak,5.0,0.85,none,1,0.32375000000000004,1.0,0.0,0.17611299134494418,-0.02747946431317827
loss_streak,5.0,0.85,none,2,0.27895833333333336,0.6500000000000001,0.0,0.2511362157608983,-0.017517931283610122
loss_streak,5.0,0.85,none,3,0.298125,1.0,0.0,0.2651586750977124,-0.014032870451943125
loss_streak,5.0,0.85,none,4,0.30895833333333333,1.0,0.0,0.2647664452791558,-0.010755652340457611
loss_streak,5.0,0.85,none,5,0.3277083333333334,0.6500000000000001,0.0,0.2806025481707781,-0.014106285052018719
loss_streak,5.0,0.85,none,6,0.30625,1.0,0.0,0.23516999639608405,-0.019516505254399963
loss_streak,5.0,0.85,none,7,0.30604166666666666,0.6500000000000001,0.0,0.20137641460098865,-0.025744826552947964
loss_streak,5.0,0.85,none,8,0.32375000000000004,1.0,0.0,0.22786805117602538,-0.014250161156606822
loss_streak,5.0,0.85,none,9,0.3075,1.0,0.0,0.2661493532874353,-0.01407040484410127
loss_streak,5.0,0.85,none,10,0.2966666666666667,1.0,0.0,0.21197630375033705,-0.02178100725209864
fake_rejections,0.0,0.6,max-position,1,0.5078333333333334,1.08,0.0,0.17096533623996413,-0.024847508412677466
fake_rejections,0.0,0.6,max-position,2,0.44316666666666665,1.08,0.0,0.21656990887474947,-0.025027173244082213
fake_rejections,0.0,0.6,max-position,3,0.46950000000000003,1.08,0.0,0.260920410483946,-0.018211716103278874
fake_rejections,0.0,0.6,max-position,4,0.48283333333333334,1.08,0.0,0.24028809615696844,-0.01272159971382425
fake_rejections,0.0,0.6,max-position,5,0.5191666666666667,1.08,0.0,0.2603792274472121,-0.01769795712578537
fake_rejections,0.0,0.6,max-position,6,0.48333333333333334,1.08,0.0,0.23182859894868124,-0.025071824985390512
fake_rejections,0.0,0.6,max-position,7,0.48550000000000004,1.08,0.0,0.22899675331975122,-0.019746962112851096
fake_rejections,0.0,0.6,max-position,8,0.5118333333333334,1.08,0.0,0.22487385035892338,-0.02041662445386061
fake_rejections,0.0,0.6,max-position,9,0.4895,1.08,0.0,0.3021476715768088,-0.011401579459775157
fake_rejections,0.0,0.6,max-position,10,0.44554166666666667,1.08,0.008333333333333333,0.1678943879079411,-0.026497952500497912
fake_rejections,0.1,0.6,max-position,1,0.5078333333333334,1.08,0.0,0.17096533623996413,-0.024847508412677466
fake_rejections,0.1,0.6,max-position,2,0.44316666666666665,1.08,0.0,0.21656990887474947,-0.025027173244082213
fake_rejections,0.1,0.6,max-position,3,0.46950000000000003,1.08,0.0,0.260920410483946,-0.018211716103278874
fake_rejections,0.1,0.6,max-position,4,0.48283333333333334,1.08,0.0,0.24028809615696844,-0.01272159971382425
fake_rejections,0.1,0.6,max-position,5,0.5191666666666667,1.08,0.0,0.2603792274472121,-0.01769795712578537
fake_rejections,0.1,0.6,max-position,6,0.48333333333333334,1.08,0.0,0.23182859894868124,-0.025071824985390512
fake_rejections,0.1,0.6,max-position,7,0.48550000000000004,1.08,0.0,0.22899675331975122,-0.019746962112851096
fake_rejections,0.1,0.6,max-position,8,0.5118333333333334,1.08,0.0,0.22487385035892338,-0.02041662445386061
fake_rejections,0.1,0.6,max-position,9,0.4895,1.08,0.0,0.3021476715768088,-0.011401579459775157
fake_rejections,0.1,0.6,max-position,10,0.44554166666666667,1.08,0.008333333333333333,0.1678943879079411,-0.026497952500497912
fake_rejections,0.25,0.6,max-position,1,0.43967152440434887,1.0,0.22693417191651122,0.1598692650611513,-0.026348283587908528
fake_rejections,0.25,0.6,max-position,2,0.38900503122831365,0.9718945176960445,0.18207463979693195,0.21030339814259236,-0.02262122881027917
fake_rejections,0.25,0.6,max-position,3,0.4144618898912792,1.0,0.17170139264935674,0.24595026155319433,-0.01622287675626677
fake_rejections,0.25,0.6,max-position,4,0.4290755840851261,1.0,0.18326641421662349,0.2348825482552217,-0.014062539876401492
fake_rejections,0.25,0.6,max-position,5,0.4477113694193847,0.9718945176960445,0.2112347554393027,0.2551353213998768,-0.01617621961643989
fake_rejections,0.25,0.6,max-position,6,0.4210791117279667,1.0,0.19630606362947675,0.21933201039268857,-0.022936817167033552
fake_rejections,0.25,0.6,max-position,7,0.42914208882720334,0.9718945176960445,0.18622217580647804,0.2200311179426575,-0.018027135988505694
fake_rejections,0.25,0.6,max-position,8,0.4465735600277585,1.0,0.20437779336231368,0.2152080225928492,-0.017985969647501765
fake_rejections,0.25,0.6,max-position,9,0.4217268100855887,1.0,0.19692693047031443,0.2866818610703148,-0.012620022249000273
fake_rejections,0.25,0.6,max-position,10,0.4007029262086514,1.0,0.18134231963083636,0.1616476808457703,-0.023946523162729605
fake_rejections,0.5,0.6,max-position,1,0.33840446449225076,1.0,0.42107793151958905,0.16251911392946705,-0.015027241687812887
fake_rejections,0.5,0.6,max-position,2,0.30602185981956975,0.9250520471894518,0.3887212909105349,0.19705829051750712,-0.014665913782381246
fake_rejections,0.5,0.6,max-position,3,0.34680314596345135,1.0,0.3639147739248371,0.22847331937369897,-0.013412778375234358
fake_rejections,0.5,0.6,max-position,4,0.3569081077955124,1.0,0.3940895572316366,0.21556846826489395,-0.015111048278388273
fake_rejections,0.5,0.6,max-position,5,0.3496742713393477,0.9250520471894518,0.4237321724317763,0.22880291388004137,-0.012851254216532881
fake_rejections,0.5,0.6,max-position,6,0.33237060490400183,1.0,0.4042382463047675,0.19523128697458159,-0.019886493617051193
fake_rejections,0.5,0.6,max-position,7,0.3523953273189914,0.9250520471894519,0.38850370908252263,0.20890085873087316,-0.010611201435347994
fake_rejections,0.5,0.6,max-position,8,0.364441938468656,1.0,0.3846087550217866,0.1988196630306105,-0.014455258419837747
fake_rejections,0.5,0.6,max-position,9,0.3396071882951654,1.0,0.4015679363348392,0.25778563304500546,-0.015411127807610114
fake_rejections,0.5,0.6,max-position,10,0.3380157009021513,1.0,0.3783060699991308,0.15194053786167028,-0.025986233134211
fake_rejections,0.75,0.6,max-position,1,0.1968041579921351,1.0,0.7768885707475217,0.1052071755336903,-0.01529342991430549
fake_rejections,0.75,0.6,max-position,2,0.16454863520703217,0.4659611380985427,0.7944162697174637,0.13437778516781895,-0.012976236293195553
fake_rejections,0.75,0.6,max-position,3,0.18259513069627575,1.0,0.7709582596918018,0.16817131186340695,-0.008856726064836784
fake_rejections,0.75,0.6,max-position,4,0.18770732130464957,1.0,0.7930252474862255,0.13942292061924255,-0.010058278564807899
fake_rejections,0.75,0.6,max-position,5,0.19303030303030302,0.4659611380985428,0.798869668009466,0.15496223414688304,-0.00728250474696035
fake_rejections,0.75,0.6,max-position,6,0.18704386421466576,1.0,0.7938564265921497,0.10873054293189299,-0.01705915684295123
fake_rejections,0.75,0.6,max-position,7,0.18579617742308582,0.4659611380985428,0.7785072681918013,0.116483906346188,-0.016418100001611147
fake_rejections,0.75,0.6,max-position,8,0.19420671408743928,1.0,0.7905470459349596,0.13735403128488533,-0.00847765228439834
fake_rejections,0.75,0.6,max-position,9,0.1841514862364099,1.0,0.7964078019306265,0.16111378209623917,-0.009388430200021003
fake_rejections,0.75,0.6,max-position,10,0.18492583275503124,1.0,0.7589316525534572,0.11559510180332633,-0.01447466198341718
fake_violations,0.0,0.6,max-position,1,0.5078333333333334,1.08,0.0,0.17096533623996413,-0.024847508412677466
fake_violations,0.0,0.6,max-position,2,0.44316666666666665,1.08,0.0,0.21656990887474947,-0.025027173244082213
fake_violations,0.0,0.6,max-position,3,0.46950000000000003,1.08,0.0,0.260920410483946,-0.018211716103278874
fake_violations,0.0,0.6,max-position,4,0.48283333333333334,1.08,0.0,0.24028809615696844,-0.01272159971382425
fake_violations,0.0,0.6,max-position,5,0.5191666666666667,1.08,0.0,0.2603792274472121,-0.01769795712578537
fake_violations,0.0,0.6,max-position,6,0.48333333333333334,1.08,0.0,0.23182859894868124,-0.025071824985390512
fake_violations,0.0,0.6,max-position,7,0.48550000000000004,1.08,0.0,0.22899675331975122,-0.019746962112851096
fake_violations,0.0,0.6,max-position,8,0.5118333333333334,1.08,0.0,0.22487385035892338,-0.02041662445386061
fake_violations,0.0,0.6,max-position,9,0.4895,1.08,0.0,0.3021476715768088,-0.011401579459775157
fake_violations,0.0,0.6,max-position,10,0.44554166666666667,1.08,0.008333333333333333,0.1678943879079411,-0.026497952500497912
fake_violations,0.1,0.6,max-position,1,0.5078333333333334,1.08,0.0,0.17096533623996413,-0.024847508412677466
fake_violations,0.1,0.6,max-position,2,0.44316666666666665,1.08,0.0,0.21656990887474947,-0.025027173244082213
fake_violations,0.1,0.6,max-position,3,0.46950000000000003,1.08,0.0,0.260920410483946,-0.018211716103278874
fake_violations,0.1,0.6,max-position,4,0.48283333333333334,1.08,0.0,0.24028809615696844,-0.01272159971382425
fake_violations,0.1,0.6,max-position,5,0.5191666666666667,1.08,0.0,0.2603792274472121,-0.01769795712578537
fake_violations,0.1,0.6,max-position,6,0.48333333333333334,1.08,0.0,0.23182859894868124,-0.025071824985390512
fake_violations,0.1,0.6,max-position,7,0.48550000000000004,1.08,0.0,0.22899675331975122,-0.019746962112851096
fake_violations,0.1,0.6,max-position,8,0.5118333333333334,1.08,0.0,0.22487385035892338,-0.02041662445386061
fake_violations,0.1,0.6,max-position,9,0.4895,1.08,0.0,0.3021476715768088,-0.011401579459775157
fake_violations,0.1,0.6,max-position,10,0.44554166666666667,1.08,0.008333333333333333,0.1678943879079411,-0.026497952500497912
fake_violations,0.25,0.6,max-position,1,0.28724482419616015,1.0,0.22693417191651122,0.1503190082526369,-0.016230227651132023
fake_violations,0.25,0.6,max-position,2,0.25285327029840393,0.6317314365024289,0.18207463979693195,0.18263435726121857,-0.019206546374392564
fake_violations,0.25,0.6,max-position,3,0.27231689509599816,1.0,0.17170139264935674,0.20977957596843222,-0.012989644205496087
fake_violations,0.25,0.6,max-position,4,0.2818157963219986,1.0,0.18326641421662349,0.19509461468250056,-0.012232217512487042
fake_violations,0.25,0.6,max-position,5,0.2910123901226001,0.6317314365024289,0.2112347554393027,0.2316005464649753,-0.010255112280193601
fake_violations,0.25,0.6,max-position,6,0.27661808928984505,1.0,0.19630606362947675,0.16763928336627143,-0.01778506357981746
fake_violations,0.25,0.6,max-position,7,0.27894235773768217,0.6317314365024289,0.18622217580647804,0.17439023013647015,-0.013289176560127958
fake_violations,0.25,0.6,max-position,8,0.29173114735137634,1.0,0.20437779336231368,0.19184638657401698,-0.012207465157313746
fake_violations,0.25,0.6,max-position,9,0.275580759888966,1.0,0.19692693047031443,0.24575818629271207,-0.009378622230393874
fake_violations,0.25,0.6,max-position,10,0.26956829747860284,1.0,0.18134231963083636,0.15615019324548185,-0.0210075331277908
fake_violations,0.5,0.6,max-position,1,0.25609617164006476,1.0,0.42107793151958905,0.1440338247914299,-0.013214391880485454
fake_violations,0.5,0.6,max-position,2,0.22155895789960675,0.6012838306731437,0.3887212909105349,0.1695357428528037,-0.01623225304319076
fake_violations,0.5,0.6,max-position,3,0.24575511797362942,1.0,0.3639147739248371,0.2094551663196349,-0.012657619754302685
fake_violations,0.5,0.6,max-position,4,0.2541902324774462,1.0,0.3940895572316366,0.1843290976645362,-0.011951312958648819
fake_violations,0.5,0.6,max-position,5,0.2567052683321767,0.6012838306731437,0.4237321724317763,0.20683682212847354,-0.009159552887496258
fake_violations,0.5,0.6,max-position,6,0.24359747281980107,1.0,0.4042382463047675,0.15996562113199175,-0.015787581858300648
fake_violations,0.5,0.6,max-position,7,0.2495782731899144,0.6012838306731437,0.38850370908252263,0.17081596608366478,-0.010479945777772115
fake_violations,0.5,0.6,max-position,8,0.2610692805921814,1.0,0.3846087550217866,0.17785957611398562,-0.011537264255794155
fake_violations,0.5,0.6,max-position,9,0.2454075584085126,1.0,0.4015679363348392,0.22464665408717144,-0.009657175301458376
fake_violations,0.5,0.6,max-position,10,0.24154710270645385,1.0,0.3783060699991308,0.15171034143832784,-0.017077857886179992
fake_violations,0.75,0.6,max-position,1,0.1968041579921351,1.0,0.7768885707475217,0.1052071755336903,-0.01529342991430549
fake_violations,0.75,0.6,max-position,2,0.16454863520703217,0.4659611380985427,0.7944162697174637,0.13437778516781895,-0.012976236293195553
fake_violations,0.75,0.6,max-position,3,0.18259513069627575,1.0,0.7709582596918018,0.16817131186340695,-0.008856726064836784
fake_violations,0.75,0.6,max-position,4,0.18770732130464957,1.0,0.7930252474862255,0.13942292061924255,-0.010058278564807899
fake_violations,0.75,0.6,max-position,5,0.19303030303030302,0.4659611380985428,0.798869668009466,0.15496223414688304,-0.00728250474696035
fake_violations,0.75,0.6,max-position,6,0.18704386421466576,1.0,0.7938564265921497,0.10873054293189299,-0.01705915684295123
fake_violations,0.75,0.6,max-position,7,0.18579617742308582,0.4659611380985428,0.7785072681918013,0.116483906346188,-0.016418100001611147
fake_violations,0.75,0.6,max-position,8,0.19420671408743928,1.0,0.7905470459349596,0.13735403128488533,-0.00847765228439834
fake_violations,0.75,0.6,max-position,9,0.1841514862364099,1.0,0.7964078019306265,0.16111378209623917,-0.009388430200021003
fake_violations,0.75,0.6,max-position,10,0.18492583275503124,1.0,0.7589316525534572,0.11559510180332633,-0.01447466198341718
missing_equity,0.0,0.6,max-position,1,0.5078333333333334,1.08,0.0,0.17096533623996413,-0.024847508412677466
missing_equity,0.0,0.6,max-position,2,0.44316666666666665,1.08,0.0,0.21656990887474947,-0.025027173244082213
missing_equity,0.0,0.6,max-position,3,0.46950000000000003,1.08,0.0,0.260920410483946,-0.018211716103278874
missing_equity,0.0,0.6,max-position,4,0.48283333333333334,1.08,0.0,0.24028809615696844,-0.01272159971382425
missing_equity,0.0,0.6,max-position,5,0.5191666666666667,1.08,0.0,0.2603792274472121,-0.01769795712578537
missing_equity,0.0,0.6,max-position,6,0.48333333333333334,1.08,0.0,0.23182859894868124,-0.025071824985390512
missing_equity,0.0,0.6,max-position,7,0.48550000000000004,1.08,0.0,0.22899675331975122,-0.019746962112851096
missing_equity,0.0,0.6,max-position,8,0.5118333333333334,1.08,0.0,0.22487385035892338,-0.02041662445386061
missing_equity,0.0,0.6,max-position,9,0.4895,1.08,0.0,0.3021476715768088,-0.011401579459775157
missing_equity,0.0,0.6,max-position,10,0.44554166666666667,1.08,0.008333333333333333,0.1678943879079411,-0.026497952500497912
missing_equity,0.1,0.6,max-position,1,0.5078333333333334,1.08,0.0,0.17096533623996413,-0.024847508412677466
missing_equity,0.1,0.6,max-position,2,0.44316666666666665,1.08,0.0,0.21656990887474947,-0.025027173244082213
missing_equity,0.1,0.6,max-position,3,0.46950000000000003,1.08,0.0,0.260920410483946,-0.018211716103278874
missing_equity,0.1,0.6,max-position,4,0.48283333333333334,1.08,0.0,0.24028809615696844,-0.01272159971382425
missing_equity,0.1,0.6,max-position,5,0.5191666666666667,1.08,0.0,0.2603792274472121,-0.01769795712578537
missing_equity,0.1,0.6,max-position,6,0.48333333333333334,1.08,0.0,0.23182859894868124,-0.025071824985390512
missing_equity,0.1,0.6,max-position,7,0.48550000000000004,1.08,0.0,0.22899675331975122,-0.019746962112851096
missing_equity,0.1,0.6,max-position,8,0.5118333333333334,1.08,0.0,0.22487385035892338,-0.02041662445386061
missing_equity,0.1,0.6,max-position,9,0.4895,1.08,0.0,0.3021476715768088,-0.011401579459775157
missing_equity,0.1,0.6,max-position,10,0.44554166666666667,1.08,0.008333333333333333,0.1678943879079411,-0.026497952500497912
missing_equity,0.25,0.6,max-position,1,0.46862988665278743,1.0755031228313672,0.22693417191651122,0.1690595490279323,-0.024071707251712593
missing_equity,0.25,0.6,max-position,2,0.415721431876012,1.0755031228313672,0.18207463979693195,0.20976162376372076,-0.025793182856226005
missing_equity,0.25,0.6,max-position,3,0.4436301758038399,1.0755031228313672,0.17170139264935674,0.2562170645405315,-0.016931560577144844
missing_equity,0.25,0.6,max-position,4,0.45176873698820263,1.0755031228313672,0.18326641421662349,0.23738890220844922,-0.012093672716294579
missing_equity,0.25,0.6,max-position,5,0.4799685403654869,1.0755031228313672,0.2112347554393027,0.2547438821094794,-0.017929460705835565
missing_equity,0.25,0.6,max-position,6,0.45617667129308354,1.0755031228313672,0.19630606362947675,0.21858481711637756,-0.029554441593072633
missing_equity,0.25,0.6,max-position,7,0.45695992366412214,1.0755031228313672,0.18622217580647804,0.2266740292078242,-0.018265606655416322
missing_equity,0.25,0.6,max-position,8,0.47343210733287067,1.0755031228313672,0.20437779336231368,0.21208136396824795,-0.01837859176435097
missing_equity,0.25,0.6,max-position,9,0.4587443326393708,1.0755031228313672,0.19692693047031443,0.29298949665790164,-0.012620191220271804
missing_equity,0.25,0.6,max-position,10,0.4124446564885496,1.0755031228313672,0.18134231963083636,0.1616476808457703,-0.023946523162729605
missing_equity,0.5,0.6,max-position,1,0.42568575063613234,1.0630117973629425,0.42107793151958905,0.1738228170025229,-0.0193287201521104
missing_equity,0.5,0.6,max-position,2,0.3791585704371964,1.0630117973629425,0.3887212909105349,0.20443152586468005,-0.018168904415062026
missing_equity,0.5,0.6,max-position,3,0.40720367800138796,1.0680083275503123,0.3639147739248371,0.2386416378669316,-0.01606348447874517
missing_equity,0.5,0.6,max-position,4,0.4126649317603516,1.0630117973629425,0.3940895572316366,0.23378307653128805,-0.009645590209869215
missing_equity,0.5,0.6,max-position,5,0.43815602590793434,1.0630117973629425,0.4237321724317763,0.2404518697781468,-0.022439800140070076
missing_equity,0.5,0.6,max-position,6,0.4087461253758964,1.0680083275503123,0.4042382463047675,0.2067269916642438,-0.021489761939832985
missing_equity,0.5,0.6,max-position,7,0.4252853342586167,1.0680083275503123,0.38850370908252263,0.22177583302268844,-0.015969093391340228
missing_equity,0.5,0.6,max-position,8,0.4337738838769373,1.0630117973629425,0.3846087550217866,0.2117764356127536,-0.01762546485319949
missing_equity,0.5,0.6,max-position,9,0.4192866065232478,1.0680083275503123,0.4015679363348392,0.2847897945371962,-0.012453745965855911
missing_equity,0.5,0.6,max-position,10,0.3763576509368494,1.0680083275503123,0.3783060699991308,0.1631096855614773,-0.02103054703007501
missing_equity,0.75,0.6,max-position,1,0.3005320379366181,1.0,0.7768885707475217,0.1331957760543907,-0.02733417663556048
missing_equity,0.75,0.6,max-position,2,0.25315174647235716,0.7168632893823734,0.7944162697174637,0.1853004063294772,-0.016707514892658204
missing_equity,0.75,0.6,max-position,3,0.27642840619939857,1.0,0.7709582596918018,0.21598940680696677,-0.0118948433864291
missing_equity,0.75,0.6,max-position,4,0.284293314827666,1.0,0.7930252474862255,0.20618830609873617,-0.012016495452546572
missing_equity,0.75,0.6,max-position,5,0.296969696969697,0.7168632893823735,0.798869668009466,0.235475528651365,-0.007372984530789939
missing_equity,0.75,0.6,max-position,6,0.28327261161230627,1.0,0.7938564265921497,0.18355518644340374,-0.01737841402589302
missing_equity,0.75,0.6,max-position,7,0.2858402729585936,0.7168632893823735,0.7785072681918013,0.17760792584373974,-0.013474033174149858
missing_equity,0.75,0.6,max-position,8,0.29653597039093227,1.0,0.7905470459349596,0.19461218803466407,-0.012998493981408732
missing_equity,0.75,0.6,max-position,9,0.2810663890816562,1.0,0.7964078019306265,0.2422124494704465,-0.010378059425084074
missing_equity,0.75,0.6,max-position,10,0.27220824658801757,1.0,0.7589316525534572,0.15344659038611885,-0.01797382094735689
loss_streak,0.0,0.6,max-position,1,0.5078333333333334,1.08,0.0,0.17096533623996413,-0.024847508412677466
loss_streak,0.0,0.6,max-position,2,0.44316666666666665,1.08,0.0,0.21656990887474947,-0.025027173244082213
loss_streak,0.0,0.6,max-position,3,0.46950000000000003,1.08,0.0,0.260920410483946,-0.018211716103278874
loss_streak,0.0,0.6,max-position,4,0.48283333333333334,1.08,0.0,0.24028809615696844,-0.01272159971382425
loss_streak,0.0,0.6,max-position,5,0.5191666666666667,1.08,0.0,0.2603792274472121,-0.01769795712578537
loss_streak,0.0,0.6,max-position,6,0.48333333333333334,1.08,0.0,0.23182859894868124,-0.025071824985390512
loss_streak,0.0,0.6,max-position,7,0.48550000000000004,1.08,0.0,0.22899675331975122,-0.019746962112851096
loss_streak,0.0,0.6,max-position,8,0.5118333333333334,1.08,0.0,0.22487385035892338,-0.02041662445386061
loss_streak,0.0,0.6,max-position,9,0.4895,1.08,0.0,0.3021476715768088,-0.011401579459775157
loss_streak,0.0,0.6,max-position,10,0.44554166666666667,1.08,0.008333333333333333,0.1678943879079411,-0.026497952500497912
loss_streak,1.0,0.6,max-position,1,0.32375000000000004,1.0,0.0,0.1441824009643795,-0.02286243436014901
loss_streak,1.0,0.6,max-position,2,0.27895833333333336,0.6500000000000001,0.0,0.18300896434599,-0.02145829740067484
loss_streak,1.0,0.6,max-position,3,0.298125,1.0,0.0,0.21625013311364172,-0.013748069416759656
loss_streak,1.0,0.6,max-position,4,0.30895833333333333,1.0,0.0,0.210830692088662,-0.010316593079659486
loss_streak,1.0,0.6,max-position,5,0.3277083333333334,0.6500000000000001,0.0,0.23928643242097425,-0.014406642275753612
loss_streak,1.0,0.6,max-position,6,0.30625,1.0,0.0,0.19464110283236224,-0.01708955327900885
loss_streak,1.0,0.6,max-position,7,0.30604166666666666,0.6500000000000001,0.0,0.18446119829948682,-0.014982146391749884
loss_streak,1.0,0.6,max-position,8,0.32375000000000004,1.0,0.0,0.20107331231220593,-0.014249655824773888
loss_streak,1.0,0.6,max-position,9,0.3075,1.0,0.0,0.254224636580171,-0.009316313864938919
loss_streak,1.0,0.6,max-position,10,0.2939583333333333,1.0,0.008333333333333333,0.16049996389802224,-0.02115897502331321
loss_streak,3.0,0.6,max-position,1,0.32375000000000004,1.0,0.0,0.1441824009643795,-0.02286243436014901
loss_streak,3.0,0.6,max-position,2,0.27895833333333336,0.6500000000000001,0.0,0.18300896434599,-0.02145829740067484
loss_streak,3.0,0.6,max-position,3,0.298125,1.0,0.0,0.21625013311364172,-0.013748069416759656
loss_streak,3.0,0.6,max-position,4,0.30895833333333333,1.0,0.0,0.210830692088662,-0.010316593079659486
loss_streak,3.0,0.6,max-position,5,0.3277083333333334,0.6500000000000001,0.0,0.23928643242097425,-0.014406642275753612
loss_streak,3.0,0.6,max-position,6,0.30625,1.0,0.0,0.19464110283236224,-0.01708955327900885
loss_streak,3.0,0.6,max-position,7,0.30604166666666666,0.6500000000000001,0.0,0.18446119829948682,-0.014982146391749884
loss_streak,3.0,0.6,max-position,8,0.32375000000000004,1.0,0.0,0.20107331231220593,-0.014249655824773888
loss_streak,3.0,0.6,max-position,9,0.3075,1.0,0.0,0.254224636580171,-0.009316313864938919
loss_streak,3.0,0.6,max-position,10,0.2939583333333333,1.0,0.008333333333333333,0.16049996389802224,-0.02115897502331321
loss_streak,5.0,0.6,max-position,1,0.32375000000000004,1.0,0.0,0.1441824009643795,-0.02286243436014901
loss_streak,5.0,0.6,max-position,2,0.27895833333333336,0.6500000000000001,0.0,0.18300896434599,-0.02145829740067484
loss_streak,5.0,0.6,max-position,3,0.298125,1.0,0.0,0.21625013311364172,-0.013748069416759656
loss_streak,5.0,0.6,max-position,4,0.30895833333333333,1.0,0.0,0.210830692088662,-0.010316593079659486
loss_streak,5.0,0.6,max-position,5,0.3277083333333334,0.6500000000000001,0.0,0.23928643242097425,-0.014406642275753612
loss_streak,5.0,0.6,max-position,6,0.30625,1.0,0.0,0.19464110283236224,-0.01708955327900885
loss_streak,5.0,0.6,max-position,7,0.30604166666666666,0.6500000000000001,0.0,0.18446119829948682,-0.014982146391749884
loss_streak,5.0,0.6,max-position,8,0.32375000000000004,1.0,0.0,0.20107331231220593,-0.014249655824773888
loss_streak,5.0,0.6,max-position,9,0.3075,1.0,0.0,0.254224636580171,-0.009316313864938919
loss_streak,5.0,0.6,max-position,10,0.2939583333333333,1.0,0.008333333333333333,0.16049996389802224,-0.02115897502331321
fake_rejections,0.0,0.6,none,1,0.5078333333333334,1.08,0.0,0.24975293654439845,-0.02449050067879277
fake_rejections,0.0,0.6,none,2,0.44383333333333336,1.08,0.0,0.3086577986870578,-0.03304324190112573
fake_rejections,0.0,0.6,none,3,0.460625,1.08,0.0,0.34630079048519713,-0.023076321793892962
fake_rejections,0.0,0.6,none,4,0.48516666666666663,1.08,0.0,0.34263010112652403,-0.012068395324550507
fake_rejections,0.0,0.6,none,5,0.5215,1.08,0.0,0.3646668375346851,-0.024029602249289184
fake_rejections,0.0,0.6,none,6,0.4784166666666667,1.08,0.0,0.25489127081855645,-0.0358274602862676
fake_rejections,0.0,0.6,none,7,0.4875,1.08,0.0,0.31451525027532945,-0.038511135526077656
fake_rejections,0.0,0.6,none,8,0.5148333333333334,1.08,0.0,0.32749663386992256,-0.019535566185919118
fake_rejections,0.0,0.6,none,9,0.48512500000000003,1.08,0.0,0.3881756205095961,-0.020681993685259692
fake_rejections,0.0,0.6,none,10,0.46549999999999997,1.08,0.0,0.27010771716766135,-0.03134185684403512
fake_rejections,0.1,0.6,none,1,0.5078333333333334,1.08,0.0,0.24975293654439845,-0.02449050067879277
fake_rejections,0.1,0.6,none,2,0.44383333333333336,1.08,0.0,0.3086577986870578,-0.03304324190112573
fake_rejections,0.1,0.6,none,3,0.460625,1.08,0.0,0.34630079048519713,-0.023076321793892962
fake_rejections,0.1,0.6,none,4,0.48516666666666663,1.08,0.0,0.34263010112652403,-0.012068395324550507
fake_rejections,0.1,0.6,none,5,0.5215,1.08,0.0,0.3646668375346851,-0.024029602249289184
fake_rejections,0.1,0.6,none,6,0.4784166666666667,1.08,0.0,0.25489127081855645,-0.0358274602862676
fake_rejections,0.1,0.6,none,7,0.4875,1.08,0.0,0.31451525027532945,-0.038511135526077656
fake_rejections,0.1,0.6,none,8,0.5148333333333334,1.08,0.0,0.32749663386992256,-0.019535566185919118
fake_rejections,0.1,0.6,none,9,0.48512500000000003,1.08,0.0,0.3881756205095961,-0.020681993685259692
fake_rejections,0.1,0.6,none,10,0.46549999999999997,1.08,0.0,0.27010771716766135,-0.03134185684403512
fake_rejections,0.25,0.6,none,1,0.43967152440434887,1.0,0.22693417191651122,0.2361834431408234,-0.026556296093404375
fake_rejections,0.25,0.6,none,2,0.38900503122831365,0.9718945176960445,0.18207463979693195,0.3121794409705998,-0.02407106037496287
fake_rejections,0.25,0.6,none,3,0.4144618898912792,1.0,0.17170139264935674,0.3318876142390055,-0.017864522545280703
fake_rejections,0.25,0.6,none,4,0.4290755840851261,1.0,0.18326641421662349,0.34110500064061955,-0.017556820260995698
fake_rejections,0.25,0.6,none,5,0.4477113694193847,0.9718945176960445,0.2112347554393027,0.3466802833456677,-0.017766032997690973
fake_rejections,0.25,0.6,none,6,0.41866845940319225,1.0,0.19630606362947675,0.25012151739297783,-0.0282147667300765
fake_rejections,0.25,0.6,none,7,0.42914208882720334,0.9718945176960445,0.18622217580647804,0.2989883608941766,-0.032361972622863
fake_rejections,0.25,0.6,none,8,0.4465735600277585,1.0,0.20437779336231368,0.31344792726395476,-0.018917417125725144
fake_rejections,0.25,0.6,none,9,0.4217268100855887,1.0,0.19692693047031443,0.34341259087365983,-0.01658161189797125
fake_rejections,0.25,0.6,none,10,0.4138634917881101,1.0,0.17300898629750303,0.2637236708965114,-0.029835606318902474
fake_rejections,0.5,0.6,none,1,0.3373033772842933,1.0,0.42107793151958905,0.15040915100198782,-0.023992141384649
fake_rejections,0.5,0.6,none,2,0.30602185981956975,0.9250520471894518,0.3887212909105349,0.23613011090416003,-0.021797010596645627
fake_rejections,0.5,0.6,none,3,0.34680314596345135,1.0,0.3639147739248371,0.29411815650923656,-0.02136274298746277
fake_rejections,0.5,0.6,none,4,0.3543588075410595,1.0,0.3940895572316366,0.26518790129945713,-0.025650417753540822
fake_rejections,0.5,0.6,none,5,0.3496742713393477,0.9250520471894518,0.4237321724317763,0.24990892170447987,-0.008176933050176638
fake_rejections,0.5,0.6,none,6,0.33237060490400183,1.0,0.4042382463047675,0.21439228137809963,-0.020168757854915342
fake_rejections,0.5,0.6,none,7,0.3523953273189914,0.9250520471894519,0.38850370908252263,0.25138447810404263,-0.01803345983018123
fake_rejections,0.5,0.6,none,8,0.364441938468656,1.0,0.3846087550217866,0.26861439000916687,-0.015010793381815657
fake_rejections,0.5,0.6,none,9,0.3384524635669674,1.0,0.4015679363348392,0.25717423034947373,-0.017818464767393682
fake_rejections,0.5,0.6,none,10,0.34916811242192924,1.0,0.3734425492959154,0.20919644156796702,-0.026839036575640907
fake_rejections,0.75,0.6,none,1,0.1968041579921351,1.0,0.7768885707475217,0.1050258602774583,-0.014644308546413964
fake_rejections,0.75,0.6,none,2,0.16454863520703217,0.4659611380985427,0.7944162697174637,0.13437778516781895,-0.012976236293195553
fake_rejections,0.75,0.6,none,3,0.18259513069627575,1.0,0.7709582596918018,0.17808233957850428,-0.008850638201478023
fake_rejections,0.75,0.6,none,4,0.18770732130464957,1.0,0.7930252474862255,0.14592716658975968,-0.01005833860545946
fake_rejections,0.75,0.6,none,5,0.19303030303030302,0.4659611380985428,0.798869668009466,0.15536705650109361,-0.007341973267308233
fake_rejections,0.75,0.6,none,6,0.18704386421466576,1.0,0.7938564265921497,0.10511380855129548,-0.017059097372414067
fake_rejections,0.75,0.6,none,7,0.18579617742308582,0.4659611380985428,0.7785072681918013,0.11617103193790768,-0.016818094726603783
fake_rejections,0.75,0.6,none,8,0.19420671408743928,1.0,0.7905470459349596,0.14538724202420616,-0.00847770287381433
fake_rejections,0.75,0.6,none,9,0.1841514862364099,1.0,0.7964078019306265,0.15246284420897305,-0.01375013539786063
fake_rejections,0.75,0.6,none,10,0.18492583275503124,1.0,0.7589316525534572,0.11513377711252892,-0.014597090029026982
fake_violations,0.0,0.6,none,1,0.5078333333333334,1.08,0.0,0.24975293654439845,-0.02449050067879277
fake_violations,0.0,0.6,none,2,0.44383333333333336,1.08,0.0,0.3086577986870578,-0.03304324190112573
fake_violations,0.0,0.6,none,3,0.460625,1.08,0.0,0.34630079048519713,-0.023076321793892962
fake_violations,0.0,0.6,none,4,0.48516666666666663,1.08,0.0,0.34263010112652403,-0.012068395324550507
fake_violations,0.0,0.6,none,5,0.5215,1.08,0.0,0.3646668375346851,-0.024029602249289184
fake_violations,0.0,0.6,none,6,0.4784166666666667,1.08,0.0,0.25489127081855645,-0.0358274602862676
fake_violations,0.0,0.6,none,7,0.4875,1.08,0.0,0.31451525027532945,-0.038511135526077656
fake_violations,0.0,0.6,none,8,0.5148333333333334,1.08,0.0,0.32749663386992256,-0.019535566185919118
fake_violations,0.0,0.6,none,9,0.48512500000000003,1.08,0.0,0.3881756205095961,-0.020681993685259692
fake_violations,0.0,0.6,none,10,0.46549999999999997,1.08,0.0,0.27010771716766135,-0.03134185684403512
fake_violations,0.1,0.6,none,1,0.5078333333333334,1.08,0.0,0.24975293654439845,-0.02449050067879277
fake_violations,0.1,0.6,none,2,0.44383333333333336,1.08,0.0,0.3086577986870578,-0.03304324190112573
fake_violations,0.1,0.6,none,3,0.460625,1.08,0.0,0.34630079048519713,-0.023076321793892962
fake_violations,0.1,0.6,none,4,0.48516666666666663,1.08,0.0,0.34263010112652403,-0.012068395324550507
fake_violations,0.1,0.6,none,5,0.5215,1.08,0.0,0.3646668375346851,-0.024029602249289184
fake_violations,0.1,0.6,none,6,0.4784166666666667,1.08,0.0,0.25489127081855645,-0.0358274602862676
fake_violations,0.1,0.6,none,7,0.4875,1.08,0.0,0.31451525027532945,-0.038511135526077656
fake_violations,0.1,0.6,none,8,0.5148333333333334,1.08,0.0,0.32749663386992256,-0.019535566185919118
fake_violations,0.1,0.6,none,9,0.48512500000000003,1.08,0.0,0.3881756205095961,-0.020681993685259692
fake_violations,0.1,0.6,none,10,0.46549999999999997,1.08,0.0,0.27010771716766135,-0.03134185684403512
fake_violations,0.25,0.6,none,1,0.28724482419616015,1.0,0.22693417191651122,0.1464279904552228,-0.023461817330662105
fake_violations,0.25,0.6,none,2,0.25285327029840393,0.6317314365024289,0.18207463979693195,0.23498029250007324,-0.01684119697943054
fake_violations,0.25,0.6,none,3,0.27231689509599816,1.0,0.17170139264935674,0.23210279227813158,-0.017965539583720047
fake_violations,0.25,0.6,none,4,0.2818157963219986,1.0,0.18326641421662349,0.22778081877663503,-0.012270919425604099
fake_violations,0.25,0.6,none,5,0.2910123901226001,0.6317314365024289,0.2112347554393027,0.2464810456625195,-0.011473542892924016
fake_violations,0.25,0.6,none,6,0.27661808928984505,1.0,0.19630606362947675,0.19394402106303366,-0.023755040297557595
fake_violations,0.25,0.6,none,7,0.27894235773768217,0.6317314365024289,0.18622217580647804,0.18955026981091883,-0.016296349821155576
fake_violations,0.25,0.6,none,8,0.29173114735137634,1.0,0.20437779336231368,0.21194650167454077,-0.012207766567250311
fake_violations,0.25,0.6,none,9,0.275580759888966,1.0,0.19692693047031443,0.23715863604757326,-0.014470301205486313
fake_violations,0.25,0.6,none,10,0.27227663081193615,1.0,0.17300898629750303,0.19929049428544698,-0.018868825302935432
fake_violations,0.5,0.6,none,1,0.25609617164006476,1.0,0.42107793151958905,0.14635321205561835,-0.014307919466194696
fake_violations,0.5,0.6,none,2,0.22155895789960675,0.6012838306731437,0.3887212909105349,0.17869092802865216,-0.01596021390568747
fake_violations,0.5,0.6,none,3,0.24575511797362942,1.0,0.3639147739248371,0.23506722697428262,-0.01301044866737111
fake_violations,0.5,0.6,none,4,0.2541902324774462,1.0,0.3940895572316366,0.20380125000984406,-0.010802757980870936
fake_violations,0.5,0.6,none,5,0.2567052683321767,0.6012838306731437,0.4237321724317763,0.21039041871111297,-0.011572157514073367
fake_violations,0.5,0.6,none,6,0.24359747281980107,1.0,0.4042382463047675,0.18026907589110208,-0.016201399939933525
fake_violations,0.5,0.6,none,7,0.2495782731899144,0.6012838306731437,0.38850370908252263,0.1802952540861975,-0.010480036471113396
fake_violations,0.5,0.6,none,8,0.2610692805921814,1.0,0.3846087550217866,0.1934642711366148,-0.011537452202525222
fake_violations,0.5,0.6,none,9,0.2454075584085126,1.0,0.4015679363348392,0.21219552121131624,-0.013788052547464735
fake_violations,0.5,0.6,none,10,0.24312774693499886,1.0,0.3734425492959154,0.1660495030370226,-0.019276404013272574
fake_violations,0.75,0.6,none,1,0.1968041579921351,1.0,0.7768885707475217,0.1050258602774583,-0.014644308546413964
fake_violations,0.75,0.6,none,2,0.16454863520703217,0.4659611380985427,0.7944162697174637,0.13437778516781895,-0.012976236293195553
fake_violations,0.75,0.6,none,3,0.18259513069627575,1.0,0.7709582596918018,0.17808233957850428,-0.008850638201478023
fake_violations,0.75,0.6,none,4,0.18770732130464957,1.0,0.7930252474862255,0.14592716658975968,-0.01005833860545946
fake_violations,0.75,0.6,none,5,0.19303030303030302,0.4659611380985428,0.798869668009466,0.15536705650109361,-0.007341973267308233
fake_violations,0.75,0.6,none,6,0.18704386421466576,1.0,0.7938564265921497,0.10511380855129548,-0.017059097372414067
fake_violations,0.75,0.6,none,7,0.18579617742308582,0.4659611380985428,0.7785072681918013,0.11617103193790768,-0.016818094726603783
fake_violations,0.75,0.6,none,8,0.19420671408743928,1.0,0.7905470459349596,0.14538724202420616,-0.00847770287381433
fake_violations,0.75,0.6,none,9,0.1841514862364099,1.0,0.7964078019306265,0.15246284420897305,-0.01375013539786063
fake_violations,0.75,0.6,none,10,0.18492583275503124,1.0,0.7589316525534572,0.11513377711252892,-0.014597090029026982
missing_equity,0.0,0.6,none,1,0.5078333333333334,1.08,0.0,0.24975293654439845,-0.02449050067879277
missing_equity,0.0,0.6,none,2,0.44383333333333336,1.08,0.0,0.3086577986870578,-0.03304324190112573
missing_equity,0.0,0.6,none,3,0.460625,1.08,0.0,0.34630079048519713,-0.023076321793892962
missing_equity,0.0,0.6,none,4,0.48516666666666663,1.08,0.0,0.34263010112652403,-0.012068395324550507
missing_equity,0.0,0.6,none,5,0.5215,1.08,0.0,0.3646668375346851,-0.024029602249289184
missing_equity,0.0,0.6,none,6,0.4784166666666667,1.08,0.0,0.25489127081855645,-0.0358274602862676
missing_equity,0.0,0.6,none,7,0.4875,1.08,0.0,0.31451525027532945,-0.038511135526077656
missing_equity,0.0,0.6,none,8,0.5148333333333334,1.08,0.0,0.32749663386992256,-0.019535566185919118
missing_equity,0.0,0.6,none,9,0.48512500000000003,1.08,0.0,0.3881756205095961,-0.020681993685259692
missing_equity,0.0,0.6,none,10,0.46549999999999997,1.08,0.0,0.27010771716766135,-0.03134185684403512
missing_equity,0.1,0.6,none,1,0.5078333333333334,1.08,0.0,0.24975293654439845,-0.02449050067879277
missing_equity,0.1,0.6,none,2,0.44383333333333336,1.08,0.0,0.3086577986870578,-0.03304324190112573
missing_equity,0.1,0.6,none,3,0.460625,1.08,0.0,0.34630079048519713,-0.023076321793892962
missing_equity,0.1,0.6,none,4,0.48516666666666663,1.08,0.0,0.34263010112652403,-0.012068395324550507
missing_equity,0.1,0.6,none,5,0.5215,1.08,0.0,0.3646668375346851,-0.024029602249289184
missing_equity,0.1,0.6,none,6,0.4784166666666667,1.08,0.0,0.25489127081855645,-0.0358274602862676
missing_equity,0.1,0.6,none,7,0.4875,1.08,0.0,0.31451525027532945,-0.038511135526077656
missing_equity,0.1,0.6,none,8,0.5148333333333334,1.08,0.0,0.32749663386992256,-0.019535566185919118
missing_equity,0.1,0.6,none,9,0.48512500000000003,1.08,0.0,0.3881756205095961,-0.020681993685259692
missing_equity,0.1,0.6,none,10,0.46549999999999997,1.08,0.0,0.27010771716766135,-0.03134185684403512
missing_equity,0.25,0.6,none,1,0.4708145963451307,1.0755031228313672,0.22693417191651122,0.2502520230352383,-0.02161531758778934
missing_equity,0.25,0.6,none,2,0.41453128614388157,1.0755031228313672,0.18207463979693195,0.30581501128818966,-0.026861516861833912
missing_equity,0.25,0.6,none,3,0.43571509946796205,1.0755031228313672,0.17170139264935674,0.3262765053704588,-0.02402468260021018
missing_equity,0.25,0.6,none,4,0.45581077955123755,1.0755031228313672,0.18326641421662349,0.3259359398137627,-0.012649807569877547
missing_equity,0.25,0.6,none,5,0.48291886421466573,1.0755031228313672,0.2112347554393027,0.35113956008420155,-0.018504324299219665
missing_equity,0.25,0.6,none,6,0.447083116470044,1.0755031228313672,0.19630606362947675,0.24095269781170137,-0.036686636775404624
missing_equity,0.25,0.6,none,7,0.4617397062225307,1.0755031228313672,0.18622217580647804,0.3137629523909231,-0.03742201471257589
missing_equity,0.25,0.6,none,8,0.47958472125838536,1.0755031228313672,0.20437779336231368,0.3203835423093693,-0.018521456179741103
missing_equity,0.25,0.6,none,9,0.4565992221836687,1.0755031228313672,0.19692693047031443,0.35945462625255864,-0.02069439851145294
missing_equity,0.25,0.6,none,10,0.43338364561647,1.0755031228313672,0.17300898629750303,0.26170772654138963,-0.03212747631203616
missing_equity,0.5,0.6,none,1,0.43616365949572056,1.0630117973629425,0.42107793151958905,0.2496559164731178,-0.02075122148427644
missing_equity,0.5,0.6,none,2,0.38043731205181586,1.0630117973629425,0.3887212909105349,0.30374551428437724,-0.020008442546052052
missing_equity,0.5,0.6,none,3,0.399589174184594,1.0680083275503123,0.3639147739248371,0.30998877072684783,-0.02187201739044642
missing_equity,0.5,0.6,none,4,0.41808778625954196,1.0630117973629425,0.3940895572316366,0.3080098370751372,-0.02063417404617285
missing_equity,0.5,0.6,none,5,0.43815602590793434,1.0630117973629425,0.4237321724317763,0.3214444013132467,-0.02132842882616548
missing_equity,0.5,0.6,none,6,0.4114597501734906,1.0680083275503123,0.4042382463047675,0.2246565665204887,-0.032948134926507944
missing_equity,0.5,0.6,none,7,0.43228996067545683,1.0680083275503123,0.38850370908252263,0.32008920941678953,-0.03521385193793669
missing_equity,0.5,0.6,none,8,0.4414888965995836,1.0680083275503123,0.3846087550217866,0.3122928861614531,-0.01818071274178723
missing_equity,0.5,0.6,none,9,0.423793199167245,1.0680083275503123,0.4015679363348392,0.3271915786799875,-0.018481499268622636
missing_equity,0.5,0.6,none,10,0.39998646773074253,1.0680083275503123,0.3734425492959154,0.25362217250923935,-0.031034488205718858
missing_equity,0.75,0.6,none,1,0.3005320379366181,1.0,0.7768885707475217,0.16120106033543302,-0.02615280364616135
missing_equity,0.75,0.6,none,2,0.25315174647235716,0.7168632893823734,0.7944162697174637,0.22099079382418418,-0.018376868861966655
missing_equity,0.75,0.6,none,3,0.27642840619939857,1.0,0.7709582596918018,0.2546422025176065,-0.012131900074355828
missing_equity,0.75,0.6,none,4,0.284293314827666,1.0,0.7930252474862255,0.22406876632587225,-0.016858318992237886
missing_equity,0.75,0.6,none,5,0.296969696969697,0.7168632893823735,0.798869668009466,0.24590251625854287,-0.011300068476574165
missing_equity,0.75,0.6,none,6,0.28327261161230627,1.0,0.7938564265921497,0.19216003929622816,-0.025450771617188894
missing_equity,0.75,0.6,none,7,0.2858402729585936,0.7168632893823735,0.7785072681918013,0.17424610090065573,-0.03134715675458488
missing_equity,0.75,0.6,none,8,0.29653597039093227,1.0,0.7905470459349596,0.2079450702579777,-0.012998692153713853
missing_equity,0.75,0.6,none,9,0.2810663890816562,1.0,0.7964078019306265,0.23932295608752985,-0.01447182373773892
missing_equity,0.75,0.6,none,10,0.2822576914179968,1.0,0.7589316525534572,0.18615302883799112,-0.02395049115274772
loss_streak,0.0,0.6,none,1,0.5078333333333334,1.08,0.0,0.24975293654439845,-0.02449050067879277
loss_streak,0.0,0.6,none,2,0.44383333333333336,1.08,0.0,0.3086577986870578,-0.03304324190112573
loss_streak,0.0,0.6,none,3,0.460625,1.08,0.0,0.34630079048519713,-0.023076321793892962
loss_streak,0.0,0.6,none,4,0.48516666666666663,1.08,0.0,0.34263010112652403,-0.012068395324550507
loss_streak,0.0,0.6,none,5,0.5215,1.08,0.0,0.3646668375346851,-0.024029602249289184
loss_streak,0.0,0.6,none,6,0.4784166666666667,1.08,0.0,0.25489127081855645,-0.0358274602862676
loss_streak,0.0,0.6,none,7,0.4875,1.08,0.0,0.31451525027532945,-0.038511135526077656
loss_streak,0.0,0.6,none,8,0.5148333333333334,1.08,0.0,0.32749663386992256,-0.019535566185919118
loss_streak,0.0,0.6,none,9,0.48512500000000003,1.08,0.0,0.3881756205095961,-0.020681993685259692
loss_streak,0.0,0.6,none,10,0.46549999999999997,1.08,0.0,0.27010771716766135,-0.03134185684403512
loss_streak,1.0,0.6,none,1,0.32375000000000004,1.0,0.0,0.17611299134494418,-0.02747946431317827
loss_streak,1.0,0.6,none,2,0.27895833333333336,0.6500000000000001,0.0,0.2511362157608983,-0.017517931283610122
loss_streak,1.0,0.6,none,3,0.298125,1.0,0.0,0.2651586750977124,-0.014032870451943125
loss_streak,1.0,0.6,none,4,0.30895833333333333,1.0,0.0,0.2647664452791558,-0.010755652340457611
loss_streak,1.0,0.6,none,5,0.3277083333333334,0.6500000000000001,0.0,0.2806025481707781,-0.014106285052018719
loss_streak,1.0,0.6,none,6,0.30625,1.0,0.0,0.23516999639608405,-0.019516505254399963
loss_streak,1.0,0.6,none,7,0.30604166666666666,0.6500000000000001,0.0,0.20137641460098865,-0.025744826552947964
loss_streak,1.0,0.6,none,8,0.32375000000000004,1.0,0.0,0.22786805117602538,-0.014250161156606822
loss_streak,1.0,0.6,none,9,0.3075,1.0,0.0,0.2661493532874353,-0.01407040484410127
loss_streak,1.0,0.6,none,10,0.2966666666666667,1.0,0.0,0.21197630375033705,-0.02178100725209864
loss_streak,3.0,0.6,none,1,0.32375000000000004,1.0,0.0,0.17611299134494418,-0.02747946431317827
loss_streak,3.0,0.6,none,2,0.27895833333333336,0.6500000000000001,0.0,0.2511362157608983,-0.017517931283610122
loss_streak,3.0,0.6,none,3,0.298125,1.0,0.0,0.2651586750977124,-0.014032870451943125
loss_streak,3.0,0.6,none,4,0.30895833333333333,1.0,0.0,0.2647664452791558,-0.010755652340457611
loss_streak,3.0,0.6,none,5,0.3277083333333334,0.6500000000000001,0.0,0.2806025481707781,-0.014106285052018719
loss_streak,3.0,0.6,none,6,0.30625,1.0,0.0,0.23516999639608405,-0.019516505254399963
loss_streak,3.0,0.6,none,7,0.30604166666666666,0.6500000000000001,0.0,0.20137641460098865,-0.025744826552947964
loss_streak,3.0,0.6,none,8,0.32375000000000004,1.0,0.0,0.22786805117602538,-0.014250161156606822
loss_streak,3.0,0.6,none,9,0.3075,1.0,0.0,0.2661493532874353,-0.01407040484410127
loss_streak,3.0,0.6,none,10,0.2966666666666667,1.0,0.0,0.21197630375033705,-0.02178100725209864
loss_streak,5.0,0.6,none,1,0.32375000000000004,1.0,0.0,0.17611299134494418,-0.02747946431317827
loss_streak,5.0,0.6,none,2,0.27895833333333336,0.6500000000000001,0.0,0.2511362157608983,-0.017517931283610122
loss_streak,5.0,0.6,none,3,0.298125,1.0,0.0,0.2651586750977124,-0.014032870451943125
loss_streak,5.0,0.6,none,4,0.30895833333333333,1.0,0.0,0.2647664452791558,-0.010755652340457611
loss_streak,5.0,0.6,none,5,0.3277083333333334,0.6500000000000001,0.0,0.2806025481707781,-0.014106285052018719
loss_streak,5.0,0.6,none,6,0.30625,1.0,0.0,0.23516999639608405,-0.019516505254399963
loss_streak,5.0,0.6,none,7,0.30604166666666666,0.6500000000000001,0.0,0.20137641460098865,-0.025744826552947964
loss_streak,5.0,0.6,none,8,0.32375000000000004,1.0,0.0,0.22786805117602538,-0.014250161156606822
loss_streak,5.0,0.6,none,9,0.3075,1.0,0.0,0.2661493532874353,-0.01407040484410127
loss_streak,5.0,0.6,none,10,0.2966666666666667,1.0,0.0,0.21197630375033705,-0.02178100725209864
