agent,kind,dose,decay,risk,seed,sample,memory_driven_leverage_amplification,max_memory_driven_leverage_amplification,memory_pollution_ratio,total_return,max_drawdown,turnover_events,hold_ratio,mean_gross_target_exposure
glm:glm-5,fake_violations,0.0,0.85,max-position,1,0,0.0,0.0,0.0,0.21195354888666063,-0.002213411528830367,45,0.08333333333333333,0.6375
glm:glm-5,fake_violations,0.0,0.85,max-position,1,1,0.0,0.0,0.0,0.2088972013175212,-0.002213411528830367,44,0.08333333333333333,0.6416666666666666
glm:glm-5,fake_violations,0.0,0.85,max-position,1,2,0.0,0.0,0.0,0.2088972013175212,-0.002213411528830367,44,0.08333333333333333,0.6416666666666666
glm:glm-5,fake_violations,0.0,0.85,max-position,2,0,0.0,0.0,0.0,0.2457791377749856,-0.0012307564478712951,42,0.08333333333333333,0.6416666666666666
glm:glm-5,fake_violations,0.0,0.85,max-position,2,1,0.0,0.0,0.0,0.2457791377749856,-0.0012307564478712951,42,0.08333333333333333,0.6416666666666666
glm:glm-5,fake_violations,0.0,0.85,max-position,2,2,0.0,0.0,0.0,0.22367506310531193,-0.0012307564478712951,40,0.10416666666666667,0.6270833333333333
glm:glm-5,fake_violations,0.0,0.85,max-position,3,0,0.0,0.0,0.0,0.20825021693002044,-0.001681904306099824,45,0.125,0.6083333333333333
glm:glm-5,fake_violations,0.0,0.85,max-position,3,1,0.0,0.0,0.0,0.20825021693002044,-0.001681904306099824,45,0.125,0.6124999999999999
glm:glm-5,fake_violations,0.0,0.85,max-position,3,2,0.0,0.0,0.0,0.20825021693002044,-0.001681904306099824,45,0.125,0.6124999999999999
glm:glm-5,fake_violations,0.0,0.85,max-position,4,0,0.0,0.0,0.0,0.19262127579542887,-0.002987176367376443,42,0.125,0.6124999999999999
glm:glm-5,fake_violations,0.0,0.85,max-position,4,1,0.0,0.0,0.0,0.21061334046569735,-0.0034456059057849098,42,0.10416666666666667,0.6270833333333333
glm:glm-5,fake_violations,0.0,0.85,max-position,4,2,0.0,0.0,0.0,0.2097536639867077,-0.0034456059057849098,41,0.125,0.6124999999999999
glm:glm-5,fake_violations,0.0,0.85,max-position,5,0,0.0,0.0,0.0,0.1858418208160284,-0.0006962333397607656,43,0.10416666666666667,0.6229166666666667
glm:glm-5,fake_violations,0.0,0.85,max-position,5,1,0.0,0.0,0.0,0.1762834740164554,-0.0006962333397607656,42,0.125,0.6124999999999999
glm:glm-5,fake_violations,0.0,0.85,max-position,5,2,0.0,0.0,0.0,0.18880111576116265,-0.0006962333397607656,43,0.10416666666666667,0.6270833333333333
glm:glm-5,fake_violations,0.0,0.85,max-position,6,0,0.0,0.0,0.0,0.20210152588728825,-0.003728902274806156,42,0.10416666666666667,0.6270833333333333
glm:glm-5,fake_violations,0.0,0.85,max-position,6,1,0.0,0.0,0.0,0.21562007553746088,-0.003728902274806156,43,0.041666666666666664,0.6708333333333333
glm:glm-5,fake_violations,0.0,0.85,max-position,6,2,0.0,0.0,0.0,0.21562007553746088,-0.003728902274806156,43,0.041666666666666664,0.6708333333333333
glm:glm-5,fake_violations,0.0,0.85,max-position,7,0,0.0,0.0,0.0,0.1579916886048538,-0.0031405533616956083,41,0.16666666666666666,0.5833333333333334
glm:glm-5,fake_violations,0.0,0.85,max-position,7,1,0.0,0.0,0.0,0.1579916886048538,-0.0031405533616956083,41,0.16666666666666666,0.5833333333333334
glm:glm-5,fake_violations,0.0,0.85,max-position,7,2,0.0,0.0,0.0,0.1579916886048538,-0.0031405533616956083,41,0.16666666666666666,0.5833333333333334
glm:glm-5,fake_violations,0.0,0.85,max-position,8,0,0.0,0.0,0.0,0.15217037075449724,-0.0013752041883615673,42,0.14583333333333334,0.5979166666666667
glm:glm-5,fake_violations,0.0,0.85,max-position,8,1,0.0,0.0,0.0,0.16006701954242697,-0.0015674496539717087,42,0.125,0.6124999999999999
glm:glm-5,fake_violations,0.0,0.85,max-position,8,2,0.0,0.0,0.0,0.15217037075449724,-0.0013752041883615673,42,0.14583333333333334,0.5979166666666667
glm:glm-5,fake_violations,0.0,0.85,max-position,9,0,0.0,0.0,0.0,0.1743043903391963,-0.008394547915742456,41,0.16666666666666666,0.5833333333333334
glm:glm-5,fake_violations,0.0,0.85,max-position,9,1,0.0,0.0,0.0,0.1531959503452407,-0.008394547915742456,42,0.16666666666666666,0.5833333333333334
glm:glm-5,fake_violations,0.0,0.85,max-position,9,2,0.0,0.0,0.0,0.1606958932007223,-0.008394547915742456,43,0.14583333333333334,0.5979166666666667
glm:glm-5,fake_violations,0.0,0.85,max-position,10,0,0.0,0.0,0.0,0.2214470313815904,-0.01028735092810118,43,0.10416666666666667,0.6270833333333333
glm:glm-5,fake_violations,0.0,0.85,max-position,10,1,0.0,0.0,0.0,0.2214470313815904,-0.01028735092810118,43,0.125,0.6124999999999999
glm:glm-5,fake_violations,0.0,0.85,max-position,10,2,0.0,0.0,0.0,0.2214470313815904,-0.01028735092810118,43,0.10416666666666667,0.6270833333333333
glm:glm-5,fake_violations,0.0,0.85,max-position,11,0,0.0,0.0,0.0,0.22935883024582093,-0.0010241671781329176,42,0.08333333333333333,0.6416666666666666
glm:glm-5,fake_violations,0.0,0.85,max-position,11,1,0.0,0.0,0.0,0.22935883024582093,-0.0010241671781329176,42,0.08333333333333333,0.6416666666666666
glm:glm-5,fake_violations,0.0,0.85,max-position,11,2,0.0,0.0,0.0,0.22935883024582093,-0.0010241671781329176,42,0.08333333333333333,0.6416666666666666
glm:glm-5,fake_violations,0.0,0.85,max-position,12,0,0.0,0.0,0.0,0.16199222565009208,-0.003157260235428838,39,0.20833333333333334,0.5541666666666666
glm:glm-5,fake_violations,0.0,0.85,max-position,12,1,0.0,0.0,0.0,0.2056003114317111,-0.0004823037095740279,42,0.1875,0.56875
glm:glm-5,fake_violations,0.0,0.85,max-position,12,2,0.0,0.0,0.0,0.2056003114317111,-0.0004823037095740279,42,0.1875,0.56875
glm:glm-5,fake_violations,0.0,0.85,max-position,13,0,0.0,0.0,0.0,0.17636102278118204,-0.0004173808739843521,39,0.14583333333333334,0.5979166666666667
glm:glm-5,fake_violations,0.0,0.85,max-position,13,1,0.0,0.0,0.0,0.18290163989413277,-0.0004173808739843521,38,0.16666666666666666,0.5833333333333334
glm:glm-5,fake_violations,0.0,0.85,max-position,13,2,0.0,0.0,0.0,0.190019930789749,-0.0004173808739843521,39,0.14583333333333334,0.5979166666666667
glm:glm-5,fake_violations,0.0,0.85,max-position,14,0,0.0,0.0,0.0,0.21891694254700278,-0.0019726999805178558,43,0.16666666666666666,0.5833333333333334
glm:glm-5,fake_violations,0.0,0.85,max-position,14,1,0.0,0.0,0.0,0.21792686738688305,-0.0019418155041871499,44,0.125,0.6124999999999999
glm:glm-5,fake_violations,0.0,0.85,max-position,14,2,0.0,0.0,0.0,0.2184592160577532,-0.0012896451893498195,44,0.125,0.6124999999999999
glm:glm-5,fake_violations,0.0,0.85,max-position,15,0,0.0,0.0,0.0,0.22210800255442154,-0.0006893726828431923,37,0.1875,0.56875
glm:glm-5,fake_violations,0.0,0.85,max-position,15,1,0.0,0.0,0.0,0.235134422621204,-0.0006893726828431923,39,0.14583333333333334,0.5979166666666667
glm:glm-5,fake_violations,0.0,0.85,max-position,15,2,0.0,0.0,0.0,0.22210800255442154,-0.0006893726828431923,37,0.1875,0.56875
glm:glm-5,fake_violations,0.0,0.85,max-position,16,0,0.0,0.0,0.0,0.189310965237387,-0.0016286290485323374,40,0.08333333333333333,0.6333333333333333
glm:glm-5,fake_violations,0.0,0.85,max-position,16,1,0.0,0.0,0.0,0.189554039630482,-0.0011769314021002897,39,0.16666666666666666,0.5791666666666666
glm:glm-5,fake_violations,0.0,0.85,max-position,16,2,0.0,0.0,0.0,0.19001031506854127,-0.0011769314021002897,40,0.125,0.6041666666666666
glm:glm-5,fake_violations,0.0,0.85,max-position,17,0,0.0,0.0,0.0,0.16194507250263013,-0.0013614539909764245,43,0.20833333333333334,0.5541666666666666
glm:glm-5,fake_violations,0.0,0.85,max-position,17,1,0.0,0.0,0.0,0.16507979109306725,-0.00535776827103307,40,0.16666666666666666,0.575
glm:glm-5,fake_violations,0.0,0.85,max-position,17,2,0.0,0.0,0.0,0.17200034471231307,-0.004849200666457665,44,0.16666666666666666,0.575
glm:glm-5,fake_violations,0.0,0.85,max-position,18,0,0.0,0.0,0.0,0.13531648643606187,-0.006775739402173797,42,0.14583333333333334,0.5979166666666667
glm:glm-5,fake_violations,0.0,0.85,max-position,18,1,0.0,0.0,0.0,0.14034612976505323,-0.006775739402173797,41,0.14583333333333334,0.5979166666666667
glm:glm-5,fake_violations,0.0,0.85,max-position,18,2,0.0,0.0,0.0,0.14034612976505323,-0.006775739402173797,41,0.14583333333333334,0.5979166666666667
glm:glm-5,fake_violations,0.0,0.85,max-position,19,0,0.0,0.0,0.0,0.13831276654272373,-0.0033273566711385927,40,0.22916666666666666,0.5395833333333333
glm:glm-5,fake_violations,0.0,0.85,max-position,19,1,0.0,0.0,0.0,0.13831276654272373,-0.0033273566711385927,40,0.22916666666666666,0.5395833333333333
glm:glm-5,fake_violations,0.0,0.85,max-position,19,2,0.0,0.0,0.0,0.13434995442653297,-0.0033273566711385927,37,0.25,0.525
glm:glm-5,fake_violations,0.0,0.85,max-position,20,0,0.0,0.0,0.0,0.19969162258467876,-0.004307264193035731,45,0.1875,0.56875
glm:glm-5,fake_violations,0.0,0.85,max-position,20,1,0.0,0.0,0.0,0.19743360298086743,-0.004316202385672763,44,0.16666666666666666,0.5833333333333334
glm:glm-5,fake_violations,0.0,0.85,max-position,20,2,0.0,0.0,0.0,0.19693376942806173,-0.0043784640824294785,45,0.14583333333333334,0.5979166666666667
glm:glm-5,fake_violations,0.0,0.85,max-position,21,0,0.0,0.0,0.0,0.21370940558905893,-0.0014578504542291926,43,0.14583333333333334,0.59375
glm:glm-5,fake_violations,0.0,0.85,max-position,21,1,0.0,0.0,0.0,0.20977222540813778,-0.0014578504542291926,43,0.14583333333333334,0.59375
glm:glm-5,fake_violations,0.0,0.85,max-position,21,2,0.0,0.0,0.0,0.19022095102307124,-0.0014578504542291926,44,0.20833333333333334,0.5499999999999999
glm:glm-5,fake_violations,0.0,0.85,max-position,22,0,0.0,0.0,0.0,0.14537735170410748,-0.001614155786207716,41,0.14583333333333334,0.5979166666666667
glm:glm-5,fake_violations,0.0,0.85,max-position,22,1,0.0,0.0,0.0,0.14537735170410748,-0.001614155786207716,41,0.14583333333333334,0.5979166666666667
glm:glm-5,fake_violations,0.0,0.85,max-position,22,2,0.0,0.0,0.0,0.14537735170410748,-0.001614155786207716,41,0.14583333333333334,0.5979166666666667
glm:glm-5,fake_violations,0.0,0.85,max-position,23,0,0.0,0.0,0.0,0.22734083837211738,-0.0017097444402845996,42,0.125,0.6124999999999999
glm:glm-5,fake_violations,0.0,0.85,max-position,23,1,0.0,0.0,0.0,0.22734083837211738,-0.0017097444402845996,42,0.125,0.6124999999999999
glm:glm-5,fake_violations,0.0,0.85,max-position,23,2,0.0,0.0,0.0,0.22106109530202134,-0.0017097444402845996,42,0.125,0.6124999999999999
glm:glm-5,fake_violations,0.0,0.85,max-position,24,0,0.0,0.0,0.0,0.16963766564789085,-0.0013485274658354696,41,0.1875,0.5645833333333333
glm:glm-5,fake_violations,0.0,0.85,max-position,24,1,0.0,0.0,0.0,0.19208832737544546,-0.0005173947958141412,42,0.125,0.6083333333333333
glm:glm-5,fake_violations,0.0,0.85,max-position,24,2,0.0,0.0,0.0,0.19123422984253535,-0.0005173947958141412,42,0.14583333333333334,0.59375
glm:glm-5,fake_violations,0.0,0.85,max-position,25,0,0.0,0.0,0.0,0.16284286596122177,-0.004545098226585109,40,0.1875,0.5604166666666667
glm:glm-5,fake_violations,0.0,0.85,max-position,25,1,0.0,0.0,0.0,0.17823559561626623,-0.004545098226585109,39,0.20833333333333334,0.5499999999999999
glm:glm-5,fake_violations,0.0,0.85,max-position,25,2,0.0,0.0,0.0,0.17532583140964686,-0.004623194494786431,40,0.20833333333333334,0.5499999999999999
glm:glm-5,fake_violations,0.0,0.85,max-position,26,0,0.0,0.0,0.0,0.17544439445869875,-0.009162633472594939,42,0.1875,0.56875
glm:glm-5,fake_violations,0.0,0.85,max-position,26,1,0.0,0.0,0.0,0.2094337213209898,-0.009162633472594939,40,0.16666666666666666,0.5833333333333334
glm:glm-5,fake_violations,0.0,0.85,max-position,26,2,0.0,0.0,0.0,0.17544439445869875,-0.009162633472594939,42,0.16666666666666666,0.5833333333333334
glm:glm-5,fake_violations,0.0,0.85,max-position,27,0,0.0,0.0,0.0,0.16163648068022352,-0.003894469845325488,39,0.16666666666666666,0.5833333333333334
glm:glm-5,fake_violations,0.0,0.85,max-position,27,1,0.0,0.0,0.0,0.15801322655791328,-0.003894469845325488,38,0.14583333333333334,0.5895833333333332
glm:glm-5,fake_violations,0.0,0.85,max-position,27,2,0.0,0.0,0.0,0.1815656331644313,-0.003894469845325488,39,0.14583333333333334,0.5895833333333332
glm:glm-5,fake_violations,0.0,0.85,max-position,28,0,0.0,0.0,0.0,0.21401064139667314,-0.004675333975281415,42,0.14583333333333334,0.5979166666666667
glm:glm-5,fake_violations,0.0,0.85,max-position,28,1,0.0,0.0,0.0,0.21068922920899769,-0.004675333975281415,43,0.14583333333333334,0.59375
glm:glm-5,fake_violations,0.0,0.85,max-position,28,2,0.0,0.0,0.0,0.20839450667857862,-0.004675333975281415,43,0.14583333333333334,0.5979166666666667
glm:glm-5,fake_violations,0.0,0.85,max-position,29,0,0.0,0.0,0.0,0.182108328022073,-0.002944057698044067,39,0.1875,0.56875
glm:glm-5,fake_violations,0.0,0.85,max-position,29,1,0.0,0.0,0.0,0.18264469550951623,-0.0029493810583348656,41,0.16666666666666666,0.5833333333333334
glm:glm-5,fake_violations,0.0,0.85,max-position,29,2,0.0,0.0,0.0,0.18264469550951623,-0.0029493810583348656,41,0.14583333333333334,0.5979166666666667
glm:glm-5,fake_violations,0.0,0.85,max-position,30,0,0.0,0.0,0.0,0.1685098940890959,-0.0036625775170957553,40,0.16666666666666666,0.5833333333333334
glm:glm-5,fake_violations,0.0,0.85,max-position,30,1,0.0,0.0,0.0,0.1685098940890959,-0.0036625775170957553,40,0.16666666666666666,0.5833333333333334
glm:glm-5,fake_violations,0.0,0.85,max-position,30,2,0.0,0.0,0.0,0.16828616550418785,-0.0036625775170957553,40,0.14583333333333334,0.5979166666666667
glm:glm-5,fake_violations,0.05,0.85,max-position,1,0,0.0,0.0,0.0,0.20671518054644644,-0.002213411528830367,45,0.08333333333333333,0.6333333333333333
glm:glm-5,fake_violations,0.05,0.85,max-position,1,1,0.0,0.0,0.0,0.2088972013175212,-0.002213411528830367,44,0.08333333333333333,0.6416666666666666
glm:glm-5,fake_violations,0.05,0.85,max-position,1,2,0.0,0.0,0.0,0.2088972013175212,-0.002213411528830367,44,0.08333333333333333,0.6416666666666666
glm:glm-5,fake_violations,0.05,0.85,max-position,2,0,0.0,0.0,0.0,0.24643922278679442,-0.0012307564478712951,41,0.10416666666666667,0.6229166666666667
glm:glm-5,fake_violations,0.05,0.85,max-position,2,1,0.0,0.0,0.0,0.24387072984705727,-0.0012307564478712951,41,0.10416666666666667,0.6270833333333333
glm:glm-5,fake_violations,0.05,0.85,max-position,2,2,0.0,0.0,0.0,0.23712717110845838,-0.0012307564478712951,41,0.125,0.6124999999999999
glm:glm-5,fake_violations,0.05,0.85,max-position,3,0,0.0,0.0,0.0,0.20769425547098153,-0.001681904306099824,45,0.125,0.6041666666666666
glm:glm-5,fake_violations,0.05,0.85,max-position,3,1,0.0,0.0,0.0,0.20821695190953315,-0.001681904306099824,45,0.125,0.6083333333333333
glm:glm-5,fake_violations,0.05,0.85,max-position,3,2,0.0,0.0,0.0,0.20507700863043055,-0.0013457787217434625,44,0.14583333333333334,0.5979166666666667
glm:glm-5,fake_violations,0.05,0.85,max-position,4,0,0.0,0.0,0.0,0.19262127579542887,-0.002987176367376443,42,0.125,0.6124999999999999
glm:glm-5,fake_violations,0.05,0.85,max-position,4,1,0.0,0.0,0.0,0.20351943227173663,-0.0034456059057849098,41,0.10416666666666667,0.61875
glm:glm-5,fake_violations,0.05,0.85,max-position,4,2,0.0,0.0,0.0,0.21061334046569735,-0.0034456059057849098,42,0.10416666666666667,0.6270833333333333
glm:glm-5,fake_violations,0.05,0.85,max-position,5,0,0.0,0.0,0.0,0.2024052497633817,-0.0006962333397607656,43,0.08333333333333333,0.6375
glm:glm-5,fake_violations,0.05,0.85,max-position,5,1,0.0,0.0,0.0,0.1759130304179728,-0.0006962333397607656,40,0.16666666666666666,0.5791666666666666
glm:glm-5,fake_violations,0.05,0.85,max-position,5,2,0.0,0.0,0.0,0.18880111576116265,-0.0006962333397607656,43,0.125,0.6124999999999999
glm:glm-5,fake_violations,0.05,0.85,max-position,6,0,0.0,0.0,0.0,0.21514182298068474,-0.003728902274806156,42,0.0625,0.6562499999999999
glm:glm-5,fake_violations,0.05,0.85,max-position,6,1,0.0,0.0,0.0,0.21562007553746088,-0.003728902274806156,43,0.041666666666666664,0.6708333333333333
glm:glm-5,fake_violations,0.05,0.85,max-position,6,2,0.0,0.0,0.0,0.21562007553746088,-0.003728902274806156,43,0.041666666666666664,0.6708333333333333
glm:glm-5,fake_violations,0.05,0.85,max-position,7,0,0.0,0.0,0.0,0.15728851864378401,-0.0030307417101902434,41,0.16666666666666666,0.5791666666666666
glm:glm-5,fake_violations,0.05,0.85,max-position,7,1,0.0,0.0,0.0,0.15645737237516033,-0.0037670875959072703,39,0.1875,0.56875
glm:glm-5,fake_violations,0.05,0.85,max-position,7,2,0.0,0.0,0.0,0.1573482677503173,-0.0012173882148475146,39,0.20833333333333334,0.5499999999999999
glm:glm-5,fake_violations,0.05,0.85,max-position,8,0,0.0,0.0,0.0,0.15217037075449724,-0.0013752041883615673,42,0.14583333333333334,0.5979166666666667
glm:glm-5,fake_violations,0.05,0.85,max-position,8,1,0.0,0.0,0.0,0.15563294149199192,-0.0015674496539717087,41,0.14583333333333334,0.5979166666666667
glm:glm-5,fake_violations,0.05,0.85,max-position,8,2,0.0,0.0,0.0,0.15217037075449724,-0.0013752041883615673,42,0.14583333333333334,0.5979166666666667
glm:glm-5,fake_violations,0.05,0.85,max-position,9,0,0.0,0.0,0.0,0.19688303853763056,-0.008394547915742456,42,0.14583333333333334,0.59375
glm:glm-5,fake_violations,0.05,0.85,max-position,9,1,0.0,0.0,0.0,0.1531959503452407,-0.008394547915742456,42,0.16666666666666666,0.5833333333333334
glm:glm-5,fake_violations,0.05,0.85,max-position,9,2,0.0,0.0,0.0,0.15500650108305014,-0.008394547915742456,42,0.16666666666666666,0.5833333333333334
glm:glm-5,fake_violations,0.05,0.85,max-position,10,0,0.0,0.0,0.0,0.2214470313815904,-0.01028735092810118,43,0.10416666666666667,0.6270833333333333
glm:glm-5,fake_violations,0.05,0.85,max-position,10,1,0.0,0.0,0.0,0.22419432634447012,-0.01028735092810118,42,0.125,0.6083333333333333
glm:glm-5,fake_violations,0.05,0.85,max-position,10,2,0.0,0.0,0.0,0.2214470313815904,-0.01028735092810118,43,0.10416666666666667,0.6270833333333333
glm:glm-5,fake_violations,0.05,0.85,max-position,11,0,0.0,0.0,0.0,0.22935883024582093,-0.0010241671781329176,42,0.08333333333333333,0.6416666666666666
glm:glm-5,fake_violations,0.05,0.85,max-position,11,1,0.0,0.0,0.0,0.22935883024582093,-0.0010241671781329176,42,0.08333333333333333,0.6416666666666666
glm:glm-5,fake_violations,0.05,0.85,max-position,11,2,0.0,0.0,0.0,0.22728703528538308,-0.0010241671781329176,42,0.08333333333333333,0.6375
glm:glm-5,fake_violations,0.05,0.85,max-position,12,0,0.0,0.0,0.0,0.16199222565009208,-0.003157260235428838,39,0.20833333333333334,0.5541666666666666
glm:glm-5,fake_violations,0.05,0.85,max-position,12,1,0.0,0.0,0.0,0.2056003114317111,-0.0004823037095740279,42,0.1875,0.56875
glm:glm-5,fake_violations,0.05,0.85,max-position,12,2,0.0,0.0,0.0,0.2056003114317111,-0.0004823037095740279,42,0.1875,0.56875
glm:glm-5,fake_violations,0.05,0.85,max-position,13,0,0.0,0.0,0.0,0.1751954591999496,-0.0004173808739843521,39,0.14583333333333334,0.59375
glm:glm-5,fake_violations,0.05,0.85,max-position,13,1,0.0,0.0,0.0,0.18290163989413277,-0.0004173808739843521,38,0.16666666666666666,0.5833333333333334
glm:glm-5,fake_violations,0.05,0.85,max-position,13,2,0.0,0.0,0.0,0.18555340665247155,-0.0004173808739843521,38,0.16666666666666666,0.5833333333333334
glm:glm-5,fake_violations,0.05,0.85,max-position,14,0,0.0,0.0,0.0,0.21891694254700278,-0.0019726999805178558,43,0.14583333333333334,0.5979166666666667
glm:glm-5,fake_violations,0.05,0.85,max-position,14,1,0.0,0.0,0.0,0.21098916909657128,-0.0019737174192800966,42,0.16666666666666666,0.5833333333333334
glm:glm-5,fake_violations,0.05,0.85,max-position,14,2,0.0,0.0,0.0,0.2179125631733454,-0.002078882817169614,45,0.0625,0.6520833333333332
glm:glm-5,fake_violations,0.05,0.85,max-position,15,0,0.0,0.0,0.0,0.18807549280608682,-0.0006893726828431923,37,0.2708333333333333,0.5020833333333333
glm:glm-5,fake_violations,0.05,0.85,max-position,15,1,0.0,0.0,0.0,0.23298189295630833,-0.0006893726828431923,39,0.14583333333333334,0.5895833333333332
glm:glm-5,fake_violations,0.05,0.85,max-position,15,2,0.0,0.0,0.0,0.22004767853687301,-0.0006893726828431923,37,0.1875,0.5604166666666667
glm:glm-5,fake_violations,0.05,0.85,max-position,16,0,0.0,0.0,0.0,0.189310965237387,-0.0016286290485323374,40,0.08333333333333333,0.6333333333333333
glm:glm-5,fake_violations,0.05,0.85,max-position,16,1,0.0,0.0,0.0,0.19001031506854127,-0.0011769314021002897,40,0.14583333333333334,0.59375
glm:glm-5,fake_violations,0.05,0.85,max-position,16,2,0.0,0.0,0.0,0.19001031506854127,-0.0011769314021002897,40,0.125,0.6041666666666666
glm:glm-5,fake_violations,0.05,0.85,max-position,17,0,0.0,0.0,0.0,0.16924919163968477,-0.005205938351489303,44,0.16666666666666666,0.5833333333333334
glm:glm-5,fake_violations,0.05,0.85,max-position,17,1,0.0,0.0,0.0,0.17463627961226558,-0.002225899114418617,42,0.16666666666666666,0.5791666666666666
glm:glm-5,fake_violations,0.05,0.85,max-position,17,2,0.0,0.0,0.0,0.1714433485795308,-0.004828996775514405,43,0.1875,0.5604166666666667
glm:glm-5,fake_violations,0.05,0.85,max-position,18,0,0.0,0.0,0.0,0.14937127962155916,-0.006775739402173797,42,0.14583333333333334,0.5979166666666667
glm:glm-5,fake_violations,0.05,0.85,max-position,18,1,0.0,0.0,0.0,0.14937127962155916,-0.006775739402173797,42,0.125,0.6124999999999999
glm:glm-5,fake_violations,0.05,0.85,max-position,18,2,0.0,0.0,0.0,0.1478079024292971,-0.006775739402173797,41,0.14583333333333334,0.5979166666666667
glm:glm-5,fake_violations,0.05,0.85,max-position,19,0,0.0,0.0,0.0,0.13831276654272373,-0.0033273566711385927,40,0.25,0.525
glm:glm-5,fake_violations,0.05,0.85,max-position,19,1,0.0,0.0,0.0,0.13831276654272373,-0.0033273566711385927,40,0.22916666666666666,0.5395833333333333
glm:glm-5,fake_violations,0.05,0.85,max-position,19,2,0.0,0.0,0.0,0.13831276654272373,-0.0033273566711385927,40,0.25,0.525
glm:glm-5,fake_violations,0.05,0.85,max-position,20,0,0.0,0.0,0.0,0.18511277897410627,-0.004362832132818628,44,0.1875,0.5645833333333333
glm:glm-5,fake_violations,0.05,0.85,max-position,20,1,0.0,0.0,0.0,0.19821567424627484,-0.0043826347863134,45,0.14583333333333334,0.59375
glm:glm-5,fake_violations,0.05,0.85,max-position,20,2,0.0,0.0,0.0,0.1983202323836155,-0.004303317264722328,45,0.1875,0.56875
glm:glm-5,fake_violations,0.05,0.85,max-position,21,0,0.0,0.0,0.0,0.24550058618474901,-0.0014578504542291926,43,0.10416666666666667,0.6229166666666667
glm:glm-5,fake_violations,0.05,0.85,max-position,21,1,0.0,0.0,0.0,0.24550058618474901,-0.0014578504542291926,43,0.10416666666666667,0.6229166666666667
glm:glm-5,fake_violations,0.05,0.85,max-position,21,2,0.0,0.0,0.0,0.20816256990186055,-0.0014578504542291926,42,0.20833333333333334,0.5458333333333333
glm:glm-5,fake_violations,0.05,0.85,max-position,22,0,0.0,0.0,0.0,0.14537735170410748,-0.001614155786207716,41,0.14583333333333334,0.5979166666666667
glm:glm-5,fake_violations,0.05,0.85,max-position,22,1,0.0,0.0,0.0,0.1398841965653066,-0.001614155786207716,41,0.16666666666666666,0.5833333333333334
glm:glm-5,fake_violations,0.05,0.85,max-position,22,2,0.0,0.0,0.0,0.14537735170410748,-0.001614155786207716,41,0.14583333333333334,0.5979166666666667
glm:glm-5,fake_violations,0.05,0.85,max-position,23,0,0.0,0.0,0.0,0.22804193535318418,-0.0017097444402845996,42,0.125,0.6124999999999999
glm:glm-5,fake_violations,0.05,0.85,max-position,23,1,0.0,0.0,0.0,0.22804193535318418,-0.0017097444402845996,42,0.125,0.6124999999999999
glm:glm-5,fake_violations,0.05,0.85,max-position,23,2,0.0,0.0,0.0,0.23743420524011083,-0.0017097444402845996,43,0.08333333333333333,0.6375
glm:glm-5,fake_violations,0.05,0.85,max-position,24,0,0.0,0.0,0.0,0.1463960238908244,-0.0013485274658354696,39,0.25,0.525
glm:glm-5,fake_violations,0.05,0.85,max-position,24,1,0.0,0.0,0.0,0.2019993034110903,-0.000793424418953137,41,0.16666666666666666,0.5791666666666666
glm:glm-5,fake_violations,0.05,0.85,max-position,24,2,0.0,0.0,0.0,0.19123422984253535,-0.0005173947958141412,42,0.14583333333333334,0.59375
glm:glm-5,fake_violations,0.05,0.85,max-position,25,0,0.0,0.0,0.0,0.1521597517167863,-0.004545098226585109,38,0.20833333333333334,0.5499999999999999
glm:glm-5,fake_violations,0.05,0.85,max-position,25,1,0.0,0.0,0.0,0.14731463884223595,-0.004545098226585109,38,0.20833333333333334,0.5458333333333333
glm:glm-5,fake_violations,0.05,0.85,max-position,25,2,0.0,0.0,0.0,0.14722464617228526,-0.004623194494786431,38,0.20833333333333334,0.5499999999999999
glm:glm-5,fake_violations,0.05,0.85,max-position,26,0,0.0,0.0,0.0,0.17544439445869875,-0.009162633472594939,42,0.1875,0.56875
glm:glm-5,fake_violations,0.05,0.85,max-position,26,1,0.0,0.0,0.0,0.17492290976794256,-0.009162633472594939,41,0.1875,0.5645833333333333
glm:glm-5,fake_violations,0.05,0.85,max-position,26,2,0.0,0.0,0.0,0.17544439445869875,-0.009162633472594939,42,0.16666666666666666,0.5833333333333334
glm:glm-5,fake_violations,0.05,0.85,max-position,27,0,0.0,0.0,0.0,0.18946861262312242,-0.003894469845325488,39,0.125,0.6124999999999999
glm:glm-5,fake_violations,0.05,0.85,max-position,27,1,0.0,0.0,0.0,0.18864114763688722,-0.003894469845325488,39,0.14583333333333334,0.5979166666666667
glm:glm-5,fake_violations,0.05,0.85,max-position,27,2,0.0,0.0,0.0,0.1757348527274467,-0.003894469845325488,39,0.16666666666666666,0.5791666666666666
glm:glm-5,fake_violations,0.05,0.85,max-position,28,0,0.0,0.0,0.0,0.20963232041901536,-0.005429006697399763,44,0.10416666666666667,0.6229166666666667
glm:glm-5,fake_violations,0.05,0.85,max-position,28,1,0.0,0.0,0.0,0.21401064139667314,-0.004675333975281415,42,0.14583333333333334,0.5979166666666667
glm:glm-5,fake_violations,0.05,0.85,max-position,28,2,0.0,0.0,0.0,0.21068922920899769,-0.004675333975281415,43,0.125,0.6083333333333333
glm:glm-5,fake_violations,0.05,0.85,max-position,29,0,0.0,0.0,0.0,0.18242963865040007,-0.002944057698044067,40,0.16666666666666666,0.5833333333333334
glm:glm-5,fake_violations,0.05,0.85,max-position,29,1,0.0,0.0,0.0,0.1833011467560568,-0.0029493810583348656,40,0.16666666666666666,0.5833333333333334
glm:glm-5,fake_violations,0.05,0.85,max-position,29,2,0.0,0.0,0.0,0.18232257315596412,-0.0029493810583348656,40,0.14583333333333334,0.59375
glm:glm-5,fake_violations,0.05,0.85,max-position,30,0,0.0,0.0,0.0,0.16951506988792686,-0.00397854149117316,40,0.16666666666666666,0.5833333333333334
glm:glm-5,fake_violations,0.05,0.85,max-position,30,1,0.0,0.0,0.0,0.16459358029889737,-0.002203028206227864,39,0.1875,0.56875
glm:glm-5,fake_violations,0.05,0.85,max-position,30,2,0.0,0.0,0.0,0.16951506988792686,-0.00397854149117316,40,0.16666666666666666,0.5833333333333334
glm:glm-5,fake_violations,0.1,0.85,max-position,1,0,0.0,0.0,0.0,0.20908972380136293,-0.002213411528830367,44,0.10416666666666667,0.6270833333333333
glm:glm-5,fake_violations,0.1,0.85,max-position,1,1,0.0,0.0,0.0,0.2088972013175212,-0.002213411528830367,44,0.08333333333333333,0.6416666666666666
glm:glm-5,fake_violations,0.1,0.85,max-position,1,2,0.0,0.0,0.0,0.19825252785696068,-0.002213411528830367,41,0.14583333333333334,0.5979166666666667
glm:glm-5,fake_violations,0.1,0.85,max-position,2,0,0.0,0.0,0.0,0.24643922278679442,-0.0012307564478712951,41,0.10416666666666667,0.6229166666666667
glm:glm-5,fake_violations,0.1,0.85,max-position,2,1,0.0,0.0,0.0,0.24387072984705727,-0.0012307564478712951,41,0.10416666666666667,0.6270833333333333
glm:glm-5,fake_violations,0.1,0.85,max-position,2,2,0.0,0.0,0.0,0.23712717110845838,-0.0012307564478712951,41,0.125,0.6124999999999999
glm:glm-5,fake_violations,0.1,0.85,max-position,3,0,0.0,0.0,0.0,0.20825021693002044,-0.001681904306099824,45,0.125,0.6124999999999999
glm:glm-5,fake_violations,0.1,0.85,max-position,3,1,0.0,0.0,0.0,0.20642373509272982,-0.001681904306099824,45,0.14583333333333334,0.59375
glm:glm-5,fake_violations,0.1,0.85,max-position,3,2,0.0,0.0,0.0,0.18983372579711366,-0.0017966332507661775,42,0.16666666666666666,0.5833333333333334
glm:glm-5,fake_violations,0.1,0.85,max-position,4,0,0.0,0.0,0.0,0.19199825534632686,-0.002987176367376443,42,0.125,0.6083333333333333
glm:glm-5,fake_violations,0.1,0.85,max-position,4,1,0.0,0.0,0.0,0.21061334046569735,-0.0034456059057849098,42,0.10416666666666667,0.6270833333333333
glm:glm-5,fake_violations,0.1,0.85,max-position,4,2,0.0,0.0,0.0,0.20351943227173686,-0.0034456059057849098,41,0.125,0.6041666666666666
glm:glm-5,fake_violations,0.1,0.85,max-position,5,0,0.0,0.0,0.0,0.1994041580921564,-0.0006962333397607656,43,0.08333333333333333,0.6333333333333333
glm:glm-5,fake_violations,0.1,0.85,max-position,5,1,0.0,0.0,0.0,0.16451188935794359,-0.001370340530391978,40,0.14583333333333334,0.5979166666666667
glm:glm-5,fake_violations,0.1,0.85,max-position,5,2,0.0,0.0,0.0,0.18578602847383552,-0.0006962333397607656,40,0.14583333333333334,0.59375
glm:glm-5,fake_violations,0.1,0.85,max-position,6,0,0.0,0.0,0.0,0.21514182298068474,-0.003728902274806156,42,0.0625,0.6562499999999999
glm:glm-5,fake_violations,0.1,0.85,max-position,6,1,0.0,0.0,0.0,0.21562007553746088,-0.003728902274806156,43,0.041666666666666664,0.6708333333333333
glm:glm-5,fake_violations,0.1,0.85,max-position,6,2,0.0,0.0,0.0,0.21562007553746088,-0.003728902274806156,43,0.041666666666666664,0.6708333333333333
glm:glm-5,fake_violations,0.1,0.85,max-position,7,0,0.0,0.0,0.0,0.15861663514994118,-0.0024436189311677348,41,0.16666666666666666,0.5791666666666666
glm:glm-5,fake_violations,0.1,0.85,max-position,7,1,0.0,0.0,0.0,0.1579916886048538,-0.0031405533616956083,41,0.16666666666666666,0.5833333333333334
glm:glm-5,fake_violations,0.1,0.85,max-position,7,2,0.0,0.0,0.0,0.15185670764877335,-0.005450648300495464,40,0.20833333333333334,0.5499999999999999
glm:glm-5,fake_violations,0.1,0.85,max-position,8,0,0.0,0.0,0.0,0.15217037075449724,-0.0013752041883615673,42,0.14583333333333334,0.5979166666666667
glm:glm-5,fake_violations,0.1,0.85,max-position,8,1,0.0,0.0,0.0,0.15978576673093126,-0.0015674496539717087,44,0.14583333333333334,0.5979166666666667
glm:glm-5,fake_violations,0.1,0.85,max-position,8,2,0.0,0.0,0.0,0.15217037075449724,-0.0013752041883615673,42,0.14583333333333334,0.59375
glm:glm-5,fake_violations,0.1,0.85,max-position,9,0,0.0,0.0,0.0,0.20520064640884228,-0.008394547915742456,39,0.125,0.6083333333333333
glm:glm-5,fake_violations,0.1,0.85,max-position,9,1,0.0,0.0,0.0,0.15500650108305014,-0.008394547915742456,42,0.1875,0.56875
glm:glm-5,fake_violations,0.1,0.85,max-position,9,2,0.0,0.0,0.0,0.16077855841078237,-0.008394547915742456,41,0.1875,0.56875
glm:glm-5,fake_violations,0.1,0.85,max-position,10,0,0.0,0.0,0.0,0.22113437913206346,-0.01028735092810118,42,0.125,0.6124999999999999
glm:glm-5,fake_violations,0.1,0.85,max-position,10,1,0.0,0.0,0.0,0.2214470313815904,-0.01028735092810118,43,0.10416666666666667,0.6270833333333333
glm:glm-5,fake_violations,0.1,0.85,max-position,10,2,0.0,0.0,0.0,0.22312818787932254,-0.01028735092810118,43,0.08333333333333333,0.6375
glm:glm-5,fake_violations,0.1,0.85,max-position,11,0,0.0,0.0,0.0,0.22839266100721378,-0.0010241671781329176,42,0.08333333333333333,0.6375
glm:glm-5,fake_violations,0.1,0.85,max-position,11,1,0.0,0.0,0.0,0.2291087923164965,-0.0010241671781329176,42,0.08333333333333333,0.6375
glm:glm-5,fake_violations,0.1,0.85,max-position,11,2,0.0,0.0,0.0,0.2291087923164965,-0.0010241671781329176,42,0.08333333333333333,0.6375
glm:glm-5,fake_violations,0.1,0.85,max-position,12,0,0.0,0.0,0.0,0.20272816642746805,-0.0004823037095740279,42,0.1875,0.5645833333333333
glm:glm-5,fake_violations,0.1,0.85,max-position,12,1,0.0,0.0,0.0,0.20817466577190213,-0.0004823037095740279,41,0.20833333333333334,0.5541666666666666
glm:glm-5,fake_violations,0.1,0.85,max-position,12,2,0.0,0.0,0.0,0.20272816642746805,-0.0004823037095740279,42,0.1875,0.5645833333333333
glm:glm-5,fake_violations,0.1,0.85,max-position,13,0,0.0,0.0,0.0,0.1750198094475819,-0.0004173808739843521,39,0.14583333333333334,0.5895833333333332
glm:glm-5,fake_violations,0.1,0.85,max-position,13,1,0.0,0.0,0.0,0.1828083668570113,-0.0004173808739843521,38,0.16666666666666666,0.5791666666666666
glm:glm-5,fake_violations,0.1,0.85,max-position,13,2,0.0,0.0,0.0,0.18538445086300004,-0.0004173808739843521,38,0.16666666666666666,0.5791666666666666
glm:glm-5,fake_violations,0.1,0.85,max-position,14,0,0.0,0.0,0.0,0.20066317860952476,-0.001442251968007513,44,0.10416666666666667,0.61875
glm:glm-5,fake_violations,0.1,0.85,max-position,14,1,0.0,0.0,0.0,0.2173222943107722,-0.0024372468169331363,44,0.14583333333333334,0.5979166666666667
glm:glm-5,fake_violations,0.1,0.85,max-position,14,2,0.0,0.0,0.0,0.2022534299715384,-0.0014748285316622534,43,0.10416666666666667,0.6229166666666667
glm:glm-5,fake_violations,0.1,0.85,max-position,15,0,0.0,0.0,0.0,0.22022734669648636,-0.0006893726828431923,37,0.1875,0.5645833333333333
glm:glm-5,fake_violations,0.1,0.85,max-position,15,1,0.0,0.0,0.0,0.22326610520031975,-0.0006893726828431923,37,0.16666666666666666,0.575
glm:glm-5,fake_violations,0.1,0.85,max-position,15,2,0.0,0.0,0.0,0.20959726300934323,-0.0006893726828431923,35,0.20833333333333334,0.5541666666666666
glm:glm-5,fake_violations,0.1,0.85,max-position,16,0,0.0,0.0,0.0,0.2026857898084078,-0.0016286290485323374,42,0.125,0.6041666666666666
glm:glm-5,fake_violations,0.1,0.85,max-position,16,1,0.0,0.0,0.0,0.19001031506854127,-0.0011769314021002897,40,0.125,0.6041666666666666
glm:glm-5,fake_violations,0.1,0.85,max-position,16,2,0.0,0.0,0.0,0.19165240878640466,-0.0011769314021002897,40,0.125,0.6083333333333333
glm:glm-5,fake_violations,0.1,0.85,max-position,17,0,0.0,0.0,0.0,0.16223890689508558,-0.005299965575445098,43,0.16666666666666666,0.5833333333333334
glm:glm-5,fake_violations,0.1,0.85,max-position,17,1,0.0,0.0,0.0,0.17222440357724023,-0.0053605572517787525,42,0.16666666666666666,0.575
glm:glm-5,fake_violations,0.1,0.85,max-position,17,2,0.0,0.0,0.0,0.17200034471231307,-0.004849200666457665,44,0.14583333333333334,0.5895833333333332
glm:glm-5,fake_violations,0.1,0.85,max-position,18,0,0.0,0.0,0.0,0.14937127962155916,-0.006775739402173797,42,0.14583333333333334,0.5979166666666667
glm:glm-5,fake_violations,0.1,0.85,max-position,18,1,0.0,0.0,0.0,0.14937127962155916,-0.006775739402173797,42,0.14583333333333334,0.5979166666666667
glm:glm-5,fake_violations,0.1,0.85,max-position,18,2,0.0,0.0,0.0,0.1545379455583642,-0.006775739402173797,40,0.1875,0.56875
glm:glm-5,fake_violations,0.1,0.85,max-position,19,0,0.0,0.0,0.0,0.1425240230367879,-0.0033273566711385927,39,0.25,0.5208333333333334
glm:glm-5,fake_violations,0.1,0.85,max-position,19,1,0.0,0.0,0.0,0.14664564533459168,-0.0033273566711385927,41,0.22916666666666666,0.5395833333333333
glm:glm-5,fake_violations,0.1,0.85,max-position,19,2,0.0,0.0,0.0,0.14207659510826565,-0.0033273566711385927,40,0.20833333333333334,0.5499999999999999
glm:glm-5,fake_violations,0.1,0.85,max-position,20,0,0.0,0.0,0.0,0.18705635268506593,-0.0022583402378510975,44,0.14583333333333334,0.59375
glm:glm-5,fake_violations,0.1,0.85,max-position,20,1,0.0,0.0,0.0,0.19830672458114007,-0.0043826347863134,45,0.14583333333333334,0.5979166666666667
glm:glm-5,fake_violations,0.1,0.85,max-position,20,2,0.0,0.0,0.0,0.1833295246149338,-0.002337482244852751,44,0.1875,0.5645833333333333
glm:glm-5,fake_violations,0.1,0.85,max-position,21,0,0.0,0.0,0.0,0.19623915613542686,-0.0014578504542291926,43,0.1875,0.56875
glm:glm-5,fake_violations,0.1,0.85,max-position,21,1,0.0,0.0,0.0,0.24986875174684897,-0.0014578504542291926,44,0.10416666666666667,0.6270833333333333
glm:glm-5,fake_violations,0.1,0.85,max-position,21,2,0.0,0.0,0.0,0.20112483408125414,-0.0014578504542291926,42,0.14583333333333334,0.5812499999999999
glm:glm-5,fake_violations,0.1,0.85,max-position,22,0,0.0,0.0,0.0,0.14884988272054445,-0.001614155786207716,38,0.22916666666666666,0.5395833333333333
glm:glm-5,fake_violations,0.1,0.85,max-position,22,1,0.0,0.0,0.0,0.1371846237473877,-0.0018528777374291483,39,0.20833333333333334,0.5541666666666666
glm:glm-5,fake_violations,0.1,0.85,max-position,22,2,0.0,0.0,0.0,0.1452694682114295,-0.001614155786207716,40,0.16666666666666666,0.5833333333333334
glm:glm-5,fake_violations,0.1,0.85,max-position,23,0,0.0,0.0,0.0,0.23743420524011083,-0.0017097444402845996,43,0.08333333333333333,0.6375
glm:glm-5,fake_violations,0.1,0.85,max-position,23,1,0.0,0.0,0.0,0.22669512565073613,-0.0017097444402845996,43,0.10416666666666667,0.6229166666666667
glm:glm-5,fake_violations,0.1,0.85,max-position,23,2,0.0,0.0,0.0,0.22669512565073613,-0.0017097444402845996,43,0.125,0.6083333333333333
glm:glm-5,fake_violations,0.1,0.85,max-position,24,0,0.0,0.0,0.0,0.2078197765907639,-0.0006637028877938267,40,0.16666666666666666,0.5833333333333334
glm:glm-5,fake_violations,0.1,0.85,max-position,24,1,0.0,0.0,0.0,0.19902603287366838,-0.0005173947958141412,41,0.14583333333333334,0.5979166666666667
glm:glm-5,fake_violations,0.1,0.85,max-position,24,2,0.0,0.0,0.0,0.20878571018167547,-0.0005173947958141412,41,0.125,0.6083333333333333
glm:glm-5,fake_violations,0.1,0.85,max-position,25,0,0.0,0.0,0.0,0.1521597517167863,-0.004545098226585109,38,0.20833333333333334,0.5499999999999999
glm:glm-5,fake_violations,0.1,0.85,max-position,25,1,0.0,0.0,0.0,0.1755689495591657,-0.004545098226585109,38,0.2708333333333333,0.50625
glm:glm-5,fake_violations,0.1,0.85,max-position,25,2,0.0,0.0,0.0,0.1520693794149739,-0.004623194494786431,38,0.20833333333333334,0.5541666666666666
glm:glm-5,fake_violations,0.1,0.85,max-position,26,0,0.0,0.0,0.0,0.20884907747167247,-0.009162633472594939,42,0.14583333333333334,0.5979166666666667
glm:glm-5,fake_violations,0.1,0.85,max-position,26,1,0.0,0.0,0.0,0.17544439445869875,-0.009162633472594939,42,0.16666666666666666,0.5833333333333334
glm:glm-5,fake_violations,0.1,0.85,max-position,26,2,0.0,0.0,0.0,0.20884907747167247,-0.009162633472594939,42,0.16666666666666666,0.5791666666666666
glm:glm-5,fake_violations,0.1,0.85,max-position,27,0,0.0,0.0,0.0,0.18966793071391863,-0.003894469845325488,39,0.14583333333333334,0.5979166666666667
glm:glm-5,fake_violations,0.1,0.85,max-position,27,1,0.0,0.0,0.0,0.17806989707862297,-0.003894469845325488,40,0.14583333333333334,0.59375
glm:glm-5,fake_violations,0.1,0.85,max-position,27,2,0.0,0.0,0.0,0.1840843339727869,-0.003894469845325488,40,0.14583333333333334,0.59375
glm:glm-5,fake_violations,0.1,0.85,max-position,28,0,0.0,0.0,0.0,0.21147467104788809,-0.004675333975281415,44,0.10416666666666667,0.61875
glm:glm-5,fake_violations,0.1,0.85,max-position,28,1,0.0,0.0,0.0,0.21401064139667314,-0.004675333975281415,42,0.14583333333333334,0.5979166666666667
glm:glm-5,fake_violations,0.1,0.85,max-position,28,2,0.0,0.0,0.0,0.21480031451523396,-0.004675333975281415,44,0.14583333333333334,0.59375
glm:glm-5,fake_violations,0.1,0.85,max-position,29,0,0.0,0.0,0.0,0.18242963865040007,-0.002944057698044067,40,0.16666666666666666,0.5833333333333334
glm:glm-5,fake_violations,0.1,0.85,max-position,29,1,0.0,0.0,0.0,0.17390652442926435,-0.0029493810583348656,41,0.16666666666666666,0.5791666666666666
glm:glm-5,fake_violations,0.1,0.85,max-position,29,2,0.0,0.0,0.0,0.1833011467560568,-0.0029493810583348656,40,0.16666666666666666,0.5791666666666666
glm:glm-5,fake_violations,0.1,0.85,max-position,30,0,0.0,0.0,0.0,0.16951506988792686,-0.00397854149117316,40,0.16666666666666666,0.5833333333333334
glm:glm-5,fake_violations,0.1,0.85,max-position,30,1,0.0,0.0,0.0,0.1699703149944769,-0.00397854149117316,40,0.1875,0.56875
glm:glm-5,fake_violations,0.1,0.85,max-position,30,2,0.0,0.0,0.0,0.16951506988792686,-0.00397854149117316,40,0.16666666666666666,0.5833333333333334
glm:glm-5,fake_violations,0.75,0.85,max-position,1,0,0.0,0.0,0.0,0.20908972380136293,-0.002213411528830367,44,0.10416666666666667,0.6270833333333333
glm:glm-5,fake_violations,0.75,0.85,max-position,1,1,0.0,0.0,0.0,0.20908972380136293,-0.002213411528830367,44,0.10416666666666667,0.6270833333333333
glm:glm-5,fake_violations,0.75,0.85,max-position,1,2,0.0,0.0,0.0,0.2088972013175212,-0.002213411528830367,44,0.08333333333333333,0.6416666666666666
glm:glm-5,fake_violations,0.75,0.85,max-position,2,0,0.0,0.0,0.0,0.22367506310531193,-0.0012307564478712951,40,0.10416666666666667,0.6270833333333333
glm:glm-5,fake_violations,0.75,0.85,max-position,2,1,0.0,0.0,0.0,0.22367506310531193,-0.0012307564478712951,40,0.10416666666666667,0.6270833333333333
glm:glm-5,fake_violations,0.75,0.85,max-position,2,2,0.0,0.0,0.0,0.2457791377749856,-0.0012307564478712951,42,0.08333333333333333,0.6416666666666666
glm:glm-5,fake_violations,0.75,0.85,max-position,3,0,0.0,0.0,0.0,0.18983372579711366,-0.0017966332507661775,42,0.16666666666666666,0.5833333333333334
glm:glm-5,fake_violations,0.75,0.85,max-position,3,1,0.0,0.0,0.0,0.20507700863043055,-0.0013457787217434625,44,0.14583333333333334,0.59375
glm:glm-5,fake_violations,0.75,0.85,max-position,3,2,0.0,0.0,0.0,0.20507700863043055,-0.0013457787217434625,44,0.14583333333333334,0.59375
glm:glm-5,fake_violations,0.75,0.85,max-position,4,0,0.0,0.0,0.0,0.18433301104229227,-0.002987176367376443,39,0.16666666666666666,0.5791666666666666
glm:glm-5,fake_violations,0.75,0.85,max-position,4,1,0.0,0.0,0.0,0.19112883749464826,-0.002987176367376443,41,0.14583333333333334,0.5979166666666667
glm:glm-5,fake_violations,0.75,0.85,max-position,4,2,0.0,0.0,0.0,0.19199825534632686,-0.002987176367376443,42,0.125,0.6083333333333333
glm:glm-5,fake_violations,0.75,0.85,max-position,5,0,0.0,0.0,0.0,0.18199640225878855,-0.0006962333397607656,41,0.14583333333333334,0.5979166666666667
glm:glm-5,fake_violations,0.75,0.85,max-position,5,1,0.0,0.0,0.0,0.1744985946566262,-0.0006962333397607656,41,0.16666666666666666,0.5791666666666666
glm:glm-5,fake_violations,0.75,0.85,max-position,5,2,0.0,0.0,0.0,0.17535110344716376,-0.0006962333397607656,41,0.16666666666666666,0.5791666666666666
glm:glm-5,fake_violations,0.75,0.85,max-position,6,0,0.0,0.0,0.0,0.21562007553746088,-0.003728902274806156,43,0.041666666666666664,0.6708333333333333
glm:glm-5,fake_violations,0.75,0.85,max-position,6,1,0.0,0.0,0.0,0.21514182298068474,-0.003728902274806156,42,0.0625,0.6562499999999999
glm:glm-5,fake_violations,0.75,0.85,max-position,6,2,0.0,0.0,0.0,0.21562007553746088,-0.003728902274806156,43,0.041666666666666664,0.6708333333333333
glm:glm-5,fake_violations,0.75,0.85,max-position,7,0,0.0,0.0,0.0,0.16654539240439536,-0.001171311976986722,40,0.1875,0.5645833333333333
glm:glm-5,fake_violations,0.75,0.85,max-position,7,1,0.0,0.0,0.0,0.1579916886048538,-0.0031405533616956083,41,0.16666666666666666,0.5833333333333334
glm:glm-5,fake_violations,0.75,0.85,max-position,7,2,0.0,0.0,0.0,0.15067494375473434,-0.002650512855385756,37,0.2708333333333333,0.50625
glm:glm-5,fake_violations,0.75,0.85,max-position,8,0,0.0,0.0,0.0,0.17916407865251394,-0.0008937579562372511,41,0.16666666666666666,0.5833333333333334
glm:glm-5,fake_violations,0.75,0.85,max-position,8,1,0.0,0.0,0.0,0.16006701954242697,-0.0015674496539717087,42,0.125,0.6124999999999999
glm:glm-5,fake_violations,0.75,0.85,max-position,8,2,0.0,0.0,0.0,0.15217037075449724,-0.0013752041883615673,42,0.14583333333333334,0.5979166666666667
glm:glm-5,fake_violations,0.75,0.85,max-position,9,0,0.0,0.0,0.0,0.18692875282314314,-0.008394547915742456,41,0.14583333333333334,0.5979166666666667
glm:glm-5,fake_violations,0.75,0.85,max-position,9,1,0.0,0.0,0.0,0.16303211604281276,-0.007785914142181216,43,0.14583333333333334,0.59375
glm:glm-5,fake_violations,0.75,0.85,max-position,9,2,0.0,0.0,0.0,0.1646681168447115,-0.008394547915742456,39,0.14583333333333334,0.5979166666666667
glm:glm-5,fake_violations,0.75,0.85,max-position,10,0,0.0,0.0,0.0,0.2214470313815904,-0.01028735092810118,43,0.10416666666666667,0.6270833333333333
glm:glm-5,fake_violations,0.75,0.85,max-position,10,1,0.0,0.0,0.0,0.2214470313815904,-0.01028735092810118,43,0.10416666666666667,0.6270833333333333
glm:glm-5,fake_violations,0.75,0.85,max-position,10,2,0.0,0.0,0.0,0.2214470313815904,-0.01028735092810118,43,0.10416666666666667,0.6270833333333333
glm:glm-5,fake_violations,0.75,0.85,max-position,11,0,0.0,0.0,0.0,0.23089418264396167,-0.0010241671781329176,42,0.08333333333333333,0.6375
glm:glm-5,fake_violations,0.75,0.85,max-position,11,1,0.0,0.0,0.0,0.23785942032985052,-0.0039209975154169685,42,0.125,0.6124999999999999
glm:glm-5,fake_violations,0.75,0.85,max-position,11,2,0.0,0.0,0.0,0.22962272971492204,-0.0018463216157307283,43,0.10416666666666667,0.6270833333333333
glm:glm-5,fake_violations,0.75,0.85,max-position,12,0,0.0,0.0,0.0,0.21504090523121389,-0.0004823037095740279,41,0.16666666666666666,0.5833333333333334
glm:glm-5,fake_violations,0.75,0.85,max-position,12,1,0.0,0.0,0.0,0.21504090523121389,-0.0004823037095740279,41,0.16666666666666666,0.5833333333333334
glm:glm-5,fake_violations,0.75,0.85,max-position,12,2,0.0,0.0,0.0,0.21504090523121389,-0.0004823037095740279,41,0.1875,0.56875
glm:glm-5,fake_violations,0.75,0.85,max-position,13,0,0.0,0.0,0.0,0.1751954591999496,-0.0004173808739843521,39,0.16666666666666666,0.575
glm:glm-5,fake_violations,0.75,0.85,max-position,13,1,0.0,0.0,0.0,0.1751954591999496,-0.0004173808739843521,39,0.16666666666666666,0.575
glm:glm-5,fake_violations,0.75,0.85,max-position,13,2,0.0,0.0,0.0,0.16452130035306878,-0.0007410693088627518,37,0.25,0.525
glm:glm-5,fake_violations,0.75,0.85,max-position,14,0,0.0,0.0,0.0,0.21104318262731447,-0.0023726584836121223,42,0.14583333333333334,0.5979166666666667
glm:glm-5,fake_violations,0.75,0.85,max-position,14,1,0.0,0.0,0.0,0.20917834256388335,-0.001888698256308663,42,0.125,0.6124999999999999
glm:glm-5,fake_violations,0.75,0.85,max-position,14,2,0.0,0.0,0.0,0.21865557551463088,-0.002467760309542988,42,0.1875,0.56875
glm:glm-5,fake_violations,0.75,0.85,max-position,15,0,0.0,0.0,0.0,0.2130406106309486,-0.0006893726828431923,37,0.22916666666666666,0.5395833333333333
glm:glm-5,fake_violations,0.75,0.85,max-position,15,1,0.0,0.0,0.0,0.2130406106309486,-0.0006893726828431923,37,0.1875,0.56875
glm:glm-5,fake_violations,0.75,0.85,max-position,15,2,0.0,0.0,0.0,0.2130406106309486,-0.0006893726828431923,37,0.1875,0.56875
glm:glm-5,fake_violations,0.75,0.85,max-position,16,0,0.0,0.0,0.0,0.2026857898084078,-0.0016286290485323374,42,0.10416666666666667,0.61875
glm:glm-5,fake_violations,0.75,0.85,max-position,16,1,0.0,0.0,0.0,0.18183795559408567,-0.0011769314021002897,40,0.14583333333333334,0.5895833333333332
glm:glm-5,fake_violations,0.75,0.85,max-position,16,2,0.0,0.0,0.0,0.18472582938524207,-0.0013172562405523447,42,0.125,0.6041666666666666
glm:glm-5,fake_violations,0.75,0.85,max-position,17,0,0.0,0.0,0.0,0.16872567673703687,-0.005186891470115085,43,0.20833333333333334,0.5541666666666666
glm:glm-5,fake_violations,0.75,0.85,max-position,17,1,0.0,0.0,0.0,0.166784789997797,-0.005194144047355964,43,0.16666666666666666,0.5833333333333334
glm:glm-5,fake_violations,0.75,0.85,max-position,17,2,0.0,0.0,0.0,0.16924919163968477,-0.005205938351489303,44,0.1875,0.56875
glm:glm-5,fake_violations,0.75,0.85,max-position,18,0,0.0,0.0,0.0,0.14640057468265422,-0.006775739402173797,39,0.16666666666666666,0.5833333333333334
glm:glm-5,fake_violations,0.75,0.85,max-position,18,1,0.0,0.0,0.0,0.1419396058722131,-0.005173661279592179,41,0.14583333333333334,0.59375
glm:glm-5,fake_violations,0.75,0.85,max-position,18,2,0.0,0.0,0.0,0.13253458943446272,-0.005173661279592179,41,0.16666666666666666,0.5791666666666666
glm:glm-5,fake_violations,0.75,0.85,max-position,19,0,0.0,0.0,0.0,0.14664564533459168,-0.0033273566711385927,41,0.25,0.525
glm:glm-5,fake_violations,0.75,0.85,max-position,19,1,0.0,0.0,0.0,0.14664564533459168,-0.0033273566711385927,41,0.25,0.525
glm:glm-5,fake_violations,0.75,0.85,max-position,19,2,0.0,0.0,0.0,0.14664564533459168,-0.0033273566711385927,41,0.25,0.525
glm:glm-5,fake_violations,0.75,0.85,max-position,20,0,0.0,0.0,0.0,0.19969162258467876,-0.004307264193035731,45,0.16666666666666666,0.5833333333333334
glm:glm-5,fake_violations,0.75,0.85,max-position,20,1,0.0,0.0,0.0,0.1983202323836155,-0.004303317264722328,45,0.1875,0.56875
glm:glm-5,fake_violations,0.75,0.85,max-position,20,2,0.0,0.0,0.0,0.16521007169009527,-0.0015215793427533209,44,0.16666666666666666,0.5791666666666666
glm:glm-5,fake_violations,0.75,0.85,max-position,21,0,0.0,0.0,0.0,0.18989326883888458,-0.0014578504542291926,42,0.16666666666666666,0.5833333333333334
glm:glm-5,fake_violations,0.75,0.85,max-position,21,1,0.0,0.0,0.0,0.19741875042059953,-0.0014578504542291926,41,0.1875,0.56875
glm:glm-5,fake_violations,0.75,0.85,max-position,21,2,0.0,0.0,0.0,0.21779637563743393,-0.0014578504542291926,43,0.125,0.6083333333333333
glm:glm-5,fake_violations,0.75,0.85,max-position,22,0,0.0,0.0,0.0,0.1398841965653066,-0.001614155786207716,41,0.16666666666666666,0.5833333333333334
glm:glm-5,fake_violations,0.75,0.85,max-position,22,1,0.0,0.0,0.0,0.12592509821789477,-0.0019188101945124547,39,0.20833333333333334,0.5541666666666666
glm:glm-5,fake_violations,0.75,0.85,max-position,22,2,0.0,0.0,0.0,0.14537735170410748,-0.001614155786207716,41,0.14583333333333334,0.5979166666666667
glm:glm-5,fake_violations,0.75,0.85,max-position,23,0,0.0,0.0,0.0,0.22804193535318418,-0.0017097444402845996,42,0.10416666666666667,0.6270833333333333
glm:glm-5,fake_violations,0.75,0.85,max-position,23,1,0.0,0.0,0.0,0.22804193535318418,-0.0017097444402845996,42,0.10416666666666667,0.6270833333333333
glm:glm-5,fake_violations,0.75,0.85,max-position,23,2,0.0,0.0,0.0,0.21888896344969688,-0.0017097444402845996,42,0.125,0.6124999999999999
glm:glm-5,fake_violations,0.75,0.85,max-position,24,0,0.0,0.0,0.0,0.16972623484075333,-0.0013485274658354696,41,0.20833333333333334,0.5541666666666666
glm:glm-5,fake_violations,0.75,0.85,max-position,24,1,0.0,0.0,0.0,0.18990932396632076,-0.0005173947958141412,39,0.16666666666666666,0.5791666666666666
glm:glm-5,fake_violations,0.75,0.85,max-position,24,2,0.0,0.0,0.0,0.16963766564789085,-0.0013485274658354696,41,0.20833333333333334,0.5541666666666666
glm:glm-5,fake_violations,0.75,0.85,max-position,25,0,0.0,0.0,0.0,0.15738488403165252,-0.009252834956192446,40,0.16666666666666666,0.5791666666666666
glm:glm-5,fake_violations,0.75,0.85,max-position,25,1,0.0,0.0,0.0,0.15236320004006876,-0.004369285999781036,38,0.20833333333333334,0.5541666666666666
glm:glm-5,fake_violations,0.75,0.85,max-position,25,2,0.0,0.0,0.0,0.14455089188864312,-0.009252834956192446,39,0.1875,0.56875
glm:glm-5,fake_violations,0.75,0.85,max-position,26,0,0.0,0.0,0.0,0.19727567575995608,-0.009162633472594939,40,0.1875,0.5645833333333333
glm:glm-5,fake_violations,0.75,0.85,max-position,26,1,0.0,0.0,0.0,0.20814560493491485,-0.009181675839519343,39,0.20833333333333334,0.5541666666666666
glm:glm-5,fake_violations,0.75,0.85,max-position,26,2,0.0,0.0,0.0,0.17544439445869875,-0.009162633472594939,42,0.16666666666666666,0.5833333333333334
glm:glm-5,fake_violations,0.75,0.85,max-position,27,0,0.0,0.0,0.0,0.18946861262312242,-0.003894469845325488,39,0.125,0.6124999999999999
glm:glm-5,fake_violations,0.75,0.85,max-position,27,1,0.0,0.0,0.0,0.17607445429333857,-0.003894469845325488,39,0.16666666666666666,0.5833333333333334
glm:glm-5,fake_violations,0.75,0.85,max-position,27,2,0.0,0.0,0.0,0.18946861262312242,-0.003894469845325488,39,0.125,0.6124999999999999
glm:glm-5,fake_violations,0.75,0.85,max-position,28,0,0.0,0.0,0.0,0.20884857108023946,-0.005277868995431367,43,0.125,0.6124999999999999
glm:glm-5,fake_violations,0.75,0.85,max-position,28,1,0.0,0.0,0.0,0.21401064139667314,-0.004675333975281415,42,0.14583333333333334,0.5979166666666667
glm:glm-5,fake_violations,0.75,0.85,max-position,28,2,0.0,0.0,0.0,0.20931509591711883,-0.004675333975281415,43,0.14583333333333334,0.5895833333333332
glm:glm-5,fake_violations,0.75,0.85,max-position,29,0,0.0,0.0,0.0,0.18644513043711886,-0.0038665971917989372,42,0.20833333333333334,0.5541666666666666
glm:glm-5,fake_violations,0.75,0.85,max-position,29,1,0.0,0.0,0.0,0.17284324623683345,-0.0029493810583348656,41,0.1875,0.5604166666666667
glm:glm-5,fake_violations,0.75,0.85,max-position,29,2,0.0,0.0,0.0,0.1737337026090271,-0.002944057698044067,39,0.20833333333333334,0.5541666666666666
glm:glm-5,fake_violations,0.75,0.85,max-position,30,0,0.0,0.0,0.0,0.16736402750060608,-0.004091310437588369,39,0.16666666666666666,0.5833333333333334
glm:glm-5,fake_violations,0.75,0.85,max-position,30,1,0.0,0.0,0.0,0.1677226505101943,-0.00413569286553972,39,0.1875,0.56875
glm:glm-5,fake_violations,0.75,0.85,max-position,30,2,0.0,0.0,0.0,0.1685098940890959,-0.0036625775170957553,40,0.16666666666666666,0.5833333333333334
glm:glm-5,fake_violations,0.0,0.85,none,1,0,0.0,0.0,0.0,0.29646342815528604,-0.0017792909939793322,26,0.08333333333333333,1.3916666666666666
glm:glm-5,fake_violations,0.0,0.85,none,1,1,0.0,0.0,0.0,0.29646342815528604,-0.0017792909939793322,26,0.08333333333333333,1.3895833333333334
glm:glm-5,fake_violations,0.0,0.85,none,1,2,0.0,0.0,0.0,0.2973323012373783,-0.0017800111219306025,28,0.08333333333333333,1.4000000000000001
glm:glm-5,fake_violations,0.0,0.85,none,2,0,0.0,0.0,0.0,0.36821906662567816,-0.0016774184061485453,23,0.08333333333333333,1.4166666666666667
glm:glm-5,fake_violations,0.0,0.85,none,2,1,0.0,0.0,0.0,0.35383225802919127,-0.0016774184061485453,24,0.10416666666666667,1.3791666666666667
glm:glm-5,fake_violations,0.0,0.85,none,2,2,0.0,0.0,0.0,0.3682323625569557,-0.0016774184061485453,23,0.08333333333333333,1.3958333333333333
glm:glm-5,fake_violations,0.0,0.85,none,3,0,0.0,0.0,0.0,0.3042085938905368,-0.008547007721185218,21,0.14583333333333334,1.2729166666666667
glm:glm-5,fake_violations,0.0,0.85,none,3,1,0.0,0.0,0.0,0.2878526420444967,-0.008545560611595615,22,0.16666666666666666,1.2145833333333333
glm:glm-5,fake_violations,0.0,0.85,none,3,2,0.0,0.0,0.0,0.3036353996897927,-0.008545560611595615,24,0.14583333333333334,1.2833333333333334
glm:glm-5,fake_violations,0.0,0.85,none,4,0,0.0,0.0,0.0,0.35019893276350245,-0.005866874523774435,22,0.16666666666666666,1.2395833333333333
glm:glm-5,fake_violations,0.0,0.85,none,4,1,0.0,0.0,0.0,0.3518639429344852,-0.005879000540288226,20,0.10416666666666667,1.29375
glm:glm-5,fake_violations,0.0,0.85,none,4,2,0.0,0.0,0.0,0.34959271465772157,-0.005879229935688346,26,0.10416666666666667,1.34375
glm:glm-5,fake_violations,0.0,0.85,none,5,0,0.0,0.0,0.0,0.29486777124164876,-0.0016453690283553257,24,0.125,1.3
glm:glm-5,fake_violations,0.0,0.85,none,5,1,0.0,0.0,0.0,0.3178836079109786,-0.0016453690283553257,20,0.10416666666666667,1.3395833333333333
glm:glm-5,fake_violations,0.0,0.85,none,5,2,0.0,0.0,0.0,0.29608003614342193,-0.0016453690283553257,23,0.125,1.3020833333333333
glm:glm-5,fake_violations,0.0,0.85,none,6,0,0.0,0.0,0.0,0.33978659538170275,-0.0075837380531951215,9,0.041666666666666664,1.4770833333333335
glm:glm-5,fake_violations,0.0,0.85,none,6,1,0.0,0.0,0.0,0.3180320688252669,-0.0075837380531951215,15,0.08333333333333333,1.4166666666666667
glm:glm-5,fake_violations,0.0,0.85,none,6,2,0.0,0.0,0.0,0.33978659538170275,-0.0075837380531951215,8,0.041666666666666664,1.4812500000000002
glm:glm-5,fake_violations,0.0,0.85,none,7,0,0.0,0.0,0.0,0.2790245546181558,-0.0011797386560000733,20,0.16666666666666666,1.2875
glm:glm-5,fake_violations,0.0,0.85,none,7,1,0.0,0.0,0.0,0.25373952291600266,-0.007239322975124529,30,0.1875,1.2
glm:glm-5,fake_violations,0.0,0.85,none,7,2,0.0,0.0,0.0,0.2843425189761788,-0.0011797386560000733,20,0.16666666666666666,1.2729166666666667
glm:glm-5,fake_violations,0.0,0.85,none,8,0,0.0,0.0,0.0,0.284651730623976,-0.002070361734848092,27,0.14583333333333334,1.3062500000000001
glm:glm-5,fake_violations,0.0,0.85,none,8,1,0.0,0.0,0.0,0.2330040245190721,-0.002198664909097592,27,0.16666666666666666,1.2645833333333334
glm:glm-5,fake_violations,0.0,0.85,none,8,2,0.0,0.0,0.0,0.286550122154861,-0.002070361734848092,23,0.14583333333333334,1.3083333333333333
glm:glm-5,fake_violations,0.0,0.85,none,9,0,0.0,0.0,0.0,0.26743884985455724,-0.015755771082895276,22,0.14583333333333334,1.2958333333333334
glm:glm-5,fake_violations,0.0,0.85,none,9,1,0.0,0.0,0.0,0.27294655983170135,-0.015755771082895276,22,0.14583333333333334,1.3208333333333335
glm:glm-5,fake_violations,0.0,0.85,none,9,2,0.0,0.0,0.0,0.2636954487345273,-0.010162420609448275,26,0.16666666666666666,1.2729166666666667
glm:glm-5,fake_violations,0.0,0.85,none,10,0,0.0,0.0,0.0,0.31904297469944587,-0.013679277052062622,22,0.10416666666666667,1.3729166666666668
glm:glm-5,fake_violations,0.0,0.85,none,10,1,0.0,0.0,0.0,0.3229838219400476,-0.013821318206102662,22,0.10416666666666667,1.3875000000000002
glm:glm-5,fake_violations,0.0,0.85,none,10,2,0.0,0.0,0.0,0.31904297469944587,-0.013679277052062622,22,0.10416666666666667,1.3854166666666667
glm:glm-5,fake_violations,0.0,0.85,none,11,0,0.0,0.0,0.0,0.3918268509265814,-0.002373406324670535,21,0.08333333333333333,1.3791666666666667
glm:glm-5,fake_violations,0.0,0.85,none,11,1,0.0,0.0,0.0,0.390955895565714,-0.002373406324670535,22,0.08333333333333333,1.3708333333333333
glm:glm-5,fake_violations,0.0,0.85,none,11,2,0.0,0.0,0.0,0.3668656500011287,-0.002373406324670535,22,0.08333333333333333,1.3645833333333333
glm:glm-5,fake_violations,0.0,0.85,none,12,0,0.0,0.0,0.0,0.3193445661693721,-0.001134987415517541,24,0.1875,1.2041666666666668
glm:glm-5,fake_violations,0.0,0.85,none,12,1,0.0,0.0,0.0,0.27591260104082194,-0.001134987415517541,31,0.25,1.1416666666666668
glm:glm-5,fake_violations,0.0,0.85,none,12,2,0.0,0.0,0.0,0.3309321633700648,-0.001134987415517541,28,0.1875,1.21875
glm:glm-5,fake_violations,0.0,0.85,none,13,0,0.0,0.0,0.0,0.29948908815636655,-0.0010074420483781044,16,0.14583333333333334,1.28125
glm:glm-5,fake_violations,0.0,0.85,none,13,1,0.0,0.0,0.0,0.29745519092174066,-0.0010074420483781044,17,0.14583333333333334,1.2791666666666666
glm:glm-5,fake_violations,0.0,0.85,none,13,2,0.0,0.0,0.0,0.2679189112476912,-0.003925621611188812,20,0.16666666666666666,1.2520833333333334
glm:glm-5,fake_violations,0.0,0.85,none,14,0,0.0,0.0,0.0,0.27903425109130553,-0.0015152768394963712,26,0.14583333333333334,1.2770833333333333
glm:glm-5,fake_violations,0.0,0.85,none,14,1,0.0,0.0,0.0,0.3136889591550074,-0.0015152768394963712,15,0.125,1.3208333333333333
glm:glm-5,fake_violations,0.0,0.85,none,14,2,0.0,0.0,0.0,0.2788559547631957,-0.0015152768394963712,27,0.14583333333333334,1.2729166666666667
glm:glm-5,fake_violations,0.0,0.85,none,15,0,0.0,0.0,0.0,0.39399289480377253,-0.002944990248791912,21,0.16666666666666666,1.2166666666666666
glm:glm-5,fake_violations,0.0,0.85,none,15,1,0.0,0.0,0.0,0.3489174531424424,-0.00336923417019519,18,0.14583333333333334,1.2229166666666667
glm:glm-5,fake_violations,0.0,0.85,none,15,2,0.0,0.0,0.0,0.3616942133287635,-0.002941500635962213,20,0.1875,1.2354166666666668
glm:glm-5,fake_violations,0.0,0.85,none,16,0,0.0,0.0,0.0,0.34922404078664715,-0.0023074886381838633,16,0.10416666666666667,1.3083333333333333
glm:glm-5,fake_violations,0.0,0.85,none,16,1,0.0,0.0,0.0,0.32474347694319494,-0.002721349048128041,26,0.125,1.2583333333333333
glm:glm-5,fake_violations,0.0,0.85,none,16,2,0.0,0.0,0.0,0.3175601819157787,-0.002721349048128041,24,0.125,1.3062500000000001
glm:glm-5,fake_violations,0.0,0.85,none,17,0,0.0,0.0,0.0,0.2095898760342545,-0.006397796623204166,32,0.16666666666666666,1.1895833333333334
glm:glm-5,fake_violations,0.0,0.85,none,17,1,0.0,0.0,0.0,0.19292812937245918,-0.006748606433316873,27,0.16666666666666666,1.2604166666666667
glm:glm-5,fake_violations,0.0,0.85,none,17,2,0.0,0.0,0.0,0.1931927690368782,-0.009077254021275905,24,0.16666666666666666,1.2916666666666667
glm:glm-5,fake_violations,0.0,0.85,none,18,0,0.0,0.0,0.0,0.27548940048093806,-0.00512365066103726,28,0.125,1.3333333333333333
glm:glm-5,fake_violations,0.0,0.85,none,18,1,0.0,0.0,0.0,0.2375384552894011,-0.00512365066103726,34,0.14583333333333334,1.2729166666666667
glm:glm-5,fake_violations,0.0,0.85,none,18,2,0.0,0.0,0.0,0.20155642700129595,-0.00512365066103726,37,0.1875,1.1916666666666667
glm:glm-5,fake_violations,0.0,0.85,none,19,0,0.0,0.0,0.0,0.2375379508276032,-0.005971912027506021,25,0.25,1.125
glm:glm-5,fake_violations,0.0,0.85,none,19,1,0.0,0.0,0.0,0.2172602083068682,-0.005971912027506021,28,0.25,1.125
glm:glm-5,fake_violations,0.0,0.85,none,19,2,0.0,0.0,0.0,0.2174109496958201,-0.005971912027506021,28,0.25,1.1333333333333333
glm:glm-5,fake_violations,0.0,0.85,none,20,0,0.0,0.0,0.0,0.30437926828566453,-0.0027267188126602893,30,0.125,1.3125
glm:glm-5,fake_violations,0.0,0.85,none,20,1,0.0,0.0,0.0,0.3262970703267656,-0.0016570318361081027,23,0.125,1.3166666666666667
glm:glm-5,fake_violations,0.0,0.85,none,20,2,0.0,0.0,0.0,0.33147951784118246,-0.0016570318361081027,26,0.125,1.2916666666666667
glm:glm-5,fake_violations,0.0,0.85,none,21,0,0.0,0.0,0.0,0.2932554367816145,-0.00251929741735335,31,0.125,1.2750000000000001
glm:glm-5,fake_violations,0.0,0.85,none,21,1,0.0,0.0,0.0,0.28924432034412817,-0.0028117699122399697,25,0.125,1.2916666666666667
glm:glm-5,fake_violations,0.0,0.85,none,21,2,0.0,0.0,0.0,0.2899005015931586,-0.0028117699122399697,31,0.14583333333333334,1.25
glm:glm-5,fake_violations,0.0,0.85,none,22,0,0.0,0.0,0.0,0.2178626124318621,-0.008751342082765401,26,0.14583333333333334,1.2583333333333333
glm:glm-5,fake_violations,0.0,0.85,none,22,1,0.0,0.0,0.0,0.22006539679783055,-0.008751342082765401,22,0.125,1.2916666666666667
glm:glm-5,fake_violations,0.0,0.85,none,22,2,0.0,0.0,0.0,0.20548606723993523,-0.008751342082765401,30,0.16666666666666666,1.2145833333333333
glm:glm-5,fake_violations,0.0,0.85,none,23,0,0.0,0.0,0.0,0.3220294863292499,-0.010251034184135088,21,0.08333333333333333,1.3833333333333335
glm:glm-5,fake_violations,0.0,0.85,none,23,1,0.0,0.0,0.0,0.3122538248763129,-0.010474472020001069,23,0.125,1.3
glm:glm-5,fake_violations,0.0,0.85,none,23,2,0.0,0.0,0.0,0.31183962201293536,-0.010251020652909504,20,0.10416666666666667,1.3729166666666668
glm:glm-5,fake_violations,0.0,0.85,none,24,0,0.0,0.0,0.0,0.35777603239067535,-0.0012085522337648147,14,0.125,1.33125
glm:glm-5,fake_violations,0.0,0.85,none,24,1,0.0,0.0,0.0,0.35805645111477036,-0.0012085522337648147,16,0.10416666666666667,1.3729166666666668
glm:glm-5,fake_violations,0.0,0.85,none,24,2,0.0,0.0,0.0,0.30093610688958394,-0.0012085522337648147,29,0.16666666666666666,1.23125
glm:glm-5,fake_violations,0.0,0.85,none,25,0,0.0,0.0,0.0,0.23785085573846532,-0.008809897478925466,25,0.20833333333333334,1.2125000000000001
glm:glm-5,fake_violations,0.0,0.85,none,25,1,0.0,0.0,0.0,0.24566477653977503,-0.014567507296171955,25,0.16666666666666666,1.2125000000000001
glm:glm-5,fake_violations,0.0,0.85,none,25,2,0.0,0.0,0.0,0.22474538528979426,-0.014567507296171733,29,0.2708333333333333,1.1
glm:glm-5,fake_violations,0.0,0.85,none,26,0,0.0,0.0,0.0,0.2945653760599787,-0.01664923967531229,26,0.1875,1.20625
glm:glm-5,fake_violations,0.0,0.85,none,26,1,0.0,0.0,0.0,0.23356265309655355,-0.01664923967531229,36,0.22916666666666666,1.1833333333333333
glm:glm-5,fake_violations,0.0,0.85,none,26,2,0.0,0.0,0.0,0.22366582248471611,-0.01664923967531229,32,0.22916666666666666,1.1729166666666668
glm:glm-5,fake_violations,0.0,0.85,none,27,0,0.0,0.0,0.0,0.2717759371126869,-0.005882957098599095,21,0.16666666666666666,1.2541666666666667
glm:glm-5,fake_violations,0.0,0.85,none,27,1,0.0,0.0,0.0,0.30519590360272875,-0.005566097125618508,21,0.125,1.3145833333333334
glm:glm-5,fake_violations,0.0,0.85,none,27,2,0.0,0.0,0.0,0.2654622830108633,-0.005566097125618508,28,0.1875,1.2395833333333333
glm:glm-5,fake_violations,0.0,0.85,none,28,0,0.0,0.0,0.0,0.335123270465681,-0.006184299091205769,17,0.125,1.3166666666666667
glm:glm-5,fake_violations,0.0,0.85,none,28,1,0.0,0.0,0.0,0.3381478973791481,-0.006184299091205769,17,0.125,1.3458333333333334
glm:glm-5,fake_violations,0.0,0.85,none,28,2,0.0,0.0,0.0,0.335123270465681,-0.006184299091205769,17,0.125,1.3208333333333335
glm:glm-5,fake_violations,0.0,0.85,none,29,0,0.0,0.0,0.0,0.2793249049290858,-0.003123043217588717,20,0.20833333333333334,1.1604166666666667
glm:glm-5,fake_violations,0.0,0.85,none,29,1,0.0,0.0,0.0,0.2903042756490479,-0.003123043217588717,19,0.1875,1.2041666666666668
glm:glm-5,fake_violations,0.0,0.85,none,29,2,0.0,0.0,0.0,0.26961571850126687,-0.005652209553761778,22,0.1875,1.2166666666666666
glm:glm-5,fake_violations,0.0,0.85,none,30,0,0.0,0.0,0.0,0.24812475165959036,-0.0050213871726886294,31,0.1875,1.2333333333333334
glm:glm-5,fake_violations,0.0,0.85,none,30,1,0.0,0.0,0.0,0.2772472743993153,-0.0015762868417998899,27,0.14583333333333334,1.2770833333333333
glm:glm-5,fake_violations,0.0,0.85,none,30,2,0.0,0.0,0.0,0.291483353878196,-0.001613554164490938,28,0.14583333333333334,1.3166666666666667
glm:glm-5,fake_violations,0.05,0.85,none,1,0,0.0,0.0,0.0,0.3035882634163758,-0.0017792909939793322,31,0.08333333333333333,1.3604166666666666
glm:glm-5,fake_violations,0.05,0.85,none,1,1,0.0,0.0,0.0,0.30672180213166866,-0.0017792909939793322,30,0.08333333333333333,1.3499999999999999
glm:glm-5,fake_violations,0.05,0.85,none,1,2,0.0,0.0,0.0,0.3123569511701425,-0.0017800111219306025,28,0.08333333333333333,1.3770833333333332
glm:glm-5,fake_violations,0.05,0.85,none,2,0,0.0,0.0,0.0,0.3665875910259253,-0.0016774184061485453,23,0.08333333333333333,1.3479166666666667
glm:glm-5,fake_violations,0.05,0.85,none,2,1,0.0,0.0,0.0,0.3628578615482958,-0.0016774184061485453,25,0.10416666666666667,1.3083333333333333
glm:glm-5,fake_violations,0.05,0.85,none,2,2,0.0,0.0,0.0,0.3682324916393329,-0.0016774184061485453,22,0.08333333333333333,1.3583333333333334
glm:glm-5,fake_violations,0.05,0.85,none,3,0,0.0,0.0,0.0,0.30388075777202883,-0.008547007721185218,21,0.14583333333333334,1.25625
glm:glm-5,fake_violations,0.05,0.85,none,3,1,0.0,0.0,0.0,0.3068705876045412,-0.008545560611595615,18,0.14583333333333334,1.2583333333333333
glm:glm-5,fake_violations,0.05,0.85,none,3,2,0.0,0.0,0.0,0.29136463602864926,-0.008545560611595615,25,0.16666666666666666,1.2104166666666667
glm:glm-5,fake_violations,0.05,0.85,none,4,0,0.0,0.0,0.0,0.3475882656749647,-0.005866874523774435,28,0.16666666666666666,1.2229166666666667
glm:glm-5,fake_violations,0.05,0.85,none,4,1,0.0,0.0,0.0,0.3441038159415917,-0.005879000540288226,21,0.10416666666666667,1.2437500000000001
glm:glm-5,fake_violations,0.05,0.85,none,4,2,0.0,0.0,0.0,0.34169538973027413,-0.005879229935688346,25,0.125,1.2895833333333333
glm:glm-5,fake_violations,0.05,0.85,none,5,0,0.0,0.0,0.0,0.2938701601775875,-0.0016453690283553257,26,0.125,1.2416666666666667
glm:glm-5,fake_violations,0.05,0.85,none,5,1,0.0,0.0,0.0,0.31692632491443606,-0.0016453690283553257,23,0.125,1.2958333333333334
glm:glm-5,fake_violations,0.05,0.85,none,5,2,0.0,0.0,0.0,0.2884637394615115,-0.0016453690283553257,25,0.125,1.3
glm:glm-5,fake_violations,0.05,0.85,none,6,0,0.0,0.0,0.0,0.3437661828448588,-0.0075837380531951215,15,0.0625,1.40625
glm:glm-5,fake_violations,0.05,0.85,none,6,1,0.0,0.0,0.0,0.3425591040865885,-0.0075837380531951215,8,0.041666666666666664,1.429166666666667
glm:glm-5,fake_violations,0.05,0.85,none,6,2,0.0,0.0,0.0,0.34375822601319195,-0.0075837380531951215,15,0.0625,1.4145833333333335
glm:glm-5,fake_violations,0.05,0.85,none,7,0,0.0,0.0,0.0,0.27138189073812513,-0.0011797386560000733,20,0.16666666666666666,1.2479166666666668
glm:glm-5,fake_violations,0.05,0.85,none,7,1,0.0,0.0,0.0,0.2469535481620735,-0.007239322975124529,29,0.1875,1.2020833333333334
glm:glm-5,fake_violations,0.05,0.85,none,7,2,0.0,0.0,0.0,0.28018473286363577,-0.0011797386560000733,26,0.16666666666666666,1.2166666666666668
glm:glm-5,fake_violations,0.05,0.85,none,8,0,0.0,0.0,0.0,0.2753240409640181,-0.002070361734848092,27,0.14583333333333334,1.28125
glm:glm-5,fake_violations,0.05,0.85,none,8,1,0.0,0.0,0.0,0.24343387965713292,-0.002198664909097592,26,0.125,1.3104166666666666
glm:glm-5,fake_violations,0.05,0.85,none,8,2,0.0,0.0,0.0,0.28308221051061633,-0.002070361734848092,26,0.14583333333333334,1.2979166666666668
glm:glm-5,fake_violations,0.05,0.85,none,9,0,0.0,0.0,0.0,0.2710776180360588,-0.015755771082895276,23,0.14583333333333334,1.2895833333333335
glm:glm-5,fake_violations,0.05,0.85,none,9,1,0.0,0.0,0.0,0.28279982309896146,-0.015755771082895276,28,0.16666666666666666,1.2458333333333333
glm:glm-5,fake_violations,0.05,0.85,none,9,2,0.0,0.0,0.0,0.27151272083564626,-0.010162420609448275,22,0.14583333333333334,1.2
glm:glm-5,fake_violations,0.05,0.85,none,10,0,0.0,0.0,0.0,0.3188914986417979,-0.013679277052062622,23,0.10416666666666667,1.3562500000000002
glm:glm-5,fake_violations,0.05,0.85,none,10,1,0.0,0.0,0.0,0.3347244224997683,-0.013821318206102662,23,0.125,1.3333333333333333
glm:glm-5,fake_violations,0.05,0.85,none,10,2,0.0,0.0,0.0,0.3181643405339527,-0.013679277052062622,22,0.10416666666666667,1.3645833333333333
glm:glm-5,fake_violations,0.05,0.85,none,11,0,0.0,0.0,0.0,0.39195121379782427,-0.002373406324670535,23,0.08333333333333333,1.3875000000000002
glm:glm-5,fake_violations,0.05,0.85,none,11,1,0.0,0.0,0.0,0.3756739112843308,-0.002373406324670535,26,0.08333333333333333,1.335416666666667
glm:glm-5,fake_violations,0.05,0.85,none,11,2,0.0,0.0,0.0,0.37008980862401364,-0.002373406324670535,24,0.08333333333333333,1.366666666666667
glm:glm-5,fake_violations,0.05,0.85,none,12,0,0.0,0.0,0.0,0.31576027698485754,-0.001134987415517541,18,0.16666666666666666,1.25
glm:glm-5,fake_violations,0.05,0.85,none,12,1,0.0,0.0,0.0,0.2808173841171737,-0.001134987415517541,26,0.1875,1.20625
glm:glm-5,fake_violations,0.05,0.85,none,12,2,0.0,0.0,0.0,0.33435922253798567,-0.001134987415517541,22,0.16666666666666666,1.225
glm:glm-5,fake_violations,0.05,0.85,none,13,0,0.0,0.0,0.0,0.29212207643504673,-0.0010074420483781044,15,0.14583333333333334,1.2625
glm:glm-5,fake_violations,0.05,0.85,none,13,1,0.0,0.0,0.0,0.29744304088911067,-0.0010074420483781044,18,0.125,1.2750000000000001
glm:glm-5,fake_violations,0.05,0.85,none,13,2,0.0,0.0,0.0,0.2679089718562586,-0.003925621611188812,20,0.14583333333333334,1.2770833333333333
glm:glm-5,fake_violations,0.05,0.85,none,14,0,0.0,0.0,0.0,0.2803614870319775,-0.0015152768394963712,21,0.16666666666666666,1.2666666666666668
glm:glm-5,fake_violations,0.05,0.85,none,14,1,0.0,0.0,0.0,0.30502841175601403,-0.0015152768394963712,18,0.10416666666666667,1.29375
glm:glm-5,fake_violations,0.05,0.85,none,14,2,0.0,0.0,0.0,0.27735514286112517,-0.0015152768394963712,25,0.14583333333333334,1.2729166666666667
glm:glm-5,fake_violations,0.05,0.85,none,15,0,0.0,0.0,0.0,0.3899473950644494,-0.002944990248791912,18,0.1875,1.2229166666666667
glm:glm-5,fake_violations,0.05,0.85,none,15,1,0.0,0.0,0.0,0.3598326026637233,-0.00336923417019519,22,0.14583333333333334,1.23125
glm:glm-5,fake_violations,0.05,0.85,none,15,2,0.0,0.0,0.0,0.366367503389359,-0.002941500635962213,27,0.16666666666666666,1.1916666666666667
glm:glm-5,fake_violations,0.05,0.85,none,16,0,0.0,0.0,0.0,0.34936622386631844,-0.0023074886381838633,16,0.10416666666666667,1.2958333333333334
glm:glm-5,fake_violations,0.05,0.85,none,16,1,0.0,0.0,0.0,0.3117359882014461,-0.002721349048128041,29,0.125,1.2354166666666668
glm:glm-5,fake_violations,0.05,0.85,none,16,2,0.0,0.0,0.0,0.31215251558235524,-0.002721349048128041,25,0.125,1.2583333333333333
glm:glm-5,fake_violations,0.05,0.85,none,17,0,0.0,0.0,0.0,0.21063300157615283,-0.0025759039067938527,35,0.14583333333333334,1.1958333333333333
glm:glm-5,fake_violations,0.05,0.85,none,17,1,0.0,0.0,0.0,0.22721788002630716,-0.006658665430284261,27,0.14583333333333334,1.2437500000000001
glm:glm-5,fake_violations,0.05,0.85,none,17,2,0.0,0.0,0.0,0.21158212990939385,-0.007255782601360394,28,0.14583333333333334,1.2875
glm:glm-5,fake_violations,0.05,0.85,none,18,0,0.0,0.0,0.0,0.25316973854872127,-0.00512365066103726,33,0.125,1.2895833333333333
glm:glm-5,fake_violations,0.05,0.85,none,18,1,0.0,0.0,0.0,0.26520269923396,-0.00512365066103726,26,0.125,1.3041666666666667
glm:glm-5,fake_violations,0.05,0.85,none,18,2,0.0,0.0,0.0,0.20520110924546864,-0.00512365066103726,36,0.1875,1.1916666666666667
glm:glm-5,fake_violations,0.05,0.85,none,19,0,0.0,0.0,0.0,0.23973762995339265,-0.005971912027506021,25,0.25,1.1291666666666667
glm:glm-5,fake_violations,0.05,0.85,none,19,1,0.0,0.0,0.0,0.21181621282178886,-0.005971912027506021,29,0.25,1.0916666666666666
glm:glm-5,fake_violations,0.05,0.85,none,19,2,0.0,0.0,0.0,0.21686604392924225,-0.005971912027506021,28,0.2708333333333333,1.1229166666666668
glm:glm-5,fake_violations,0.05,0.85,none,20,0,0.0,0.0,0.0,0.30328847772236167,-0.0027267144752248784,30,0.10416666666666667,1.3145833333333334
glm:glm-5,fake_violations,0.05,0.85,none,20,1,0.0,0.0,0.0,0.3180343855429324,-0.0016570318361081027,30,0.16666666666666666,1.25
glm:glm-5,fake_violations,0.05,0.85,none,20,2,0.0,0.0,0.0,0.3190735099963382,-0.0016570318361081027,31,0.14583333333333334,1.25625
glm:glm-5,fake_violations,0.05,0.85,none,21,0,0.0,0.0,0.0,0.2979358769504794,-0.00251929741735335,29,0.125,1.2625
glm:glm-5,fake_violations,0.05,0.85,none,21,1,0.0,0.0,0.0,0.2940303451278594,-0.0028117699122399697,29,0.10416666666666667,1.2895833333333333
glm:glm-5,fake_violations,0.05,0.85,none,21,2,0.0,0.0,0.0,0.27723352211175745,-0.0028117699122399697,27,0.125,1.3020833333333333
glm:glm-5,fake_violations,0.05,0.85,none,22,0,0.0,0.0,0.0,0.17545353059558888,-0.008751342082765401,31,0.16666666666666666,1.23125
glm:glm-5,fake_violations,0.05,0.85,none,22,1,0.0,0.0,0.0,0.21805523073720146,-0.008751342082765401,22,0.125,1.29375
glm:glm-5,fake_violations,0.05,0.85,none,22,2,0.0,0.0,0.0,0.22297947902333748,-0.008751342082765401,29,0.1875,1.1791666666666667
glm:glm-5,fake_violations,0.05,0.85,none,23,0,0.0,0.0,0.0,0.31554199045397424,-0.010251034184135088,27,0.125,1.3145833333333334
glm:glm-5,fake_violations,0.05,0.85,none,23,1,0.0,0.0,0.0,0.31503833948961724,-0.010474472020001069,28,0.16666666666666666,1.2229166666666667
glm:glm-5,fake_violations,0.05,0.85,none,23,2,0.0,0.0,0.0,0.34551342866597445,-0.010251020652909504,23,0.08333333333333333,1.3541666666666667
glm:glm-5,fake_violations,0.05,0.85,none,24,0,0.0,0.0,0.0,0.36052830540536873,-0.0012085522337648147,12,0.125,1.3270833333333334
glm:glm-5,fake_violations,0.05,0.85,none,24,1,0.0,0.0,0.0,0.3045653851595016,-0.002116969461004703,19,0.125,1.2895833333333333
glm:glm-5,fake_violations,0.05,0.85,none,24,2,0.0,0.0,0.0,0.27538273859537266,-0.0022806029225077573,30,0.16666666666666666,1.2458333333333333
glm:glm-5,fake_violations,0.05,0.85,none,25,0,0.0,0.0,0.0,0.267882140292667,-0.008809897478925466,28,0.22916666666666666,1.13125
glm:glm-5,fake_violations,0.05,0.85,none,25,1,0.0,0.0,0.0,0.24458978840446588,-0.014567507296171955,25,0.16666666666666666,1.2229166666666667
glm:glm-5,fake_violations,0.05,0.85,none,25,2,0.0,0.0,0.0,0.22242977121890717,-0.014567507296171733,30,0.20833333333333334,1.1520833333333333
glm:glm-5,fake_violations,0.05,0.85,none,26,0,0.0,0.0,0.0,0.25532521116700013,-0.01664923967531229,23,0.1875,1.2208333333333334
glm:glm-5,fake_violations,0.05,0.85,none,26,1,0.0,0.0,0.0,0.2445113095495648,-0.01664923967531229,34,0.20833333333333334,1.1833333333333333
glm:glm-5,fake_violations,0.05,0.85,none,26,2,0.0,0.0,0.0,0.23589810215265472,-0.01664923967531229,32,0.22916666666666666,1.1229166666666666
glm:glm-5,fake_violations,0.05,0.85,none,27,0,0.0,0.0,0.0,0.28382768766943767,-0.005882957098599095,23,0.125,1.3020833333333333
glm:glm-5,fake_violations,0.05,0.85,none,27,1,0.0,0.0,0.0,0.2930732216387304,-0.005566097125618508,24,0.125,1.2604166666666667
glm:glm-5,fake_violations,0.05,0.85,none,27,2,0.0,0.0,0.0,0.30558964818394907,-0.005566097125618508,23,0.14583333333333334,1.3125
glm:glm-5,fake_violations,0.05,0.85,none,28,0,0.0,0.0,0.0,0.3367044793564722,-0.006184299091205769,14,0.10416666666666667,1.34375
glm:glm-5,fake_violations,0.05,0.85,none,28,1,0.0,0.0,0.0,0.3347343202033264,-0.006184299091205769,18,0.125,1.335416666666667
glm:glm-5,fake_violations,0.05,0.85,none,28,2,0.0,0.0,0.0,0.3385698587994104,-0.006184299091205769,16,0.16666666666666666,1.2583333333333335
glm:glm-5,fake_violations,0.05,0.85,none,29,0,0.0,0.0,0.0,0.28025257621586896,-0.003123043217588717,23,0.1875,1.15625
glm:glm-5,fake_violations,0.05,0.85,none,29,1,0.0,0.0,0.0,0.2840714433868221,-0.0033400571351116515,25,0.16666666666666666,1.1812500000000001
glm:glm-5,fake_violations,0.05,0.85,none,29,2,0.0,0.0,0.0,0.2809601258929022,-0.003123043217588717,29,0.20833333333333334,1.1416666666666668
glm:glm-5,fake_violations,0.05,0.85,none,30,0,0.0,0.0,0.0,0.248934422293694,-0.0050213871726886294,29,0.1875,1.2479166666666666
glm:glm-5,fake_violations,0.05,0.85,none,30,1,0.0,0.0,0.0,0.2875950163811638,-0.002004023053680082,27,0.14583333333333334,1.2541666666666667
glm:glm-5,fake_violations,0.05,0.85,none,30,2,0.0,0.0,0.0,0.23545192080037958,-0.0045522276559581965,25,0.16666666666666666,1.21875
glm:glm-5,fake_violations,0.1,0.85,none,1,0,0.0,0.0,0.0,0.31783726931073786,-0.0017792909939793322,24,0.08333333333333333,1.3104166666666666
glm:glm-5,fake_violations,0.1,0.85,none,1,1,0.0,0.0,0.0,0.3143448781623188,-0.0017792909939793322,25,0.08333333333333333,1.3375000000000001
glm:glm-5,fake_violations,0.1,0.85,none,1,2,0.0,0.0,0.0,0.3258074292741855,-0.0017800111219306025,27,0.08333333333333333,1.3499999999999999
glm:glm-5,fake_violations,0.1,0.85,none,2,0,0.0,0.0,0.0,0.3665875910259253,-0.0016774184061485453,23,0.08333333333333333,1.3687500000000001
glm:glm-5,fake_violations,0.1,0.85,none,2,1,0.0,0.0,0.0,0.35845694224057456,-0.0016774184061485453,21,0.10416666666666667,1.3687500000000001
glm:glm-5,fake_violations,0.1,0.85,none,2,2,0.0,0.0,0.0,0.3625627073926787,-0.0016774184061485453,22,0.10416666666666667,1.3479166666666667
glm:glm-5,fake_violations,0.1,0.85,none,3,0,0.0,0.0,0.0,0.2916872121967635,-0.008547007721185218,23,0.125,1.2375
glm:glm-5,fake_violations,0.1,0.85,none,3,1,0.0,0.0,0.0,0.3054990995667135,-0.008545560611595615,20,0.14583333333333334,1.2333333333333334
glm:glm-5,fake_violations,0.1,0.85,none,3,2,0.0,0.0,0.0,0.2711587163536129,-0.008545560611595615,28,0.125,1.2791666666666668
glm:glm-5,fake_violations,0.1,0.85,none,4,0,0.0,0.0,0.0,0.3512283034103423,-0.005866874523774435,22,0.16666666666666666,1.2125000000000001
glm:glm-5,fake_violations,0.1,0.85,none,4,1,0.0,0.0,0.0,0.3451070406818588,-0.005879000540288226,30,0.10416666666666667,1.3041666666666667
glm:glm-5,fake_violations,0.1,0.85,none,4,2,0.0,0.0,0.0,0.3387704708616004,-0.005879229935688346,24,0.14583333333333334,1.1916666666666667
glm:glm-5,fake_violations,0.1,0.85,none,5,0,0.0,0.0,0.0,0.29590757395254474,-0.0016453690283553257,24,0.125,1.2708333333333333
glm:glm-5,fake_violations,0.1,0.85,none,5,1,0.0,0.0,0.0,0.3175576098861361,-0.0016453690283553257,21,0.10416666666666667,1.29375
glm:glm-5,fake_violations,0.1,0.85,none,5,2,0.0,0.0,0.0,0.2978109590308058,-0.0016453690283553257,17,0.14583333333333334,1.2291666666666667
glm:glm-5,fake_violations,0.1,0.85,none,6,0,0.0,0.0,0.0,0.2938249518690612,-0.0075837380531951215,17,0.08333333333333333,1.375
glm:glm-5,fake_violations,0.1,0.85,none,6,1,0.0,0.0,0.0,0.3340624774815657,-0.0075837380531951215,14,0.041666666666666664,1.4104166666666667
glm:glm-5,fake_violations,0.1,0.85,none,6,2,0.0,0.0,0.0,0.3342479360096904,-0.0075837380531951215,15,0.125,1.3041666666666667
glm:glm-5,fake_violations,0.1,0.85,none,7,0,0.0,0.0,0.0,0.2603542499953757,-0.0011797386560000733,24,0.1875,1.2104166666666667
glm:glm-5,fake_violations,0.1,0.85,none,7,1,0.0,0.0,0.0,0.24835019782233725,-0.004160921889261759,30,0.1875,1.1604166666666667
glm:glm-5,fake_violations,0.1,0.85,none,7,2,0.0,0.0,0.0,0.27750088834038067,-0.0011797386560000733,20,0.16666666666666666,1.2583333333333333
glm:glm-5,fake_violations,0.1,0.85,none,8,0,0.0,0.0,0.0,0.28820889828954366,-0.002070361734848092,23,0.125,1.3083333333333333
glm:glm-5,fake_violations,0.1,0.85,none,8,1,0.0,0.0,0.0,0.26943251860588546,-0.002198664909097592,22,0.16666666666666666,1.23125
glm:glm-5,fake_violations,0.1,0.85,none,8,2,0.0,0.0,0.0,0.28663124576432364,-0.002070361734848092,25,0.1875,1.2208333333333334
glm:glm-5,fake_violations,0.1,0.85,none,9,0,0.0,0.0,0.0,0.2895185415399155,-0.015755771082895276,28,0.16666666666666666,1.1895833333333334
glm:glm-5,fake_violations,0.1,0.85,none,9,1,0.0,0.0,0.0,0.27251079203091266,-0.015755771082895276,24,0.14583333333333334,1.2604166666666667
glm:glm-5,fake_violations,0.1,0.85,none,9,2,0.0,0.0,0.0,0.2601025286027965,-0.010162420609448275,28,0.1875,1.1833333333333333
glm:glm-5,fake_violations,0.1,0.85,none,10,0,0.0,0.0,0.0,0.32832517162991826,-0.013679277052062622,28,0.10416666666666667,1.2791666666666666
glm:glm-5,fake_violations,0.1,0.85,none,10,1,0.0,0.0,0.0,0.32592487441949847,-0.013821318206102662,24,0.10416666666666667,1.2875
glm:glm-5,fake_violations,0.1,0.85,none,10,2,0.0,0.0,0.0,0.3194400041030476,-0.013679277052062622,20,0.14583333333333334,1.2875
glm:glm-5,fake_violations,0.1,0.85,none,11,0,0.0,0.0,0.0,0.39391928125787246,-0.002373406324670535,21,0.08333333333333333,1.31875
glm:glm-5,fake_violations,0.1,0.85,none,11,1,0.0,0.0,0.0,0.3957494772848249,-0.002373406324670535,22,0.08333333333333333,1.3541666666666667
glm:glm-5,fake_violations,0.1,0.85,none,11,2,0.0,0.0,0.0,0.35589436639090133,-0.002373406324670535,29,0.08333333333333333,1.3104166666666666
glm:glm-5,fake_violations,0.1,0.85,none,12,0,0.0,0.0,0.0,0.34087533381405843,-0.001134987415517541,25,0.16666666666666666,1.2229166666666667
glm:glm-5,fake_violations,0.1,0.85,none,12,1,0.0,0.0,0.0,0.3382535669712583,-0.001134987415517541,22,0.16666666666666666,1.2604166666666667
glm:glm-5,fake_violations,0.1,0.85,none,12,2,0.0,0.0,0.0,0.3272864099203705,-0.001134987415517541,22,0.16666666666666666,1.225
glm:glm-5,fake_violations,0.1,0.85,none,13,0,0.0,0.0,0.0,0.2956461377739359,-0.0010074420483781044,21,0.125,1.2270833333333333
glm:glm-5,fake_violations,0.1,0.85,none,13,1,0.0,0.0,0.0,0.2968710013110143,-0.0010074420483781044,19,0.125,1.2604166666666667
glm:glm-5,fake_violations,0.1,0.85,none,13,2,0.0,0.0,0.0,0.2641459685484535,-0.004659351535084788,19,0.14583333333333334,1.2020833333333334
glm:glm-5,fake_violations,0.1,0.85,none,14,0,0.0,0.0,0.0,0.2802943098232753,-0.0015152768394963712,25,0.14583333333333334,1.2604166666666667
glm:glm-5,fake_violations,0.1,0.85,none,14,1,0.0,0.0,0.0,0.29133571908663214,-0.0015152768394963712,21,0.16666666666666666,1.2083333333333333
glm:glm-5,fake_violations,0.1,0.85,none,14,2,0.0,0.0,0.0,0.2706410317493595,-0.0015152768394963712,19,0.16666666666666666,1.2437500000000001
glm:glm-5,fake_violations,0.1,0.85,none,15,0,0.0,0.0,0.0,0.3837410063083624,-0.002944990248791912,16,0.16666666666666666,1.25625
glm:glm-5,fake_violations,0.1,0.85,none,15,1,0.0,0.0,0.0,0.36895292273166413,-0.00336923417019519,20,0.14583333333333334,1.20625
glm:glm-5,fake_violations,0.1,0.85,none,15,2,0.0,0.0,0.0,0.37803920755556075,-0.002941500635962213,21,0.1875,1.2
glm:glm-5,fake_violations,0.1,0.85,none,16,0,0.0,0.0,0.0,0.3370255393986765,-0.0023074886381838633,25,0.125,1.225
glm:glm-5,fake_violations,0.1,0.85,none,16,1,0.0,0.0,0.0,0.31798550237518786,-0.002721349048128041,24,0.14583333333333334,1.2104166666666667
glm:glm-5,fake_violations,0.1,0.85,none,16,2,0.0,0.0,0.0,0.3421619771539153,-0.002721349048128041,24,0.14583333333333334,1.2166666666666666
glm:glm-5,fake_violations,0.1,0.85,none,17,0,0.0,0.0,0.0,0.18920052383015173,-0.005375827940852229,36,0.16666666666666666,1.1854166666666666
glm:glm-5,fake_violations,0.1,0.85,none,17,1,0.0,0.0,0.0,0.1915574603721033,-0.01056336583419637,27,0.14583333333333334,1.2916666666666667
glm:glm-5,fake_violations,0.1,0.85,none,17,2,0.0,0.0,0.0,0.19919086713855338,-0.006728242563634468,30,0.16666666666666666,1.20625
glm:glm-5,fake_violations,0.1,0.85,none,18,0,0.0,0.0,0.0,0.20128670258948556,-0.00512365066103726,37,0.14583333333333334,1.1916666666666667
glm:glm-5,fake_violations,0.1,0.85,none,18,1,0.0,0.0,0.0,0.22825707950059626,-0.00512365066103726,30,0.1875,1.2333333333333334
glm:glm-5,fake_violations,0.1,0.85,none,18,2,0.0,0.0,0.0,0.21556888629970428,-0.00512365066103726,32,0.16666666666666666,1.2333333333333334
glm:glm-5,fake_violations,0.1,0.85,none,19,0,0.0,0.0,0.0,0.23806227541278346,-0.005971912027506021,29,0.22916666666666666,1.1354166666666667
glm:glm-5,fake_violations,0.1,0.85,none,19,1,0.0,0.0,0.0,0.2253053787292576,-0.005971912027506021,28,0.20833333333333334,1.1791666666666667
glm:glm-5,fake_violations,0.1,0.85,none,19,2,0.0,0.0,0.0,0.22242969907976518,-0.005971912027506021,28,0.2708333333333333,1.0645833333333334
glm:glm-5,fake_violations,0.1,0.85,none,20,0,0.0,0.0,0.0,0.3164317032631421,-0.001570696236177227,33,0.14583333333333334,1.2520833333333334
glm:glm-5,fake_violations,0.1,0.85,none,20,1,0.0,0.0,0.0,0.32790336239972917,-0.0016570318361081027,35,0.14583333333333334,1.2541666666666667
glm:glm-5,fake_violations,0.1,0.85,none,20,2,0.0,0.0,0.0,0.32072512595953584,-0.0028468457007763126,38,0.14583333333333334,1.2270833333333333
glm:glm-5,fake_violations,0.1,0.85,none,21,0,0.0,0.0,0.0,0.31007020781992,-0.002572474065307695,32,0.10416666666666667,1.2395833333333333
glm:glm-5,fake_violations,0.1,0.85,none,21,1,0.0,0.0,0.0,0.2817463491703147,-0.0028117699122399697,28,0.10416666666666667,1.2916666666666667
glm:glm-5,fake_violations,0.1,0.85,none,21,2,0.0,0.0,0.0,0.31443379321263687,-0.0032666823998339645,23,0.0625,1.3166666666666667
glm:glm-5,fake_violations,0.1,0.85,none,22,0,0.0,0.0,0.0,0.2006986345932784,-0.008751342082765401,31,0.1875,1.1666666666666667
glm:glm-5,fake_violations,0.1,0.85,none,22,1,0.0,0.0,0.0,0.22049731400629913,-0.008751342082765401,29,0.16666666666666666,1.1500000000000001
glm:glm-5,fake_violations,0.1,0.85,none,22,2,0.0,0.0,0.0,0.17772061098994318,-0.008751342082765401,31,0.1875,1.1708333333333334
glm:glm-5,fake_violations,0.1,0.85,none,23,0,0.0,0.0,0.0,0.3101011824897997,-0.010251034184135088,24,0.08333333333333333,1.3541666666666667
glm:glm-5,fake_violations,0.1,0.85,none,23,1,0.0,0.0,0.0,0.32267931319821797,-0.010251034184135088,31,0.125,1.2666666666666668
glm:glm-5,fake_violations,0.1,0.85,none,23,2,0.0,0.0,0.0,0.3107749410860845,-0.010251020652909504,26,0.125,1.2583333333333333
glm:glm-5,fake_violations,0.1,0.85,none,24,0,0.0,0.0,0.0,0.2987546077270187,-0.0021953520866473397,19,0.14583333333333334,1.2895833333333333
glm:glm-5,fake_violations,0.1,0.85,none,24,1,0.0,0.0,0.0,0.3626304598448684,-0.0012085522337648147,19,0.10416666666666667,1.3395833333333333
glm:glm-5,fake_violations,0.1,0.85,none,24,2,0.0,0.0,0.0,0.3013055805240987,-0.002278344323654702,24,0.16666666666666666,1.2375
glm:glm-5,fake_violations,0.1,0.85,none,25,0,0.0,0.0,0.0,0.235698068465803,-0.008809897478925466,25,0.20833333333333334,1.2041666666666668
glm:glm-5,fake_violations,0.1,0.85,none,25,1,0.0,0.0,0.0,0.23671786369693826,-0.014567507296171955,28,0.1875,1.1583333333333334
glm:glm-5,fake_violations,0.1,0.85,none,25,2,0.0,0.0,0.0,0.2484133842901266,-0.014567507296171733,28,0.1875,1.19375
glm:glm-5,fake_violations,0.1,0.85,none,26,0,0.0,0.0,0.0,0.22136286867702992,-0.01664923967531229,31,0.20833333333333334,1.1375
glm:glm-5,fake_violations,0.1,0.85,none,26,1,0.0,0.0,0.0,0.29464466605582107,-0.01664923967531229,18,0.16666666666666666,1.2375
glm:glm-5,fake_violations,0.1,0.85,none,26,2,0.0,0.0,0.0,0.2526580406006289,-0.01664923967531229,29,0.16666666666666666,1.2666666666666668
glm:glm-5,fake_violations,0.1,0.85,none,27,0,0.0,0.0,0.0,0.28979489415693616,-0.005882957098599095,21,0.125,1.2729166666666667
glm:glm-5,fake_violations,0.1,0.85,none,27,1,0.0,0.0,0.0,0.2994759838539358,-0.005566097125618508,21,0.125,1.2833333333333334
glm:glm-5,fake_violations,0.1,0.85,none,27,2,0.0,0.0,0.0,0.2808669223056586,-0.005566097125618508,18,0.14583333333333334,1.25625
glm:glm-5,fake_violations,0.1,0.85,none,28,0,0.0,0.0,0.0,0.334639010289596,-0.006184299091205769,16,0.14583333333333334,1.3125
glm:glm-5,fake_violations,0.1,0.85,none,28,1,0.0,0.0,0.0,0.3367458533212686,-0.006184299091205769,20,0.14583333333333334,1.2604166666666667
glm:glm-5,fake_violations,0.1,0.85,none,28,2,0.0,0.0,0.0,0.33566720012197493,-0.006184299091205769,15,0.125,1.3
glm:glm-5,fake_violations,0.1,0.85,none,29,0,0.0,0.0,0.0,0.25642118823191185,-0.003123043217588717,27,0.20833333333333334,1.1875
glm:glm-5,fake_violations,0.1,0.85,none,29,1,0.0,0.0,0.0,0.2892544761220517,-0.003123043217588717,20,0.16666666666666666,1.1812500000000001
glm:glm-5,fake_violations,0.1,0.85,none,29,2,0.0,0.0,0.0,0.2951271009367149,-0.003123043217588717,26,0.1875,1.14375
glm:glm-5,fake_violations,0.1,0.85,none,30,0,0.0,0.0,0.0,0.25085422880158537,-0.0050213871726886294,31,0.16666666666666666,1.28125
glm:glm-5,fake_violations,0.1,0.85,none,30,1,0.0,0.0,0.0,0.2830919719605769,-0.0018633460213925979,25,0.14583333333333334,1.2479166666666666
glm:glm-5,fake_violations,0.1,0.85,none,30,2,0.0,0.0,0.0,0.296048864722118,-0.002348058559407007,28,0.14583333333333334,1.2791666666666666
glm:glm-5,fake_violations,0.75,0.85,none,1,0,0.0,0.0,0.0,0.3074764096171063,-0.0017792909939793322,28,0.08333333333333333,1.3395833333333333
glm:glm-5,fake_violations,0.75,0.85,none,1,1,0.0,0.0,0.0,0.24181968612566207,-0.0017792909939793322,37,0.14583333333333334,1.1916666666666667
glm:glm-5,fake_violations,0.75,0.85,none,1,2,0.0,0.0,0.0,0.30445601400766176,-0.0017800111219306025,29,0.10416666666666667,1.3270833333333334
glm:glm-5,fake_violations,0.75,0.85,none,2,0,0.0,0.0,0.0,0.35293993896890896,-0.0016774184061485453,21,0.125,1.3041666666666667
glm:glm-5,fake_violations,0.75,0.85,none,2,1,0.0,0.0,0.0,0.36256098857694385,-0.0016774184061485453,22,0.10416666666666667,1.34375
glm:glm-5,fake_violations,0.75,0.85,none,2,2,0.0,0.0,0.0,0.3562988831092839,-0.0016774184061485453,22,0.08333333333333333,1.3375000000000001
glm:glm-5,fake_violations,0.75,0.85,none,3,0,0.0,0.0,0.0,0.2552699464971597,-0.008547007721185218,33,0.16666666666666666,1.20625
glm:glm-5,fake_violations,0.75,0.85,none,3,1,0.0,0.0,0.0,0.3056286139328257,-0.008545560611595615,31,0.16666666666666666,1.175
glm:glm-5,fake_violations,0.75,0.85,none,3,2,0.0,0.0,0.0,0.2413285268634966,-0.008545560611595615,32,0.1875,1.14375
glm:glm-5,fake_violations,0.75,0.85,none,4,0,0.0,0.0,0.0,0.34819038463796304,-0.005954317606635562,23,0.16666666666666666,1.1645833333333333
glm:glm-5,fake_violations,0.75,0.85,none,4,1,0.0,0.0,0.0,0.3532931947378499,-0.006678346709015237,30,0.16666666666666666,1.175
glm:glm-5,fake_violations,0.75,0.85,none,4,2,0.0,0.0,0.0,0.3370771888273052,-0.005870284722926167,30,0.10416666666666667,1.2458333333333333
glm:glm-5,fake_violations,0.75,0.85,none,5,0,0.0,0.0,0.0,0.3177234046784869,-0.0016453690283553257,16,0.10416666666666667,1.2666666666666668
glm:glm-5,fake_violations,0.75,0.85,none,5,1,0.0,0.0,0.0,0.2928476994163254,-0.0016453690283553257,32,0.125,1.25625
glm:glm-5,fake_violations,0.75,0.85,none,5,2,0.0,0.0,0.0,0.31756978635451993,-0.0016453690283553257,18,0.10416666666666667,1.2645833333333334
glm:glm-5,fake_violations,0.75,0.85,none,6,0,0.0,0.0,0.0,0.33975722944749864,-0.0075837380531951215,11,0.041666666666666664,1.4520833333333334
glm:glm-5,fake_violations,0.75,0.85,none,6,1,0.0,0.0,0.0,0.33639889182243676,-0.0075837380531951215,13,0.0625,1.4187500000000002
glm:glm-5,fake_violations,0.75,0.85,none,6,2,0.0,0.0,0.0,0.33745490521994825,-0.0075837380531951215,13,0.0625,1.40625
glm:glm-5,fake_violations,0.75,0.85,none,7,0,0.0,0.0,0.0,0.2681550902945784,-0.003177528482771641,22,0.16666666666666666,1.2229166666666667
glm:glm-5,fake_violations,0.75,0.85,none,7,1,0.0,0.0,0.0,0.2638674674102073,-0.0031742628007932483,30,0.1875,1.1645833333333333
glm:glm-5,fake_violations,0.75,0.85,none,7,2,0.0,0.0,0.0,0.27291628067821705,-0.003177548754356385,22,0.16666666666666666,1.2104166666666667
glm:glm-5,fake_violations,0.75,0.85,none,8,0,0.0,0.0,0.0,0.25194544235958816,-0.002070361734848092,29,0.16666666666666666,1.25625
glm:glm-5,fake_violations,0.75,0.85,none,8,1,0.0,0.0,0.0,0.26460872607827923,-0.002198664909097592,24,0.14583333333333334,1.2395833333333333
glm:glm-5,fake_violations,0.75,0.85,none,8,2,0.0,0.0,0.0,0.24406585044395035,-0.002070361734848092,34,0.1875,1.2229166666666667
glm:glm-5,fake_violations,0.75,0.85,none,9,0,0.0,0.0,0.0,0.2901539197957377,-0.013696452180622876,18,0.14583333333333334,1.2791666666666668
glm:glm-5,fake_violations,0.75,0.85,none,9,1,0.0,0.0,0.0,0.27845800140236965,-0.013696452180622876,20,0.14583333333333334,1.2520833333333334
glm:glm-5,fake_violations,0.75,0.85,none,9,2,0.0,0.0,0.0,0.24694694941279538,-0.010162420609448275,27,0.1875,1.1875
glm:glm-5,fake_violations,0.75,0.85,none,10,0,0.0,0.0,0.0,0.31905788130924573,-0.013679277052062622,24,0.10416666666666667,1.3291666666666668
glm:glm-5,fake_violations,0.75,0.85,none,10,1,0.0,0.0,0.0,0.3126409253513043,-0.013679277052062622,20,0.125,1.325
glm:glm-5,fake_violations,0.75,0.85,none,10,2,0.0,0.0,0.0,0.31891716706511875,-0.013679277052062622,25,0.10416666666666667,1.3270833333333334
glm:glm-5,fake_violations,0.75,0.85,none,11,0,0.0,0.0,0.0,0.35938563461433426,-0.002373406324670535,23,0.14583333333333334,1.2208333333333334
glm:glm-5,fake_violations,0.75,0.85,none,11,1,0.0,0.0,0.0,0.36316650279164553,-0.002373406324670535,24,0.125,1.2583333333333333
glm:glm-5,fake_violations,0.75,0.85,none,11,2,0.0,0.0,0.0,0.284287059312218,-0.004897741988788118,32,0.125,1.26875
glm:glm-5,fake_violations,0.75,0.85,none,12,0,0.0,0.0,0.0,0.2987129483979929,-0.001134987415517541,25,0.1875,1.1729166666666668
glm:glm-5,fake_violations,0.75,0.85,none,12,1,0.0,0.0,0.0,0.31570243171438483,-0.001134987415517541,27,0.20833333333333334,1.1354166666666667
glm:glm-5,fake_violations,0.75,0.85,none,12,2,0.0,0.0,0.0,0.32723053736070806,-0.001134987415517541,18,0.16666666666666666,1.2020833333333334
glm:glm-5,fake_violations,0.75,0.85,none,13,0,0.0,0.0,0.0,0.2547378520023518,-0.00723694023928001,17,0.20833333333333334,1.1729166666666668
glm:glm-5,fake_violations,0.75,0.85,none,13,1,0.0,0.0,0.0,0.252499666000793,-0.006294003379182622,19,0.22916666666666666,1.13125
glm:glm-5,fake_violations,0.75,0.85,none,13,2,0.0,0.0,0.0,0.29760644714861106,-0.0010074420483781044,14,0.16666666666666666,1.2333333333333334
glm:glm-5,fake_violations,0.75,0.85,none,14,0,0.0,0.0,0.0,0.2794596854380862,-0.0015152768394963712,26,0.14583333333333334,1.2291666666666667
glm:glm-5,fake_violations,0.75,0.85,none,14,1,0.0,0.0,0.0,0.2812734552936542,-0.0015152768394963712,20,0.125,1.2833333333333334
glm:glm-5,fake_violations,0.75,0.85,none,14,2,0.0,0.0,0.0,0.2661777966072836,-0.0015152768394963712,31,0.16666666666666666,1.20625
glm:glm-5,fake_violations,0.75,0.85,none,15,0,0.0,0.0,0.0,0.34933468516231403,-0.0031001222684772234,17,0.22916666666666666,1.1458333333333333
glm:glm-5,fake_violations,0.75,0.85,none,15,1,0.0,0.0,0.0,0.38993110979689205,-0.0029415006955696432,24,0.1875,1.1604166666666667
glm:glm-5,fake_violations,0.75,0.85,none,15,2,0.0,0.0,0.0,0.3737023791369527,-0.0030992056011820424,22,0.1875,1.1479166666666667
glm:glm-5,fake_violations,0.75,0.85,none,16,0,0.0,0.0,0.0,0.330209882784505,-0.0036043382855751593,27,0.16666666666666666,1.2145833333333333
glm:glm-5,fake_violations,0.75,0.85,none,16,1,0.0,0.0,0.0,0.3160065400057164,-0.002721349048128041,23,0.16666666666666666,1.1895833333333334
glm:glm-5,fake_violations,0.75,0.85,none,16,2,0.0,0.0,0.0,0.3558897801219818,-0.002721349048128041,19,0.125,1.25
glm:glm-5,fake_violations,0.75,0.85,none,17,0,0.0,0.0,0.0,0.2363638843608591,-0.004671461357020346,35,0.1875,1.16875
glm:glm-5,fake_violations,0.75,0.85,none,17,1,0.0,0.0,0.0,0.22767899595222518,-0.0034651406166518184,34,0.1875,1.1354166666666667
glm:glm-5,fake_violations,0.75,0.85,none,17,2,0.0,0.0,0.0,0.22187786419631972,-0.00381705579615943,33,0.16666666666666666,1.2145833333333333
glm:glm-5,fake_violations,0.75,0.85,none,18,0,0.0,0.0,0.0,0.2668737098811762,-0.00512365066103726,26,0.125,1.3083333333333333
glm:glm-5,fake_violations,0.75,0.85,none,18,1,0.0,0.0,0.0,0.23289459231095178,-0.005123656267876031,35,0.16666666666666666,1.2437500000000001
glm:glm-5,fake_violations,0.75,0.85,none,18,2,0.0,0.0,0.0,0.20646932806571017,-0.005123647857534164,35,0.16666666666666666,1.2166666666666666
glm:glm-5,fake_violations,0.75,0.85,none,19,0,0.0,0.0,0.0,0.21710402190589972,-0.005971912027506021,28,0.25,1.1104166666666668
glm:glm-5,fake_violations,0.75,0.85,none,19,1,0.0,0.0,0.0,0.21798589011113245,-0.005971912027506021,29,0.25,1.1125
glm:glm-5,fake_violations,0.75,0.85,none,19,2,0.0,0.0,0.0,0.243040738849142,-0.005971912027506021,32,0.22916666666666666,1.1270833333333334
glm:glm-5,fake_violations,0.75,0.85,none,20,0,0.0,0.0,0.0,0.27048344105762534,-0.001570696236177227,30,0.20833333333333334,1.1833333333333333
glm:glm-5,fake_violations,0.75,0.85,none,20,1,0.0,0.0,0.0,0.28060790210045705,-0.0016570318361081027,34,0.20833333333333334,1.1541666666666666
glm:glm-5,fake_violations,0.75,0.85,none,20,2,0.0,0.0,0.0,0.2501728911657559,-0.00960130883557242,32,0.16666666666666666,1.1916666666666667
glm:glm-5,fake_violations,0.75,0.85,none,21,0,0.0,0.0,0.0,0.29132822363400734,-0.0028157042897412055,26,0.16666666666666666,1.2020833333333334
glm:glm-5,fake_violations,0.75,0.85,none,21,1,0.0,0.0,0.0,0.28468732412018993,-0.0027659525383136874,32,0.16666666666666666,1.1979166666666667
glm:glm-5,fake_violations,0.75,0.85,none,21,2,0.0,0.0,0.0,0.3055921362211216,-0.002519277264071196,28,0.14583333333333334,1.2437500000000001
glm:glm-5,fake_violations,0.75,0.85,none,22,0,0.0,0.0,0.0,0.2074193016628152,-0.00921410047393989,26,0.16666666666666666,1.2437500000000001
glm:glm-5,fake_violations,0.75,0.85,none,22,1,0.0,0.0,0.0,0.21494140278442564,-0.009208995132997555,26,0.14583333333333334,1.2479166666666666
glm:glm-5,fake_violations,0.75,0.85,none,22,2,0.0,0.0,0.0,0.2245463949239137,-0.009208995132997555,27,0.1875,1.1854166666666666
glm:glm-5,fake_violations,0.75,0.85,none,23,0,0.0,0.0,0.0,0.3103809815822589,-0.010251034184135088,25,0.125,1.2958333333333334
glm:glm-5,fake_violations,0.75,0.85,none,23,1,0.0,0.0,0.0,0.3135529747181922,-0.010251034184135088,25,0.10416666666666667,1.2770833333333333
glm:glm-5,fake_violations,0.75,0.85,none,23,2,0.0,0.0,0.0,0.31389063400968653,-0.010474458488798355,21,0.08333333333333333,1.3520833333333335
glm:glm-5,fake_violations,0.75,0.85,none,24,0,0.0,0.0,0.0,0.33981393608005184,-0.0012085522337648147,11,0.1875,1.2145833333333333
glm:glm-5,fake_violations,0.75,0.85,none,24,1,0.0,0.0,0.0,0.3419449092315352,-0.0012085522337648147,19,0.14583333333333334,1.2416666666666667
glm:glm-5,fake_violations,0.75,0.85,none,24,2,0.0,0.0,0.0,0.2649738998326747,-0.0018315736702892993,16,0.1875,1.1979166666666667
glm:glm-5,fake_violations,0.75,0.85,none,25,0,0.0,0.0,0.0,0.21715700956154382,-0.014567511134209954,31,0.20833333333333334,1.1604166666666667
glm:glm-5,fake_violations,0.75,0.85,none,25,1,0.0,0.0,0.0,0.23507969921537364,-0.011112135009712198,30,0.20833333333333334,1.1145833333333333
glm:glm-5,fake_violations,0.75,0.85,none,25,2,0.0,0.0,0.0,0.24869930731560608,-0.00857808647816749,34,0.22916666666666666,1.1083333333333334
glm:glm-5,fake_violations,0.75,0.85,none,26,0,0.0,0.0,0.0,0.28703376121365265,-0.016679669268973907,26,0.25,1.1104166666666668
glm:glm-5,fake_violations,0.75,0.85,none,26,1,0.0,0.0,0.0,0.2703103363621371,-0.016688009938351178,21,0.20833333333333334,1.1812500000000001
glm:glm-5,fake_violations,0.75,0.85,none,26,2,0.0,0.0,0.0,0.244264190784506,-0.016688009938351178,31,0.20833333333333334,1.16875
glm:glm-5,fake_violations,0.75,0.85,none,27,0,0.0,0.0,0.0,0.30432065405933484,-0.005566097125618508,24,0.16666666666666666,1.2333333333333334
glm:glm-5,fake_violations,0.75,0.85,none,27,1,0.0,0.0,0.0,0.2554543793590254,-0.005503357132740194,29,0.20833333333333334,1.19375
glm:glm-5,fake_violations,0.75,0.85,none,27,2,0.0,0.0,0.0,0.2837775284541366,-0.005566097125618508,20,0.16666666666666666,1.21875
glm:glm-5,fake_violations,0.75,0.85,none,28,0,0.0,0.0,0.0,0.339341819997385,-0.006199157428432023,26,0.1875,1.1854166666666666
glm:glm-5,fake_violations,0.75,0.85,none,28,1,0.0,0.0,0.0,0.30029013007907723,-0.008300182175063897,26,0.20833333333333334,1.1520833333333333
glm:glm-5,fake_violations,0.75,0.85,none,28,2,0.0,0.0,0.0,0.31786517128026337,-0.006199157428432023,29,0.1875,1.2145833333333333
glm:glm-5,fake_violations,0.75,0.85,none,29,0,0.0,0.0,0.0,0.29030516754092983,-0.003123043217588717,30,0.20833333333333334,1.13125
glm:glm-5,fake_violations,0.75,0.85,none,29,1,0.0,0.0,0.0,0.3011514911105646,-0.003123043217588717,31,0.22916666666666666,1.1125
glm:glm-5,fake_violations,0.75,0.85,none,29,2,0.0,0.0,0.0,0.309858924640122,-0.003123043217588717,27,0.1875,1.1500000000000001
glm:glm-5,fake_violations,0.75,0.85,none,30,0,0.0,0.0,0.0,0.26145737907560407,-0.002355009885907866,32,0.20833333333333334,1.19375
glm:glm-5,fake_violations,0.75,0.85,none,30,1,0.0,0.0,0.0,0.25027803511294033,-0.002413229079747392,36,0.20833333333333334,1.1645833333333333
glm:glm-5,fake_violations,0.75,0.85,none,30,2,0.0,0.0,0.0,0.22108456593119352,-0.003776860769056145,31,0.22916666666666666,1.1604166666666667
