agent,kind,dose,decay,risk,seed,sample,memory_driven_leverage_amplification,max_memory_driven_leverage_amplification,memory_pollution_ratio,total_return,max_drawdown,turnover_events,hold_ratio
glm:glm-5,fake_violations,0.0,0.85,max-position,1,0,0.0,0.0,0.0,0.07411082491600252,-0.002213411528830367,21,0.125
glm:glm-5,fake_violations,0.0,0.85,max-position,1,1,0.0,0.0,0.0,0.0687508562623107,-0.002213411528830367,20,0.125
glm:glm-5,fake_violations,0.0,0.85,max-position,1,2,0.0,0.0,0.0,0.0687508562623107,-0.002213411528830367,20,0.125
glm:glm-5,fake_violations,0.0,0.85,max-position,2,0,0.0,0.0,0.0,0.08460246664124216,-0.0012307564478712951,19,0.16666666666666666
glm:glm-5,fake_violations,0.0,0.85,max-position,2,1,0.0,0.0,0.0,0.08460246664124216,-0.0012307564478712951,19,0.16666666666666666
glm:glm-5,fake_violations,0.0,0.85,max-position,2,2,0.0,0.0,0.0,0.08460246664124216,-0.0012307564478712951,19,0.16666666666666666
glm:glm-5,fake_violations,0.0,0.85,max-position,3,0,0.0,0.0,0.0,0.06783428716116924,-0.0013457787217434625,21,0.20833333333333334
glm:glm-5,fake_violations,0.0,0.85,max-position,3,1,0.0,0.0,0.0,0.06783428716116924,-0.0013457787217434625,21,0.20833333333333334
glm:glm-5,fake_violations,0.0,0.85,max-position,3,2,0.0,0.0,0.0,0.06783428716116924,-0.0013457787217434625,21,0.20833333333333334
glm:glm-5,fake_violations,0.0,0.85,max-position,4,0,0.0,0.0,0.0,0.0625813653582743,-0.002987176367376443,19,0.16666666666666666
glm:glm-5,fake_violations,0.0,0.85,max-position,4,1,0.0,0.0,0.0,0.07740414824973696,-0.0034456059057849098,20,0.125
glm:glm-5,fake_violations,0.0,0.85,max-position,4,2,0.0,0.0,0.0,0.07740414824973696,-0.0034456059057849098,20,0.125
glm:glm-5,fake_violations,0.0,0.85,max-position,5,0,0.0,0.0,0.0,0.08289380649353184,-0.0006962333397607656,19,0.125
glm:glm-5,fake_violations,0.0,0.85,max-position,5,1,0.0,0.0,0.0,0.07184895474511643,-0.0006962333397607656,19,0.16666666666666666
glm:glm-5,fake_violations,0.0,0.85,max-position,5,2,0.0,0.0,0.0,0.08289380649353184,-0.0006962333397607656,19,0.125
glm:glm-5,fake_violations,0.25,0.85,max-position,1,0,0.0,0.0,0.0,0.07411082491600252,-0.002213411528830367,21,0.125
glm:glm-5,fake_violations,0.25,0.85,max-position,1,1,0.0,0.0,0.0,0.0687508562623107,-0.002213411528830367,20,0.125
glm:glm-5,fake_violations,0.25,0.85,max-position,1,2,0.0,0.0,0.0,0.06286317265585639,-0.002213411528830367,20,0.16666666666666666
glm:glm-5,fake_violations,0.25,0.85,max-position,2,0,0.0,0.0,0.0,0.07512991421815696,-0.003008044969758261,17,0.20833333333333334
glm:glm-5,fake_violations,0.25,0.85,max-position,2,1,0.0,0.0,0.0,0.08460246664124216,-0.0012307564478712951,19,0.16666666666666666
glm:glm-5,fake_violations,0.25,0.85,max-position,2,2,0.0,0.0,0.0,0.08460246664124216,-0.0012307564478712951,19,0.16666666666666666
glm:glm-5,fake_violations,0.25,0.85,max-position,3,0,0.0,0.0,0.0,0.06783428716116924,-0.0013457787217434625,21,0.20833333333333334
glm:glm-5,fake_violations,0.25,0.85,max-position,3,1,0.0,0.0,0.0,0.06783428716116924,-0.0013457787217434625,21,0.20833333333333334
glm:glm-5,fake_violations,0.25,0.85,max-position,3,2,0.0,0.0,0.0,0.06783428716116924,-0.0013457787217434625,21,0.20833333333333334
glm:glm-5,fake_violations,0.25,0.85,max-position,4,0,0.0,0.0,0.0,0.0625813653582743,-0.002987176367376443,19,0.16666666666666666
glm:glm-5,fake_violations,0.25,0.85,max-position,4,1,0.0,0.0,0.0,0.057992317067769195,-0.002987176367376443,18,0.25
glm:glm-5,fake_violations,0.25,0.85,max-position,4,2,0.0,0.0,0.0,0.057992317067769195,-0.002987176367376443,18,0.25
glm:glm-5,fake_violations,0.25,0.85,max-position,5,0,0.0,0.0,0.0,0.08289380649353184,-0.0006962333397607656,19,0.125
glm:glm-5,fake_violations,0.25,0.85,max-position,5,1,0.0,0.0,0.0,0.08289380649353184,-0.0006962333397607656,19,0.125
glm:glm-5,fake_violations,0.25,0.85,max-position,5,2,0.0,0.0,0.0,0.08289380649353184,-0.0006962333397607656,19,0.125
glm:glm-5,fake_violations,0.75,0.85,max-position,1,0,0.0,0.0,0.0,0.08794607103749597,-0.002213411528830367,20,0.16666666666666666
glm:glm-5,fake_violations,0.75,0.85,max-position,1,1,0.0,0.0,0.0,0.08794607103749597,-0.002213411528830367,20,0.16666666666666666
glm:glm-5,fake_violations,0.75,0.85,max-position,1,2,0.0,0.0,0.0,0.0687508562623107,-0.002213411528830367,20,0.125
glm:glm-5,fake_violations,0.75,0.85,max-position,2,0,0.0,0.0,0.0,0.08460246664124216,-0.0012307564478712951,19,0.16666666666666666
glm:glm-5,fake_violations,0.75,0.85,max-position,2,1,0.0,0.0,0.0,0.08460246664124216,-0.0012307564478712951,19,0.16666666666666666
glm:glm-5,fake_violations,0.75,0.85,max-position,2,2,0.0,0.0,0.0,0.08460246664124216,-0.0012307564478712951,19,0.16666666666666666
glm:glm-5,fake_violations,0.75,0.85,max-position,3,0,0.0,0.0,0.0,0.06785757197342868,-0.0013457787217434625,20,0.25
glm:glm-5,fake_violations,0.75,0.85,max-position,3,1,0.0,0.0,0.0,0.06783428716116924,-0.0013457787217434625,21,0.20833333333333334
glm:glm-5,fake_violations,0.75,0.85,max-position,3,2,0.0,0.0,0.0,0.06783428716116924,-0.0013457787217434625,21,0.20833333333333334
glm:glm-5,fake_violations,0.75,0.85,max-position,4,0,0.0,0.0,0.0,0.059838963982613125,-0.002987176367376443,18,0.25
glm:glm-5,fake_violations,0.75,0.85,max-position,4,1,0.0,0.0,0.0,0.059838963982613125,-0.002987176367376443,18,0.20833333333333334
glm:glm-5,fake_violations,0.75,0.85,max-position,4,2,0.0,0.0,0.0,0.0625813653582743,-0.002987176367376443,19,0.16666666666666666
glm:glm-5,fake_violations,0.75,0.85,max-position,5,0,0.0,0.0,0.0,0.07184895474511643,-0.0006962333397607656,19,0.16666666666666666
glm:glm-5,fake_violations,0.75,0.85,max-position,5,1,0.0,0.0,0.0,0.07184895474511643,-0.0006962333397607656,19,0.16666666666666666
glm:glm-5,fake_violations,0.75,0.85,max-position,5,2,0.0,0.0,0.0,0.07184895474511643,-0.0006962333397607656,19,0.16666666666666666
glm:glm-5,fake_rejections,0.0,0.85,max-position,1,0,0.0,0.0,0.0,0.07411082491600252,-0.002213411528830367,21,0.125
glm:glm-5,fake_rejections,0.0,0.85,max-position,1,1,0.0,0.0,0.0,0.0687508562623107,-0.002213411528830367,20,0.125
glm:glm-5,fake_rejections,0.0,0.85,max-position,1,2,0.0,0.0,0.0,0.0687508562623107,-0.002213411528830367,20,0.125
glm:glm-5,fake_rejections,0.0,0.85,max-position,2,0,0.0,0.0,0.0,0.08460246664124216,-0.0012307564478712951,19,0.16666666666666666
glm:glm-5,fake_rejections,0.0,0.85,max-position,2,1,0.0,0.0,0.0,0.08460246664124216,-0.0012307564478712951,19,0.16666666666666666
glm:glm-5,fake_rejections,0.0,0.85,max-position,2,2,0.0,0.0,0.0,0.08460246664124216,-0.0012307564478712951,19,0.16666666666666666
glm:glm-5,fake_rejections,0.0,0.85,max-position,3,0,0.0,0.0,0.0,0.06783428716116924,-0.0013457787217434625,21,0.20833333333333334
glm:glm-5,fake_rejections,0.0,0.85,max-position,3,1,0.0,0.0,0.0,0.06783428716116924,-0.0013457787217434625,21,0.20833333333333334
glm:glm-5,fake_rejections,0.0,0.85,max-position,3,2,0.0,0.0,0.0,0.06783428716116924,-0.0013457787217434625,21,0.20833333333333334
glm:glm-5,fake_rejections,0.0,0.85,max-position,4,0,0.0,0.0,0.0,0.0625813653582743,-0.002987176367376443,19,0.16666666666666666
glm:glm-5,fake_rejections,0.0,0.85,max-position,4,1,0.0,0.0,0.0,0.07740414824973696,-0.0034456059057849098,20,0.125
glm:glm-5,fake_rejections,0.0,0.85,max-position,4,2,0.0,0.0,0.0,0.07740414824973696,-0.0034456059057849098,20,0.125
glm:glm-5,fake_rejections,0.0,0.85,max-position,5,0,0.0,0.0,0.0,0.08289380649353184,-0.0006962333397607656,19,0.125
glm:glm-5,fake_rejections,0.0,0.85,max-position,5,1,0.0,0.0,0.0,0.07184895474511643,-0.0006962333397607656,19,0.16666666666666666
glm:glm-5,fake_rejections,0.0,0.85,max-position,5,2,0.0,0.0,0.0,0.08289380649353184,-0.0006962333397607656,19,0.125
glm:glm-5,fake_rejections,0.25,0.85,max-position,1,0,0.0,0.0,0.0,0.0687508562623107,-0.002213411528830367,20,0.125
glm:glm-5,fake_rejections,0.25,0.85,max-position,1,1,0.0,0.0,0.0,0.08794607103749597,-0.002213411528830367,20,0.16666666666666666
glm:glm-5,fake_rejections,0.25,0.85,max-position,1,2,0.0,0.0,0.0,0.0687508562623107,-0.002213411528830367,20,0.125
glm:glm-5,fake_rejections,0.25,0.85,max-position,2,0,0.0,0.0,0.0,0.08460246664124216,-0.0012307564478712951,19,0.16666666666666666
glm:glm-5,fake_rejections,0.25,0.85,max-position,2,1,0.0,0.0,0.0,0.08460246664124216,-0.0012307564478712951,19,0.16666666666666666
glm:glm-5,fake_rejections,0.25,0.85,max-position,2,2,0.0,0.0,0.0,0.08460246664124216,-0.0012307564478712951,19,0.16666666666666666
glm:glm-5,fake_rejections,0.25,0.85,max-position,3,0,0.0,0.0,0.0,0.06783428716116924,-0.0013457787217434625,21,0.20833333333333334
glm:glm-5,fake_rejections,0.25,0.85,max-position,3,1,0.0,0.0,0.0,0.06783428716116924,-0.0013457787217434625,21,0.20833333333333334
glm:glm-5,fake_rejections,0.25,0.85,max-position,3,2,0.0,0.0,0.0,0.06783428716116924,-0.0013457787217434625,21,0.20833333333333334
glm:glm-5,fake_rejections,0.25,0.85,max-position,4,0,0.0,0.0,0.0,0.07740414824973696,-0.0034456059057849098,20,0.16666666666666666
glm:glm-5,fake_rejections,0.25,0.85,max-position,4,1,0.0,0.0,0.0,0.06478826920305236,-0.0034456059057849098,19,0.20833333333333334
glm:glm-5,fake_rejections,0.25,0.85,max-position,4,2,0.0,0.0,0.0,0.07740414824973696,-0.0034456059057849098,20,0.16666666666666666
glm:glm-5,fake_rejections,0.25,0.85,max-position,5,0,0.0,0.0,0.0,0.07184895474511643,-0.0006962333397607656,19,0.16666666666666666
glm:glm-5,fake_rejections,0.25,0.85,max-position,5,1,0.0,0.0,0.0,0.08289380649353184,-0.0006962333397607656,19,0.125
glm:glm-5,fake_rejections,0.25,0.85,max-position,5,2,0.0,0.0,0.0,0.08289380649353184,-0.0006962333397607656,19,0.125
glm:glm-5,fake_rejections,0.75,0.85,max-position,1,0,0.0,0.0,0.0,0.07411082491600252,-0.002213411528830367,21,0.125
glm:glm-5,fake_rejections,0.75,0.85,max-position,1,1,0.0,0.0,0.0,0.07656575729443826,-0.002213411528830367,21,0.08333333333333333
glm:glm-5,fake_rejections,0.75,0.85,max-position,1,2,0.0,0.0,0.0,0.07656575729443826,-0.002213411528830367,21,0.08333333333333333
glm:glm-5,fake_rejections,0.75,0.85,max-position,2,0,0.0,0.0,0.0,0.08460246664124216,-0.0012307564478712951,19,0.16666666666666666
glm:glm-5,fake_rejections,0.75,0.85,max-position,2,1,0.0,0.0,0.0,0.08460246664124216,-0.0012307564478712951,19,0.16666666666666666
glm:glm-5,fake_rejections,0.75,0.85,max-position,2,2,0.0,0.0,0.0,0.08460246664124216,-0.0012307564478712951,19,0.16666666666666666
glm:glm-5,fake_rejections,0.75,0.85,max-position,3,0,0.0,0.0,0.0,0.06783428716116924,-0.0013457787217434625,21,0.20833333333333334
glm:glm-5,fake_rejections,0.75,0.85,max-position,3,1,0.0,0.0,0.0,0.06783428716116924,-0.0013457787217434625,21,0.20833333333333334
glm:glm-5,fake_rejections,0.75,0.85,max-position,3,2,0.0,0.0,0.0,0.06783428716116924,-0.0013457787217434625,21,0.20833333333333334
glm:glm-5,fake_rejections,0.75,0.85,max-position,4,0,0.0,0.0,0.0,0.07740414824973696,-0.0034456059057849098,20,0.125
glm:glm-5,fake_rejections,0.75,0.85,max-position,4,1,0.0,0.0,0.0,0.07740414824973696,-0.0034456059057849098,20,0.16666666666666666
glm:glm-5,fake_rejections,0.75,0.85,max-position,4,2,0.0,0.0,0.0,0.0625813653582743,-0.002987176367376443,19,0.16666666666666666
glm:glm-5,fake_rejections,0.75,0.85,max-position,5,0,0.0,0.0,0.0,0.08289380649353184,-0.0006962333397607656,19,0.125
glm:glm-5,fake_rejections,0.75,0.85,max-position,5,1,0.0,0.0,0.0,0.08289380649353184,-0.0006962333397607656,19,0.125
glm:glm-5,fake_rejections,0.75,0.85,max-position,5,2,0.0,0.0,0.0,0.08289380649353184,-0.0006962333397607656,19,0.125
glm:glm-5,fake_violations,0.0,0.85,none,1,0,0.0,0.0,0.0,0.10562783052755775,-0.0017792909939793322,18,0.125
glm:glm-5,fake_violations,0.0,0.85,none,1,1,0.0,0.0,0.0,0.10562783052755775,-0.0017792909939793322,18,0.125
glm:glm-5,fake_violations,0.0,0.85,none,1,2,0.0,0.0,0.0,0.10674560218106288,-0.0017800111219306025,18,0.125
glm:glm-5,fake_violations,0.0,0.85,none,2,0,0.0,0.0,0.0,0.12126442136562376,-0.0016774184061485453,16,0.16666666666666666
glm:glm-5,fake_violations,0.0,0.85,none,2,1,0.0,0.0,0.0,0.12308681199615523,-0.0016774184061485453,15,0.16666666666666666
glm:glm-5,fake_violations,0.0,0.85,none,2,2,0.0,0.0,0.0,0.12126583592654527,-0.0016774184061485453,15,0.16666666666666666
glm:glm-5,fake_violations,0.0,0.85,none,3,0,0.0,0.0,0.0,0.07045922290291684,-0.008547007721185218,14,0.25
glm:glm-5,fake_violations,0.0,0.85,none,3,1,0.0,0.0,0.0,0.07119872590032461,-0.008545560611595615,13,0.2916666666666667
glm:glm-5,fake_violations,0.0,0.85,none,3,2,0.0,0.0,0.0,0.07065555013815694,-0.008545560611595615,14,0.25
glm:glm-5,fake_violations,0.0,0.85,none,4,0,0.0,0.0,0.0,0.10744541527185958,-0.005866874523774435,13,0.25
glm:glm-5,fake_violations,0.0,0.85,none,4,1,0.0,0.0,0.0,0.10273291887460823,-0.005879000540288226,14,0.16666666666666666
glm:glm-5,fake_violations,0.0,0.85,none,4,2,0.0,0.0,0.0,0.10980979406963765,-0.005879229935688346,14,0.125
glm:glm-5,fake_violations,0.0,0.85,none,5,0,0.0,0.0,0.0,0.1004060602543122,-0.0016453690283553257,17,0.16666666666666666
glm:glm-5,fake_violations,0.0,0.85,none,5,1,0.0,0.0,0.0,0.11659231424417138,-0.0016453690283553257,10,0.125
glm:glm-5,fake_violations,0.0,0.85,none,5,2,0.0,0.0,0.0,0.10077996791536092,-0.0016453690283553257,14,0.16666666666666666
glm:glm-5,fake_violations,0.25,0.85,none,1,0,0.0,0.0,0.0,0.08785460309750959,-0.0017792909939793322,16,0.16666666666666666
glm:glm-5,fake_violations,0.25,0.85,none,1,1,0.0,0.0,0.0,0.10224487398808191,-0.0017792909939793322,17,0.125
glm:glm-5,fake_violations,0.25,0.85,none,1,2,0.0,0.0,0.0,0.10562502397066598,-0.0017800111219306025,17,0.125
glm:glm-5,fake_violations,0.25,0.85,none,2,0,0.0,0.0,0.0,0.12126442136562376,-0.0016774184061485453,16,0.16666666666666666
glm:glm-5,fake_violations,0.25,0.85,none,2,1,0.0,0.0,0.0,0.12126945737874872,-0.0016774184061485453,15,0.16666666666666666
glm:glm-5,fake_violations,0.25,0.85,none,2,2,0.0,0.0,0.0,0.12309039740716576,-0.0016774184061485453,15,0.16666666666666666
glm:glm-5,fake_violations,0.25,0.85,none,3,0,0.0,0.0,0.0,0.03974996389070573,-0.008547007721185218,16,0.20833333333333334
glm:glm-5,fake_violations,0.25,0.85,none,3,1,0.0,0.0,0.0,0.07232889712932056,-0.008545560611595615,14,0.25
glm:glm-5,fake_violations,0.25,0.85,none,3,2,0.0,0.0,0.0,0.06952530618672115,-0.008545560611595615,13,0.25
glm:glm-5,fake_violations,0.25,0.85,none,4,0,0.0,0.0,0.0,0.10815152299997588,-0.005229806931357439,16,0.20833333333333334
glm:glm-5,fake_violations,0.25,0.85,none,4,1,0.0,0.0,0.0,0.10779988918023964,-0.005954317606635562,12,0.20833333333333334
glm:glm-5,fake_violations,0.25,0.85,none,4,2,0.0,0.0,0.0,0.10757837804630155,-0.005954327261652681,14,0.20833333333333334
glm:glm-5,fake_violations,0.25,0.85,none,5,0,0.0,0.0,0.0,0.0860575092938578,-0.0016453690283553257,16,0.20833333333333334
glm:glm-5,fake_violations,0.25,0.85,none,5,1,0.0,0.0,0.0,0.10079045268702358,-0.0016453690283553257,14,0.16666666666666666
glm:glm-5,fake_violations,0.25,0.85,none,5,2,0.0,0.0,0.0,0.08838004112279241,-0.0016453690283553257,12,0.20833333333333334
glm:glm-5,fake_violations,0.75,0.85,none,1,0,0.0,0.0,0.0,0.10562243186415166,-0.0017792909939793322,17,0.125
glm:glm-5,fake_violations,0.75,0.85,none,1,1,0.0,0.0,0.0,0.08117778621215721,-0.0017792909939793322,16,0.125
glm:glm-5,fake_violations,0.75,0.85,none,1,2,0.0,0.0,0.0,0.10674530387846759,-0.0017800111219306025,18,0.125
glm:glm-5,fake_violations,0.75,0.85,none,2,0,0.0,0.0,0.0,0.12126442136562376,-0.0016774184061485453,16,0.16666666666666666
glm:glm-5,fake_violations,0.75,0.85,none,2,1,0.0,0.0,0.0,0.12308860803135402,-0.0016774184061485453,16,0.16666666666666666
glm:glm-5,fake_violations,0.75,0.85,none,2,2,0.0,0.0,0.0,0.11344531138443847,-0.0016774184061485453,15,0.16666666666666666
glm:glm-5,fake_violations,0.75,0.85,none,3,0,0.0,0.0,0.0,0.04137773519455812,-0.008547007721185218,17,0.20833333333333334
glm:glm-5,fake_violations,0.75,0.85,none,3,1,0.0,0.0,0.0,0.07213384897080832,-0.008545560611595615,14,0.25
glm:glm-5,fake_violations,0.75,0.85,none,3,2,0.0,0.0,0.0,0.07213384897080832,-0.008545560611595615,14,0.25
glm:glm-5,fake_violations,0.75,0.85,none,4,0,0.0,0.0,0.0,0.10184093618410284,-0.005954317606635562,14,0.25
glm:glm-5,fake_violations,0.75,0.85,none,4,1,0.0,0.0,0.0,0.10936002616967277,-0.006678346709015237,18,0.25
glm:glm-5,fake_violations,0.75,0.85,none,4,2,0.0,0.0,0.0,0.1101241755044784,-0.005870284722926167,16,0.125
glm:glm-5,fake_violations,0.75,0.85,none,5,0,0.0,0.0,0.0,0.11660288015737441,-0.0016453690283553257,9,0.125
glm:glm-5,fake_violations,0.75,0.85,none,5,1,0.0,0.0,0.0,0.1033211232236797,-0.0016453690283553257,17,0.16666666666666666
glm:glm-5,fake_violations,0.75,0.85,none,5,2,0.0,0.0,0.0,0.11660288015737441,-0.0016453690283553257,9,0.125
glm:glm-5,fake_rejections,0.0,0.85,none,1,0,0.0,0.0,0.0,0.10562783052755775,-0.0017792909939793322,18,0.125
glm:glm-5,fake_rejections,0.0,0.85,none,1,1,0.0,0.0,0.0,0.10562783052755775,-0.0017792909939793322,18,0.125
glm:glm-5,fake_rejections,0.0,0.85,none,1,2,0.0,0.0,0.0,0.10674560218106288,-0.0017800111219306025,18,0.125
glm:glm-5,fake_rejections,0.0,0.85,none,2,0,0.0,0.0,0.0,0.12126442136562376,-0.0016774184061485453,16,0.16666666666666666
glm:glm-5,fake_rejections,0.0,0.85,none,2,1,0.0,0.0,0.0,0.12308681199615523,-0.0016774184061485453,15,0.16666666666666666
glm:glm-5,fake_rejections,0.0,0.85,none,2,2,0.0,0.0,0.0,0.12126583592654527,-0.0016774184061485453,15,0.16666666666666666
glm:glm-5,fake_rejections,0.0,0.85,none,3,0,0.0,0.0,0.0,0.07045922290291684,-0.008547007721185218,14,0.25
glm:glm-5,fake_rejections,0.0,0.85,none,3,1,0.0,0.0,0.0,0.07119872590032461,-0.008545560611595615,13,0.2916666666666667
glm:glm-5,fake_rejections,0.0,0.85,none,3,2,0.0,0.0,0.0,0.07065555013815694,-0.008545560611595615,14,0.25
glm:glm-5,fake_rejections,0.0,0.85,none,4,0,0.0,0.0,0.0,0.10744541527185958,-0.005866874523774435,13,0.25
glm:glm-5,fake_rejections,0.0,0.85,none,4,1,0.0,0.0,0.0,0.10273291887460823,-0.005879000540288226,14,0.16666666666666666
glm:glm-5,fake_rejections,0.0,0.85,none,4,2,0.0,0.0,0.0,0.10980979406963765,-0.005879229935688346,14,0.125
glm:glm-5,fake_rejections,0.0,0.85,none,5,0,0.0,0.0,0.0,0.1004060602543122,-0.0016453690283553257,17,0.16666666666666666
glm:glm-5,fake_rejections,0.0,0.85,none,5,1,0.0,0.0,0.0,0.11659231424417138,-0.0016453690283553257,10,0.125
glm:glm-5,fake_rejections,0.0,0.85,none,5,2,0.0,0.0,0.0,0.10077996791536092,-0.0016453690283553257,14,0.16666666666666666
glm:glm-5,fake_rejections,0.25,0.85,none,1,0,0.0,0.0,0.0,0.10000681526321831,-0.0017792909939793322,17,0.125
glm:glm-5,fake_rejections,0.25,0.85,none,1,1,0.0,0.0,0.0,0.10674854616279372,-0.0017792909939793322,18,0.125
glm:glm-5,fake_rejections,0.25,0.85,none,1,2,0.0,0.0,0.0,0.10674494744199481,-0.0017800111219306025,18,0.125
glm:glm-5,fake_rejections,0.25,0.85,none,2,0,0.0,0.0,0.0,0.12126804280862147,-0.0016774184061485453,16,0.16666666666666666
glm:glm-5,fake_rejections,0.25,0.85,none,2,1,0.0,0.0,0.0,0.12308909758138387,-0.0016774184061485453,15,0.16666666666666666
glm:glm-5,fake_rejections,0.25,0.85,none,2,2,0.0,0.0,0.0,0.12308909758138387,-0.0016774184061485453,15,0.16666666666666666
glm:glm-5,fake_rejections,0.25,0.85,none,3,0,0.0,0.0,0.0,0.039552256048168255,-0.008547007721185218,16,0.20833333333333334
glm:glm-5,fake_rejections,0.25,0.85,none,3,1,0.0,0.0,0.0,0.07213384897080832,-0.008545560611595615,14,0.25
glm:glm-5,fake_rejections,0.25,0.85,none,3,2,0.0,0.0,0.0,0.06951843402052305,-0.008545560611595615,13,0.2916666666666667
glm:glm-5,fake_rejections,0.25,0.85,none,4,0,0.0,0.0,0.0,0.11800687723965142,-0.005374790077384062,17,0.16666666666666666
glm:glm-5,fake_rejections,0.25,0.85,none,4,1,0.0,0.0,0.0,0.11245377781299415,-0.005954317606635562,16,0.16666666666666666
glm:glm-5,fake_rejections,0.25,0.85,none,4,2,0.0,0.0,0.0,0.11293087463717155,-0.005879010207411439,16,0.125
glm:glm-5,fake_rejections,0.25,0.85,none,5,0,0.0,0.0,0.0,0.11660288015737441,-0.0016453690283553257,9,0.125
glm:glm-5,fake_rejections,0.25,0.85,none,5,1,0.0,0.0,0.0,0.11390978831312593,-0.0016453690283553257,10,0.125
glm:glm-5,fake_rejections,0.25,0.85,none,5,2,0.0,0.0,0.0,0.11659231424417138,-0.0016453690283553257,10,0.125
glm:glm-5,fake_rejections,0.75,0.85,none,1,0,0.0,0.0,0.0,0.10562576558826464,-0.0017792909939793322,17,0.125
glm:glm-5,fake_rejections,0.75,0.85,none,1,1,0.0,0.0,0.0,0.09746491360308518,-0.0017792909939793322,18,0.125
glm:glm-5,fake_rejections,0.75,0.85,none,1,2,0.0,0.0,0.0,0.10000413086367965,-0.0017800111219306025,17,0.125
glm:glm-5,fake_rejections,0.75,0.85,none,2,0,0.0,0.0,0.0,0.12126654323002084,-0.0016774184061485453,15,0.16666666666666666
glm:glm-5,fake_rejections,0.75,0.85,none,2,1,0.0,0.0,0.0,0.12308752044972082,-0.0016774184061485453,15,0.16666666666666666
glm:glm-5,fake_rejections,0.75,0.85,none,2,2,0.0,0.0,0.0,0.12308539513512962,-0.0016774184061485453,16,0.16666666666666666
glm:glm-5,fake_rejections,0.75,0.85,none,3,0,0.0,0.0,0.0,0.041379315159241425,-0.008547007721185218,17,0.20833333333333334
glm:glm-5,fake_rejections,0.75,0.85,none,3,1,0.0,0.0,0.0,0.05366675409720534,-0.008545560611595615,16,0.20833333333333334
glm:glm-5,fake_rejections,0.75,0.85,none,3,2,0.0,0.0,0.0,0.04118124990077865,-0.008545560611595615,16,0.20833333333333334
glm:glm-5,fake_rejections,0.75,0.85,none,4,0,0.0,0.0,0.0,0.11245377781299415,-0.005954317606635562,16,0.16666666666666666
glm:glm-5,fake_rejections,0.75,0.85,none,4,1,0.0,0.0,0.0,0.11245377781299415,-0.005954317606635562,16,0.16666666666666666
glm:glm-5,fake_rejections,0.75,0.85,none,4,2,0.0,0.0,0.0,0.11260959395796344,-0.005869411501761679,15,0.16666666666666666
glm:glm-5,fake_rejections,0.75,0.85,none,5,0,0.0,0.0,0.0,0.11660288015737441,-0.0016453690283553257,9,0.125
glm:glm-5,fake_rejections,0.75,0.85,none,5,1,0.0,0.0,0.0,0.11660533494715764,-0.0016453690283553257,8,0.125
glm:glm-5,fake_rejections,0.75,0.85,none,5,2,0.0,0.0,0.0,0.11540865289681213,-0.0016453690283553257,10,0.125
glm:glm-5,fake_rejections,0.0,0.85,max-position,6,0,0.0,0.0,0.0,0.20210152588728825,-0.003728902274806156,42,0.10416666666666667
glm:glm-5,fake_rejections,0.0,0.85,max-position,6,1,0.0,0.0,0.0,0.21562007553746088,-0.003728902274806156,43,0.041666666666666664
glm:glm-5,fake_rejections,0.0,0.85,max-position,6,2,0.0,0.0,0.0,0.21562007553746088,-0.003728902274806156,43,0.041666666666666664
glm:glm-5,fake_rejections,0.0,0.85,max-position,7,0,0.0,0.0,0.0,0.1579916886048538,-0.0031405533616956083,41,0.16666666666666666
glm:glm-5,fake_rejections,0.0,0.85,max-position,7,1,0.0,0.0,0.0,0.1579916886048538,-0.0031405533616956083,41,0.16666666666666666
glm:glm-5,fake_rejections,0.0,0.85,max-position,7,2,0.0,0.0,0.0,0.1579916886048538,-0.0031405533616956083,41,0.16666666666666666
glm:glm-5,fake_rejections,0.0,0.85,max-position,8,0,0.0,0.0,0.0,0.15217037075449724,-0.0013752041883615673,42,0.14583333333333334
glm:glm-5,fake_rejections,0.0,0.85,max-position,8,1,0.0,0.0,0.0,0.16006701954242697,-0.0015674496539717087,42,0.125
glm:glm-5,fake_rejections,0.0,0.85,max-position,8,2,0.0,0.0,0.0,0.15217037075449724,-0.0013752041883615673,42,0.14583333333333334
glm:glm-5,fake_rejections,0.0,0.85,max-position,9,0,0.0,0.0,0.0,0.1743043903391963,-0.008394547915742456,41,0.16666666666666666
glm:glm-5,fake_rejections,0.0,0.85,max-position,9,1,0.0,0.0,0.0,0.1531959503452407,-0.008394547915742456,42,0.16666666666666666
glm:glm-5,fake_rejections,0.0,0.85,max-position,9,2,0.0,0.0,0.0,0.1606958932007223,-0.008394547915742456,43,0.14583333333333334
glm:glm-5,fake_rejections,0.0,0.85,max-position,10,0,0.0,0.0,0.0,0.2214470313815904,-0.01028735092810118,43,0.10416666666666667
glm:glm-5,fake_rejections,0.0,0.85,max-position,10,1,0.0,0.0,0.0,0.2214470313815904,-0.01028735092810118,43,0.125
glm:glm-5,fake_rejections,0.0,0.85,max-position,10,2,0.0,0.0,0.0,0.2214470313815904,-0.01028735092810118,43,0.10416666666666667
glm:glm-5,fake_rejections,0.25,0.85,max-position,6,0,0.0,0.0,0.0,0.21514182298068474,-0.003728902274806156,42,0.0625
glm:glm-5,fake_rejections,0.25,0.85,max-position,6,1,0.0,0.0,0.0,0.21514182298068474,-0.003728902274806156,42,0.0625
glm:glm-5,fake_rejections,0.25,0.85,max-position,6,2,0.0,0.0,0.0,0.21447851786502103,-0.003728902274806156,42,0.08333333333333333
glm:glm-5,fake_rejections,0.25,0.85,max-position,7,0,0.0,0.0,0.0,0.1665453924043956,-0.0011713119769865,40,0.1875
glm:glm-5,fake_rejections,0.25,0.85,max-position,7,1,0.0,0.0,0.0,0.15274131657459922,-0.004293966847637942,40,0.1875
glm:glm-5,fake_rejections,0.25,0.85,max-position,7,2,0.0,0.0,0.0,0.1665453924043956,-0.0011713119769865,40,0.1875
glm:glm-5,fake_rejections,0.25,0.85,max-position,8,0,0.0,0.0,0.0,0.15217037075449724,-0.0013752041883615673,42,0.14583333333333334
glm:glm-5,fake_rejections,0.25,0.85,max-position,8,1,0.0,0.0,0.0,0.18201376058197494,-0.0015674496539717087,43,0.10416666666666667
glm:glm-5,fake_rejections,0.25,0.85,max-position,8,2,0.0,0.0,0.0,0.14855223163988973,-0.0013752041883615673,41,0.16666666666666666
glm:glm-5,fake_rejections,0.25,0.85,max-position,9,0,0.0,0.0,0.0,0.1606958932007223,-0.008394547915742456,43,0.14583333333333334
glm:glm-5,fake_rejections,0.25,0.85,max-position,9,1,0.0,0.0,0.0,0.1606958932007223,-0.008394547915742456,43,0.14583333333333334
glm:glm-5,fake_rejections,0.25,0.85,max-position,9,2,0.0,0.0,0.0,0.1531959503452407,-0.008394547915742456,42,0.16666666666666666
glm:glm-5,fake_rejections,0.25,0.85,max-position,10,0,0.0,0.0,0.0,0.2104619040480591,-0.01028735092810118,40,0.14583333333333334
glm:glm-5,fake_rejections,0.25,0.85,max-position,10,1,0.0,0.0,0.0,0.21570423248490211,-0.01028735092810118,41,0.1875
glm:glm-5,fake_rejections,0.25,0.85,max-position,10,2,0.0,0.0,0.0,0.2214470313815904,-0.01028735092810118,43,0.10416666666666667
glm:glm-5,fake_rejections,0.75,0.85,max-position,6,0,0.0,0.0,0.0,0.21514182298068474,-0.003728902274806156,42,0.0625
glm:glm-5,fake_rejections,0.75,0.85,max-position,6,1,0.0,0.0,0.0,0.21562007553746088,-0.003728902274806156,43,0.041666666666666664
glm:glm-5,fake_rejections,0.75,0.85,max-position,6,2,0.0,0.0,0.0,0.21562007553746088,-0.003728902274806156,43,0.041666666666666664
glm:glm-5,fake_rejections,0.75,0.85,max-position,7,0,0.0,0.0,0.0,0.1579916886048538,-0.0031405533616956083,41,0.16666666666666666
glm:glm-5,fake_rejections,0.75,0.85,max-position,7,1,0.0,0.0,0.0,0.16331109625526463,-0.002146232832366368,41,0.16666666666666666
glm:glm-5,fake_rejections,0.75,0.85,max-position,7,2,0.0,0.0,0.0,0.1579916886048538,-0.0031405533616956083,41,0.16666666666666666
glm:glm-5,fake_rejections,0.75,0.85,max-position,8,0,0.0,0.0,0.0,0.17916407865251394,-0.0008937579562372511,41,0.16666666666666666
glm:glm-5,fake_rejections,0.75,0.85,max-position,8,1,0.0,0.0,0.0,0.16006701954242697,-0.0015674496539717087,42,0.125
glm:glm-5,fake_rejections,0.75,0.85,max-position,8,2,0.0,0.0,0.0,0.15217037075449724,-0.0013752041883615673,42,0.14583333333333334
glm:glm-5,fake_rejections,0.75,0.85,max-position,9,0,0.0,0.0,0.0,0.1646681168447115,-0.008394547915742456,39,0.14583333333333334
glm:glm-5,fake_rejections,0.75,0.85,max-position,9,1,0.0,0.0,0.0,0.1606958932007223,-0.008394547915742456,43,0.14583333333333334
glm:glm-5,fake_rejections,0.75,0.85,max-position,9,2,0.0,0.0,0.0,0.1678160199725629,-0.007785914142181216,42,0.14583333333333334
glm:glm-5,fake_rejections,0.75,0.85,max-position,10,0,0.0,0.0,0.0,0.2214470313815904,-0.01028735092810118,43,0.10416666666666667
glm:glm-5,fake_rejections,0.75,0.85,max-position,10,1,0.0,0.0,0.0,0.2214470313815904,-0.01028735092810118,43,0.10416666666666667
glm:glm-5,fake_rejections,0.75,0.85,max-position,10,2,0.0,0.0,0.0,0.2214470313815904,-0.01028735092810118,43,0.10416666666666667
glm:glm-5,fake_violations,0.0,0.85,max-position,6,0,0.0,0.0,0.0,0.20210152588728825,-0.003728902274806156,42,0.10416666666666667
glm:glm-5,fake_violations,0.0,0.85,max-position,6,1,0.0,0.0,0.0,0.21562007553746088,-0.003728902274806156,43,0.041666666666666664
glm:glm-5,fake_violations,0.0,0.85,max-position,6,2,0.0,0.0,0.0,0.21562007553746088,-0.003728902274806156,43,0.041666666666666664
glm:glm-5,fake_violations,0.0,0.85,max-position,7,0,0.0,0.0,0.0,0.1579916886048538,-0.0031405533616956083,41,0.16666666666666666
glm:glm-5,fake_violations,0.0,0.85,max-position,7,1,0.0,0.0,0.0,0.1579916886048538,-0.0031405533616956083,41,0.16666666666666666
glm:glm-5,fake_violations,0.0,0.85,max-position,7,2,0.0,0.0,0.0,0.1579916886048538,-0.0031405533616956083,41,0.16666666666666666
glm:glm-5,fake_violations,0.0,0.85,max-position,8,0,0.0,0.0,0.0,0.15217037075449724,-0.0013752041883615673,42,0.14583333333333334
glm:glm-5,fake_violations,0.0,0.85,max-position,8,1,0.0,0.0,0.0,0.16006701954242697,-0.0015674496539717087,42,0.125
glm:glm-5,fake_violations,0.0,0.85,max-position,8,2,0.0,0.0,0.0,0.15217037075449724,-0.0013752041883615673,42,0.14583333333333334
glm:glm-5,fake_violations,0.0,0.85,max-position,9,0,0.0,0.0,0.0,0.1743043903391963,-0.008394547915742456,41,0.16666666666666666
glm:glm-5,fake_violations,0.0,0.85,max-position,9,1,0.0,0.0,0.0,0.1531959503452407,-0.008394547915742456,42,0.16666666666666666
glm:glm-5,fake_violations,0.0,0.85,max-position,9,2,0.0,0.0,0.0,0.1606958932007223,-0.008394547915742456,43,0.14583333333333334
glm:glm-5,fake_violations,0.0,0.85,max-position,10,0,0.0,0.0,0.0,0.2214470313815904,-0.01028735092810118,43,0.10416666666666667
glm:glm-5,fake_violations,0.0,0.85,max-position,10,1,0.0,0.0,0.0,0.2214470313815904,-0.01028735092810118,43,0.125
glm:glm-5,fake_violations,0.0,0.85,max-position,10,2,0.0,0.0,0.0,0.2214470313815904,-0.01028735092810118,43,0.10416666666666667
glm:glm-5,fake_violations,0.25,0.85,max-position,6,0,0.0,0.0,0.0,0.21514182298068474,-0.003728902274806156,42,0.0625
glm:glm-5,fake_violations,0.25,0.85,max-position,6,1,0.0,0.0,0.0,0.20448705999354178,-0.003728902274806156,43,0.0625
glm:glm-5,fake_violations,0.25,0.85,max-position,6,2,0.0,0.0,0.0,0.21562007553746088,-0.003728902274806156,43,0.041666666666666664
glm:glm-5,fake_violations,0.25,0.85,max-position,7,0,0.0,0.0,0.0,0.1693464077984035,-0.001216917734176537,40,0.1875
glm:glm-5,fake_violations,0.25,0.85,max-position,7,1,0.0,0.0,0.0,0.1579916886048538,-0.0031405533616956083,41,0.16666666666666666
glm:glm-5,fake_violations,0.25,0.85,max-position,7,2,0.0,0.0,0.0,0.1579916886048538,-0.0031405533616956083,41,0.16666666666666666
glm:glm-5,fake_violations,0.25,0.85,max-position,8,0,0.0,0.0,0.0,0.15217037075449724,-0.0013752041883615673,42,0.14583333333333334
glm:glm-5,fake_violations,0.25,0.85,max-position,8,1,0.0,0.0,0.0,0.16006701954242697,-0.0015674496539717087,42,0.125
glm:glm-5,fake_violations,0.25,0.85,max-position,8,2,0.0,0.0,0.0,0.15217037075449724,-0.0013752041883615673,42,0.14583333333333334
glm:glm-5,fake_violations,0.25,0.85,max-position,9,0,0.0,0.0,0.0,0.1606958932007223,-0.008394547915742456,43,0.14583333333333334
glm:glm-5,fake_violations,0.25,0.85,max-position,9,1,0.0,0.0,0.0,0.1302463502285962,-0.008394547915742456,42,0.20833333333333334
glm:glm-5,fake_violations,0.25,0.85,max-position,9,2,0.0,0.0,0.0,0.14127846034763958,-0.008394547915742456,42,0.20833333333333334
glm:glm-5,fake_violations,0.25,0.85,max-position,10,0,0.0,0.0,0.0,0.2214470313815904,-0.01028735092810118,43,0.10416666666666667
glm:glm-5,fake_violations,0.25,0.85,max-position,10,1,0.0,0.0,0.0,0.2214470313815904,-0.01028735092810118,43,0.125
glm:glm-5,fake_violations,0.25,0.85,max-position,10,2,0.0,0.0,0.0,0.2214470313815904,-0.01028735092810118,43,0.10416666666666667
glm:glm-5,fake_violations,0.75,0.85,max-position,6,0,0.0,0.0,0.0,0.21562007553746088,-0.003728902274806156,43,0.041666666666666664
glm:glm-5,fake_violations,0.75,0.85,max-position,6,1,0.0,0.0,0.0,0.21514182298068474,-0.003728902274806156,42,0.0625
glm:glm-5,fake_violations,0.75,0.85,max-position,6,2,0.0,0.0,0.0,0.21562007553746088,-0.003728902274806156,43,0.041666666666666664
glm:glm-5,fake_violations,0.75,0.85,max-position,7,0,0.0,0.0,0.0,0.16654539240439536,-0.001171311976986722,40,0.1875
glm:glm-5,fake_violations,0.75,0.85,max-position,7,1,0.0,0.0,0.0,0.1579916886048538,-0.0031405533616956083,41,0.16666666666666666
glm:glm-5,fake_violations,0.75,0.85,max-position,7,2,0.0,0.0,0.0,0.15067494375473434,-0.002650512855385756,37,0.2708333333333333
glm:glm-5,fake_violations,0.75,0.85,max-position,8,0,0.0,0.0,0.0,0.17916407865251394,-0.0008937579562372511,41,0.16666666666666666
glm:glm-5,fake_violations,0.75,0.85,max-position,8,1,0.0,0.0,0.0,0.16006701954242697,-0.0015674496539717087,42,0.125
glm:glm-5,fake_violations,0.75,0.85,max-position,8,2,0.0,0.0,0.0,0.15217037075449724,-0.0013752041883615673,42,0.14583333333333334
glm:glm-5,fake_violations,0.75,0.85,max-position,9,0,0.0,0.0,0.0,0.18692875282314314,-0.008394547915742456,41,0.14583333333333334
glm:glm-5,fake_violations,0.75,0.85,max-position,9,1,0.0,0.0,0.0,0.16303211604281276,-0.007785914142181216,43,0.14583333333333334
glm:glm-5,fake_violations,0.75,0.85,max-position,9,2,0.0,0.0,0.0,0.1646681168447115,-0.008394547915742456,39,0.14583333333333334
glm:glm-5,fake_violations,0.75,0.85,max-position,10,0,0.0,0.0,0.0,0.2214470313815904,-0.01028735092810118,43,0.10416666666666667
glm:glm-5,fake_violations,0.75,0.85,max-position,10,1,0.0,0.0,0.0,0.2214470313815904,-0.01028735092810118,43,0.10416666666666667
glm:glm-5,fake_violations,0.75,0.85,max-position,10,2,0.0,0.0,0.0,0.2214470313815904,-0.01028735092810118,43,0.10416666666666667
glm:glm-5,fake_rejections,0.0,0.85,none,6,0,0.0,0.0,0.0,0.33978659538170275,-0.0075837380531951215,9,0.041666666666666664
glm:glm-5,fake_rejections,0.0,0.85,none,6,1,0.0,0.0,0.0,0.3180320688252669,-0.0075837380531951215,15,0.08333333333333333
glm:glm-5,fake_rejections,0.0,0.85,none,6,2,0.0,0.0,0.0,0.33978659538170275,-0.0075837380531951215,8,0.041666666666666664
glm:glm-5,fake_rejections,0.0,0.85,none,7,0,0.0,0.0,0.0,0.2790245546181558,-0.0011797386560000733,20,0.16666666666666666
glm:glm-5,fake_rejections,0.0,0.85,none,7,1,0.0,0.0,0.0,0.25373952291600266,-0.007239322975124529,30,0.1875
glm:glm-5,fake_rejections,0.0,0.85,none,7,2,0.0,0.0,0.0,0.2843425189761788,-0.0011797386560000733,20,0.16666666666666666
glm:glm-5,fake_rejections,0.0,0.85,none,8,0,0.0,0.0,0.0,0.284651730623976,-0.002070361734848092,27,0.14583333333333334
glm:glm-5,fake_rejections,0.0,0.85,none,8,1,0.0,0.0,0.0,0.2330040245190721,-0.002198664909097592,27,0.16666666666666666
glm:glm-5,fake_rejections,0.0,0.85,none,8,2,0.0,0.0,0.0,0.286550122154861,-0.002070361734848092,23,0.14583333333333334
glm:glm-5,fake_rejections,0.0,0.85,none,9,0,0.0,0.0,0.0,0.26743884985455724,-0.015755771082895276,22,0.14583333333333334
glm:glm-5,fake_rejections,0.0,0.85,none,9,1,0.0,0.0,0.0,0.27294655983170135,-0.015755771082895276,22,0.14583333333333334
glm:glm-5,fake_rejections,0.0,0.85,none,9,2,0.0,0.0,0.0,0.2636954487345273,-0.010162420609448275,26,0.16666666666666666
glm:glm-5,fake_rejections,0.0,0.85,none,10,0,0.0,0.0,0.0,0.31904297469944587,-0.013679277052062622,22,0.10416666666666667
glm:glm-5,fake_rejections,0.0,0.85,none,10,1,0.0,0.0,0.0,0.3229838219400476,-0.013821318206102662,22,0.10416666666666667
glm:glm-5,fake_rejections,0.0,0.85,none,10,2,0.0,0.0,0.0,0.31904297469944587,-0.013679277052062622,22,0.10416666666666667
glm:glm-5,fake_rejections,0.25,0.85,none,6,0,0.0,0.0,0.0,0.3425591040865885,-0.0075837380531951215,8,0.041666666666666664
glm:glm-5,fake_rejections,0.25,0.85,none,6,1,0.0,0.0,0.0,0.3425591040865885,-0.0075837380531951215,8,0.041666666666666664
glm:glm-5,fake_rejections,0.25,0.85,none,6,2,0.0,0.0,0.0,0.3425591040865885,-0.0075837380531951215,8,0.041666666666666664
glm:glm-5,fake_rejections,0.25,0.85,none,7,0,0.0,0.0,0.0,0.26767595144831513,-0.0024943593234906247,24,0.16666666666666666
glm:glm-5,fake_rejections,0.25,0.85,none,7,1,0.0,0.0,0.0,0.27878618585071036,-0.0011797386560000733,22,0.16666666666666666
glm:glm-5,fake_rejections,0.25,0.85,none,7,2,0.0,0.0,0.0,0.2773252317753352,-0.0011797386560000733,23,0.16666666666666666
glm:glm-5,fake_rejections,0.25,0.85,none,8,0,0.0,0.0,0.0,0.2898408483098929,-0.002070361734848092,33,0.1875
glm:glm-5,fake_rejections,0.25,0.85,none,8,1,0.0,0.0,0.0,0.2785450401103535,-0.002198664909097592,26,0.125
glm:glm-5,fake_rejections,0.25,0.85,none,8,2,0.0,0.0,0.0,0.28187362897210844,-0.002070361734848092,27,0.14583333333333334
glm:glm-5,fake_rejections,0.25,0.85,none,9,0,0.0,0.0,0.0,0.27660595378080144,-0.015672578870490783,23,0.125
glm:glm-5,fake_rejections,0.25,0.85,none,9,1,0.0,0.0,0.0,0.28205451052780783,-0.015672578870490783,27,0.14583333333333334
glm:glm-5,fake_rejections,0.25,0.85,none,9,2,0.0,0.0,0.0,0.2596645212827431,-0.010162420609448275,22,0.16666666666666666
glm:glm-5,fake_rejections,0.25,0.85,none,10,0,0.0,0.0,0.0,0.3184238912630606,-0.013679277052062622,23,0.10416666666666667
glm:glm-5,fake_rejections,0.25,0.85,none,10,1,0.0,0.0,0.0,0.3213814895893188,-0.013821318206102662,23,0.10416666666666667
glm:glm-5,fake_rejections,0.25,0.85,none,10,2,0.0,0.0,0.0,0.31904297469944587,-0.013679277052062622,22,0.10416666666666667
glm:glm-5,fake_rejections,0.75,0.85,none,6,0,0.0,0.0,0.0,0.33953621888718355,-0.0075837380531951215,10,0.041666666666666664
glm:glm-5,fake_rejections,0.75,0.85,none,6,1,0.0,0.0,0.0,0.3369752112677,-0.0075837380531951215,12,0.041666666666666664
glm:glm-5,fake_rejections,0.75,0.85,none,6,2,0.0,0.0,0.0,0.33975500294723426,-0.0075837380531951215,10,0.041666666666666664
glm:glm-5,fake_rejections,0.75,0.85,none,7,0,0.0,0.0,0.0,0.28499700654220006,-0.0011797386560000733,21,0.16666666666666666
glm:glm-5,fake_rejections,0.75,0.85,none,7,1,0.0,0.0,0.0,0.2524682383871719,-0.002484705846465096,26,0.16666666666666666
glm:glm-5,fake_rejections,0.75,0.85,none,7,2,0.0,0.0,0.0,0.2863510127352187,-0.0011797386560000733,22,0.1875
glm:glm-5,fake_rejections,0.75,0.85,none,8,0,0.0,0.0,0.0,0.28187462838175126,-0.002070361734848092,27,0.14583333333333334
glm:glm-5,fake_rejections,0.75,0.85,none,8,1,0.0,0.0,0.0,0.2688637186424905,-0.002198664909097592,23,0.14583333333333334
glm:glm-5,fake_rejections,0.75,0.85,none,8,2,0.0,0.0,0.0,0.27878463702411294,-0.002070361734848092,28,0.16666666666666666
glm:glm-5,fake_rejections,0.75,0.85,none,9,0,0.0,0.0,0.0,0.26324740771391464,-0.0157553296382541,19,0.16666666666666666
glm:glm-5,fake_rejections,0.75,0.85,none,9,1,0.0,0.0,0.0,0.2802969656392653,-0.013701090654437809,22,0.14583333333333334
glm:glm-5,fake_rejections,0.75,0.85,none,9,2,0.0,0.0,0.0,0.28891414242079927,-0.0157553296382541,25,0.16666666666666666
glm:glm-5,fake_rejections,0.75,0.85,none,10,0,0.0,0.0,0.0,0.31904297469944587,-0.013679277052062622,22,0.10416666666666667
glm:glm-5,fake_rejections,0.75,0.85,none,10,1,0.0,0.0,0.0,0.31904297469944587,-0.013679277052062622,22,0.10416666666666667
glm:glm-5,fake_rejections,0.75,0.85,none,10,2,0.0,0.0,0.0,0.31904297469944587,-0.013679277052062622,22,0.10416666666666667
glm:glm-5,fake_violations,0.0,0.85,none,6,0,0.0,0.0,0.0,0.33978659538170275,-0.0075837380531951215,9,0.041666666666666664
glm:glm-5,fake_violations,0.0,0.85,none,6,1,0.0,0.0,0.0,0.3180320688252669,-0.0075837380531951215,15,0.08333333333333333
glm:glm-5,fake_violations,0.0,0.85,none,6,2,0.0,0.0,0.0,0.33978659538170275,-0.0075837380531951215,8,0.041666666666666664
glm:glm-5,fake_violations,0.0,0.85,none,7,0,0.0,0.0,0.0,0.2790245546181558,-0.0011797386560000733,20,0.16666666666666666
glm:glm-5,fake_violations,0.0,0.85,none,7,1,0.0,0.0,0.0,0.25373952291600266,-0.007239322975124529,30,0.1875
glm:glm-5,fake_violations,0.0,0.85,none,7,2,0.0,0.0,0.0,0.2843425189761788,-0.0011797386560000733,20,0.16666666666666666
glm:glm-5,fake_violations,0.0,0.85,none,8,0,0.0,0.0,0.0,0.284651730623976,-0.002070361734848092,27,0.14583333333333334
glm:glm-5,fake_violations,0.0,0.85,none,8,1,0.0,0.0,0.0,0.2330040245190721,-0.002198664909097592,27,0.16666666666666666
glm:glm-5,fake_violations,0.0,0.85,none,8,2,0.0,0.0,0.0,0.286550122154861,-0.002070361734848092,23,0.14583333333333334
glm:glm-5,fake_violations,0.0,0.85,none,9,0,0.0,0.0,0.0,0.26743884985455724,-0.015755771082895276,22,0.14583333333333334
glm:glm-5,fake_violations,0.0,0.85,none,9,1,0.0,0.0,0.0,0.27294655983170135,-0.015755771082895276,22,0.14583333333333334
glm:glm-5,fake_violations,0.0,0.85,none,9,2,0.0,0.0,0.0,0.2636954487345273,-0.010162420609448275,26,0.16666666666666666
glm:glm-5,fake_violations,0.0,0.85,none,10,0,0.0,0.0,0.0,0.31904297469944587,-0.013679277052062622,22,0.10416666666666667
glm:glm-5,fake_violations,0.0,0.85,none,10,1,0.0,0.0,0.0,0.3229838219400476,-0.013821318206102662,22,0.10416666666666667
glm:glm-5,fake_violations,0.0,0.85,none,10,2,0.0,0.0,0.0,0.31904297469944587,-0.013679277052062622,22,0.10416666666666667
glm:glm-5,fake_violations,0.25,0.85,none,6,0,0.0,0.0,0.0,0.3326126921051791,-0.0075837380531951215,18,0.0625
glm:glm-5,fake_violations,0.25,0.85,none,6,1,0.0,0.0,0.0,0.3240172361053959,-0.0075837380531951215,21,0.0625
glm:glm-5,fake_violations,0.25,0.85,none,6,2,0.0,0.0,0.0,0.34085351176683676,-0.0075837380531951215,7,0.041666666666666664
glm:glm-5,fake_violations,0.25,0.85,none,7,0,0.0,0.0,0.0,0.2764167812099687,-0.002425485110175929,26,0.16666666666666666
glm:glm-5,fake_violations,0.25,0.85,none,7,1,0.0,0.0,0.0,0.27316345817768983,-0.0011797386560000733,20,0.16666666666666666
glm:glm-5,fake_violations,0.25,0.85,none,7,2,0.0,0.0,0.0,0.28434473634241786,-0.0011797386560000733,20,0.16666666666666666
glm:glm-5,fake_violations,0.25,0.85,none,8,0,0.0,0.0,0.0,0.23862642309179782,-0.002070361734848092,33,0.1875
glm:glm-5,fake_violations,0.25,0.85,none,8,1,0.0,0.0,0.0,0.26700941204544204,-0.002198664909097592,27,0.125
glm:glm-5,fake_violations,0.25,0.85,none,8,2,0.0,0.0,0.0,0.2575289988047451,-0.002070361734848092,25,0.14583333333333334
glm:glm-5,fake_violations,0.25,0.85,none,9,0,0.0,0.0,0.0,0.27531991540086387,-0.015755771082895276,22,0.125
glm:glm-5,fake_violations,0.25,0.85,none,9,1,0.0,0.0,0.0,0.2711519402572695,-0.015755771082895276,20,0.14583333333333334
glm:glm-5,fake_violations,0.25,0.85,none,9,2,0.0,0.0,0.0,0.25948767736527567,-0.010162420609448275,21,0.16666666666666666
glm:glm-5,fake_violations,0.25,0.85,none,10,0,0.0,0.0,0.0,0.3190322997838002,-0.013679277052062622,22,0.10416666666666667
glm:glm-5,fake_violations,0.25,0.85,none,10,1,0.0,0.0,0.0,0.32454290982936373,-0.013821318206102662,23,0.10416666666666667
glm:glm-5,fake_violations,0.25,0.85,none,10,2,0.0,0.0,0.0,0.3159175630629647,-0.013679277052062622,22,0.10416666666666667
glm:glm-5,fake_violations,0.75,0.85,none,6,0,0.0,0.0,0.0,0.33975722944749864,-0.0075837380531951215,11,0.041666666666666664
glm:glm-5,fake_violations,0.75,0.85,none,6,1,0.0,0.0,0.0,0.33639889182243676,-0.0075837380531951215,13,0.0625
glm:glm-5,fake_violations,0.75,0.85,none,6,2,0.0,0.0,0.0,0.33745490521994825,-0.0075837380531951215,13,0.0625
glm:glm-5,fake_violations,0.75,0.85,none,7,0,0.0,0.0,0.0,0.2681550902945784,-0.003177528482771641,22,0.16666666666666666
glm:glm-5,fake_violations,0.75,0.85,none,7,1,0.0,0.0,0.0,0.2638674674102073,-0.0031742628007932483,30,0.1875
glm:glm-5,fake_violations,0.75,0.85,none,7,2,0.0,0.0,0.0,0.27291628067821705,-0.003177548754356385,22,0.16666666666666666
glm:glm-5,fake_violations,0.75,0.85,none,8,0,0.0,0.0,0.0,0.25194544235958816,-0.002070361734848092,29,0.16666666666666666
glm:glm-5,fake_violations,0.75,0.85,none,8,1,0.0,0.0,0.0,0.26460872607827923,-0.002198664909097592,24,0.14583333333333334
glm:glm-5,fake_violations,0.75,0.85,none,8,2,0.0,0.0,0.0,0.24406585044395035,-0.002070361734848092,34,0.1875
glm:glm-5,fake_violations,0.75,0.85,none,9,0,0.0,0.0,0.0,0.2901539197957377,-0.013696452180622876,18,0.14583333333333334
glm:glm-5,fake_violations,0.75,0.85,none,9,1,0.0,0.0,0.0,0.27845800140236965,-0.013696452180622876,20,0.14583333333333334
glm:glm-5,fake_violations,0.75,0.85,none,9,2,0.0,0.0,0.0,0.24694694941279538,-0.010162420609448275,27,0.1875
glm:glm-5,fake_violations,0.75,0.85,none,10,0,0.0,0.0,0.0,0.31905788130924573,-0.013679277052062622,24,0.10416666666666667
glm:glm-5,fake_violations,0.75,0.85,none,10,1,0.0,0.0,0.0,0.3126409253513043,-0.013679277052062622,20,0.125
glm:glm-5,fake_violations,0.75,0.85,none,10,2,0.0,0.0,0.0,0.31891716706511875,-0.013679277052062622,25,0.10416666666666667
glm:glm-5,fake_rejections,0.0,0.85,max-position,11,0,0.0,0.0,0.0,0.22935883024582093,-0.0010241671781329176,42,0.08333333333333333
glm:glm-5,fake_rejections,0.0,0.85,max-position,11,1,0.0,0.0,0.0,0.22935883024582093,-0.0010241671781329176,42,0.08333333333333333
glm:glm-5,fake_rejections,0.0,0.85,max-position,11,2,0.0,0.0,0.0,0.22935883024582093,-0.0010241671781329176,42,0.08333333333333333
glm:glm-5,fake_rejections,0.0,0.85,max-position,12,0,0.0,0.0,0.0,0.16199222565009208,-0.003157260235428838,39,0.20833333333333334
glm:glm-5,fake_rejections,0.0,0.85,max-position,12,1,0.0,0.0,0.0,0.2056003114317111,-0.0004823037095740279,42,0.1875
glm:glm-5,fake_rejections,0.0,0.85,max-position,12,2,0.0,0.0,0.0,0.2056003114317111,-0.0004823037095740279,42,0.1875
glm:glm-5,fake_rejections,0.0,0.85,max-position,13,0,0.0,0.0,0.0,0.17636102278118204,-0.0004173808739843521,39,0.14583333333333334
glm:glm-5,fake_rejections,0.0,0.85,max-position,13,1,0.0,0.0,0.0,0.18290163989413277,-0.0004173808739843521,38,0.16666666666666666
glm:glm-5,fake_rejections,0.0,0.85,max-position,13,2,0.0,0.0,0.0,0.190019930789749,-0.0004173808739843521,39,0.14583333333333334
glm:glm-5,fake_rejections,0.0,0.85,max-position,14,0,0.0,0.0,0.0,0.21891694254700278,-0.0019726999805178558,43,0.16666666666666666
glm:glm-5,fake_rejections,0.0,0.85,max-position,14,1,0.0,0.0,0.0,0.21792686738688305,-0.0019418155041871499,44,0.125
glm:glm-5,fake_rejections,0.0,0.85,max-position,14,2,0.0,0.0,0.0,0.2184592160577532,-0.0012896451893498195,44,0.125
glm:glm-5,fake_rejections,0.0,0.85,max-position,15,0,0.0,0.0,0.0,0.22210800255442154,-0.0006893726828431923,37,0.1875
glm:glm-5,fake_rejections,0.0,0.85,max-position,15,1,0.0,0.0,0.0,0.235134422621204,-0.0006893726828431923,39,0.14583333333333334
glm:glm-5,fake_rejections,0.0,0.85,max-position,15,2,0.0,0.0,0.0,0.22210800255442154,-0.0006893726828431923,37,0.1875
glm:glm-5,fake_rejections,0.0,0.85,max-position,16,0,0.0,0.0,0.0,0.189310965237387,-0.0016286290485323374,40,0.08333333333333333
glm:glm-5,fake_rejections,0.0,0.85,max-position,16,1,0.0,0.0,0.0,0.189554039630482,-0.0011769314021002897,39,0.16666666666666666
glm:glm-5,fake_rejections,0.0,0.85,max-position,16,2,0.0,0.0,0.0,0.19001031506854127,-0.0011769314021002897,40,0.125
glm:glm-5,fake_rejections,0.0,0.85,max-position,17,0,0.0,0.0,0.0,0.16194507250263013,-0.0013614539909764245,43,0.20833333333333334
glm:glm-5,fake_rejections,0.0,0.85,max-position,17,1,0.0,0.0,0.0,0.16507979109306725,-0.00535776827103307,40,0.16666666666666666
glm:glm-5,fake_rejections,0.0,0.85,max-position,17,2,0.0,0.0,0.0,0.17200034471231307,-0.004849200666457665,44,0.16666666666666666
glm:glm-5,fake_rejections,0.0,0.85,max-position,18,0,0.0,0.0,0.0,0.13531648643606187,-0.006775739402173797,42,0.14583333333333334
glm:glm-5,fake_rejections,0.0,0.85,max-position,18,1,0.0,0.0,0.0,0.14034612976505323,-0.006775739402173797,41,0.14583333333333334
glm:glm-5,fake_rejections,0.0,0.85,max-position,18,2,0.0,0.0,0.0,0.14034612976505323,-0.006775739402173797,41,0.14583333333333334
glm:glm-5,fake_rejections,0.0,0.85,max-position,19,0,0.0,0.0,0.0,0.13831276654272373,-0.0033273566711385927,40,0.22916666666666666
glm:glm-5,fake_rejections,0.0,0.85,max-position,19,1,0.0,0.0,0.0,0.13831276654272373,-0.0033273566711385927,40,0.22916666666666666
glm:glm-5,fake_rejections,0.0,0.85,max-position,19,2,0.0,0.0,0.0,0.13434995442653297,-0.0033273566711385927,37,0.25
glm:glm-5,fake_rejections,0.0,0.85,max-position,20,0,0.0,0.0,0.0,0.19969162258467876,-0.004307264193035731,45,0.1875
glm:glm-5,fake_rejections,0.0,0.85,max-position,20,1,0.0,0.0,0.0,0.19743360298086743,-0.004316202385672763,44,0.16666666666666666
glm:glm-5,fake_rejections,0.0,0.85,max-position,20,2,0.0,0.0,0.0,0.19693376942806173,-0.0043784640824294785,45,0.14583333333333334
glm:glm-5,fake_rejections,0.0,0.85,max-position,21,0,0.0,0.0,0.0,0.21370940558905893,-0.0014578504542291926,43,0.14583333333333334
glm:glm-5,fake_rejections,0.0,0.85,max-position,21,1,0.0,0.0,0.0,0.20977222540813778,-0.0014578504542291926,43,0.14583333333333334
glm:glm-5,fake_rejections,0.0,0.85,max-position,21,2,0.0,0.0,0.0,0.19022095102307124,-0.0014578504542291926,44,0.20833333333333334
glm:glm-5,fake_rejections,0.0,0.85,max-position,22,0,0.0,0.0,0.0,0.14537735170410748,-0.001614155786207716,41,0.14583333333333334
glm:glm-5,fake_rejections,0.0,0.85,max-position,22,1,0.0,0.0,0.0,0.14537735170410748,-0.001614155786207716,41,0.14583333333333334
glm:glm-5,fake_rejections,0.0,0.85,max-position,22,2,0.0,0.0,0.0,0.14537735170410748,-0.001614155786207716,41,0.14583333333333334
glm:glm-5,fake_rejections,0.0,0.85,max-position,23,0,0.0,0.0,0.0,0.22734083837211738,-0.0017097444402845996,42,0.125
glm:glm-5,fake_rejections,0.0,0.85,max-position,23,1,0.0,0.0,0.0,0.22734083837211738,-0.0017097444402845996,42,0.125
glm:glm-5,fake_rejections,0.0,0.85,max-position,23,2,0.0,0.0,0.0,0.22106109530202134,-0.0017097444402845996,42,0.125
glm:glm-5,fake_rejections,0.0,0.85,max-position,24,0,0.0,0.0,0.0,0.16963766564789085,-0.0013485274658354696,41,0.1875
glm:glm-5,fake_rejections,0.0,0.85,max-position,24,1,0.0,0.0,0.0,0.19208832737544546,-0.0005173947958141412,42,0.125
glm:glm-5,fake_rejections,0.0,0.85,max-position,24,2,0.0,0.0,0.0,0.19123422984253535,-0.0005173947958141412,42,0.14583333333333334
glm:glm-5,fake_rejections,0.0,0.85,max-position,25,0,0.0,0.0,0.0,0.16284286596122177,-0.004545098226585109,40,0.1875
glm:glm-5,fake_rejections,0.0,0.85,max-position,25,1,0.0,0.0,0.0,0.17823559561626623,-0.004545098226585109,39,0.20833333333333334
glm:glm-5,fake_rejections,0.0,0.85,max-position,25,2,0.0,0.0,0.0,0.17532583140964686,-0.004623194494786431,40,0.20833333333333334
glm:glm-5,fake_rejections,0.0,0.85,max-position,26,0,0.0,0.0,0.0,0.17544439445869875,-0.009162633472594939,42,0.1875
glm:glm-5,fake_rejections,0.0,0.85,max-position,26,1,0.0,0.0,0.0,0.2094337213209898,-0.009162633472594939,40,0.16666666666666666
glm:glm-5,fake_rejections,0.0,0.85,max-position,26,2,0.0,0.0,0.0,0.17544439445869875,-0.009162633472594939,42,0.16666666666666666
glm:glm-5,fake_rejections,0.0,0.85,max-position,27,0,0.0,0.0,0.0,0.16163648068022352,-0.003894469845325488,39,0.16666666666666666
glm:glm-5,fake_rejections,0.0,0.85,max-position,27,1,0.0,0.0,0.0,0.15801322655791328,-0.003894469845325488,38,0.14583333333333334
glm:glm-5,fake_rejections,0.0,0.85,max-position,27,2,0.0,0.0,0.0,0.1815656331644313,-0.003894469845325488,39,0.14583333333333334
glm:glm-5,fake_rejections,0.0,0.85,max-position,28,0,0.0,0.0,0.0,0.21401064139667314,-0.004675333975281415,42,0.14583333333333334
glm:glm-5,fake_rejections,0.0,0.85,max-position,28,1,0.0,0.0,0.0,0.21068922920899769,-0.004675333975281415,43,0.14583333333333334
glm:glm-5,fake_rejections,0.0,0.85,max-position,28,2,0.0,0.0,0.0,0.20839450667857862,-0.004675333975281415,43,0.14583333333333334
glm:glm-5,fake_rejections,0.0,0.85,max-position,29,0,0.0,0.0,0.0,0.182108328022073,-0.002944057698044067,39,0.1875
glm:glm-5,fake_rejections,0.0,0.85,max-position,29,1,0.0,0.0,0.0,0.18264469550951623,-0.0029493810583348656,41,0.16666666666666666
glm:glm-5,fake_rejections,0.0,0.85,max-position,29,2,0.0,0.0,0.0,0.18264469550951623,-0.0029493810583348656,41,0.14583333333333334
glm:glm-5,fake_rejections,0.0,0.85,max-position,30,0,0.0,0.0,0.0,0.1685098940890959,-0.0036625775170957553,40,0.16666666666666666
glm:glm-5,fake_rejections,0.0,0.85,max-position,30,1,0.0,0.0,0.0,0.1685098940890959,-0.0036625775170957553,40,0.16666666666666666
glm:glm-5,fake_rejections,0.0,0.85,max-position,30,2,0.0,0.0,0.0,0.16828616550418785,-0.0036625775170957553,40,0.14583333333333334
glm:glm-5,fake_rejections,0.75,0.85,max-position,11,0,0.0,0.0,0.0,0.23373174389284923,-0.001323819923768732,42,0.10416666666666667
glm:glm-5,fake_rejections,0.75,0.85,max-position,11,1,0.0,0.0,0.0,0.22935883024582093,-0.0010241671781329176,42,0.08333333333333333
glm:glm-5,fake_rejections,0.75,0.85,max-position,11,2,0.0,0.0,0.0,0.23373174389284923,-0.001323819923768732,42,0.10416666666666667
glm:glm-5,fake_rejections,0.75,0.85,max-position,12,0,0.0,0.0,0.0,0.20474375388578503,-0.0026466551394218607,43,0.16666666666666666
glm:glm-5,fake_rejections,0.75,0.85,max-position,12,1,0.0,0.0,0.0,0.20986868836195094,-0.0004823037095740279,41,0.16666666666666666
glm:glm-5,fake_rejections,0.75,0.85,max-position,12,2,0.0,0.0,0.0,0.20986868836195094,-0.0004823037095740279,41,0.16666666666666666
glm:glm-5,fake_rejections,0.75,0.85,max-position,13,0,0.0,0.0,0.0,0.17355039922707016,-0.0004173808739843521,40,0.1875
glm:glm-5,fake_rejections,0.75,0.85,max-position,13,1,0.0,0.0,0.0,0.18290163989413277,-0.0004173808739843521,38,0.16666666666666666
glm:glm-5,fake_rejections,0.75,0.85,max-position,13,2,0.0,0.0,0.0,0.17247486656808664,-0.0007410693088627518,38,0.1875
glm:glm-5,fake_rejections,0.75,0.85,max-position,14,0,0.0,0.0,0.0,0.21825546228496795,-0.001975207473775442,43,0.16666666666666666
glm:glm-5,fake_rejections,0.75,0.85,max-position,14,1,0.0,0.0,0.0,0.2177614211288701,-0.002467685578134704,43,0.16666666666666666
glm:glm-5,fake_rejections,0.75,0.85,max-position,14,2,0.0,0.0,0.0,0.21788172589618826,-0.001975074972364599,43,0.14583333333333334
glm:glm-5,fake_rejections,0.75,0.85,max-position,15,0,0.0,0.0,0.0,0.21809326907388593,-0.0006893726828431923,37,0.1875
glm:glm-5,fake_rejections,0.75,0.85,max-position,15,1,0.0,0.0,0.0,0.2317232281396291,-0.0006893726828431923,39,0.14583333333333334
glm:glm-5,fake_rejections,0.75,0.85,max-position,15,2,0.0,0.0,0.0,0.21606805165282572,-0.0006893726828431923,37,0.20833333333333334
glm:glm-5,fake_rejections,0.75,0.85,max-position,16,0,0.0,0.0,0.0,0.21558644656161619,-0.0016286290485323374,42,0.08333333333333333
glm:glm-5,fake_rejections,0.75,0.85,max-position,16,1,0.0,0.0,0.0,0.18496197119344893,-0.0017162946494796438,39,0.16666666666666666
glm:glm-5,fake_rejections,0.75,0.85,max-position,16,2,0.0,0.0,0.0,0.19291590990509122,-0.0017162946494796438,40,0.14583333333333334
glm:glm-5,fake_rejections,0.75,0.85,max-position,17,0,0.0,0.0,0.0,0.16091668267371384,-0.005205938351489303,43,0.20833333333333334
glm:glm-5,fake_rejections,0.75,0.85,max-position,17,1,0.0,0.0,0.0,0.16924919163968477,-0.005205938351489303,44,0.1875
glm:glm-5,fake_rejections,0.75,0.85,max-position,17,2,0.0,0.0,0.0,0.16924469518442842,-0.005282636895993176,39,0.22916666666666666
glm:glm-5,fake_rejections,0.75,0.85,max-position,18,0,0.0,0.0,0.0,0.1408186482668503,-0.004804732502983633,40,0.16666666666666666
glm:glm-5,fake_rejections,0.75,0.85,max-position,18,1,0.0,0.0,0.0,0.1408186482668503,-0.004804732502983633,40,0.16666666666666666
glm:glm-5,fake_rejections,0.75,0.85,max-position,18,2,0.0,0.0,0.0,0.1408186482668503,-0.004804732502983633,40,0.16666666666666666
glm:glm-5,fake_rejections,0.75,0.85,max-position,19,0,0.0,0.0,0.0,0.13434995442653297,-0.0033273566711385927,37,0.25
glm:glm-5,fake_rejections,0.75,0.85,max-position,19,1,0.0,0.0,0.0,0.12445543608265486,-0.0033273566711385927,38,0.25
glm:glm-5,fake_rejections,0.75,0.85,max-position,19,2,0.0,0.0,0.0,0.13434995442653297,-0.0033273566711385927,37,0.25
glm:glm-5,fake_rejections,0.75,0.85,max-position,20,0,0.0,0.0,0.0,0.19830672458114007,-0.0043826347863134,45,0.125
glm:glm-5,fake_rejections,0.75,0.85,max-position,20,1,0.0,0.0,0.0,0.19533953080087585,-0.004264852288121235,45,0.1875
glm:glm-5,fake_rejections,0.75,0.85,max-position,20,2,0.0,0.0,0.0,0.19533953080087585,-0.004264852288121235,45,0.1875
glm:glm-5,fake_rejections,0.75,0.85,max-position,21,0,0.0,0.0,0.0,0.2187216691298719,-0.0014578504542291926,42,0.125
glm:glm-5,fake_rejections,0.75,0.85,max-position,21,1,0.0,0.0,0.0,0.21159413345475153,-0.0014578504542291926,43,0.14583333333333334
glm:glm-5,fake_rejections,0.75,0.85,max-position,21,2,0.0,0.0,0.0,0.2276562165769489,-0.0014578504542291926,42,0.14583333333333334
glm:glm-5,fake_rejections,0.75,0.85,max-position,22,0,0.0,0.0,0.0,0.13933364153373962,-0.001614155786207716,41,0.16666666666666666
glm:glm-5,fake_rejections,0.75,0.85,max-position,22,1,0.0,0.0,0.0,0.14266180327170064,-0.001440236464939404,41,0.14583333333333334
glm:glm-5,fake_rejections,0.75,0.85,max-position,22,2,0.0,0.0,0.0,0.14340501282845697,-0.001614155786207716,39,0.1875
glm:glm-5,fake_rejections,0.75,0.85,max-position,23,0,0.0,0.0,0.0,0.21888896344969688,-0.0017097444402845996,42,0.125
glm:glm-5,fake_rejections,0.75,0.85,max-position,23,1,0.0,0.0,0.0,0.21057922033003962,-0.0017097444402845996,42,0.125
glm:glm-5,fake_rejections,0.75,0.85,max-position,23,2,0.0,0.0,0.0,0.21888896344969688,-0.0017097444402845996,42,0.125
glm:glm-5,fake_rejections,0.75,0.85,max-position,24,0,0.0,0.0,0.0,0.19902603287366838,-0.0005173947958141412,41,0.14583333333333334
glm:glm-5,fake_rejections,0.75,0.85,max-position,24,1,0.0,0.0,0.0,0.1701727702368605,-0.0010384024924932067,40,0.1875
glm:glm-5,fake_rejections,0.75,0.85,max-position,24,2,0.0,0.0,0.0,0.19902603287366838,-0.0005173947958141412,41,0.14583333333333334
glm:glm-5,fake_rejections,0.75,0.85,max-position,25,0,0.0,0.0,0.0,0.13452631475621346,-0.004623194494786431,38,0.22916666666666666
glm:glm-5,fake_rejections,0.75,0.85,max-position,25,1,0.0,0.0,0.0,0.16357348354993317,-0.004623194494786431,39,0.22916666666666666
glm:glm-5,fake_rejections,0.75,0.85,max-position,25,2,0.0,0.0,0.0,0.14890638482677043,-0.004623194494786431,39,0.22916666666666666
glm:glm-5,fake_rejections,0.75,0.85,max-position,26,0,0.0,0.0,0.0,0.20884907747167247,-0.009162633472594939,42,0.14583333333333334
glm:glm-5,fake_rejections,0.75,0.85,max-position,26,1,0.0,0.0,0.0,0.20884907747167247,-0.009162633472594939,42,0.14583333333333334
glm:glm-5,fake_rejections,0.75,0.85,max-position,26,2,0.0,0.0,0.0,0.19933740312981696,-0.009162633472594939,40,0.20833333333333334
glm:glm-5,fake_rejections,0.75,0.85,max-position,27,0,0.0,0.0,0.0,0.17607445429333857,-0.003894469845325488,39,0.1875
glm:glm-5,fake_rejections,0.75,0.85,max-position,27,1,0.0,0.0,0.0,0.1882431682783765,-0.003894469845325488,41,0.14583333333333334
glm:glm-5,fake_rejections,0.75,0.85,max-position,27,2,0.0,0.0,0.0,0.18946861262312242,-0.003894469845325488,39,0.125
glm:glm-5,fake_rejections,0.75,0.85,max-position,28,0,0.0,0.0,0.0,0.20900532159489926,-0.004675333975281415,41,0.1875
glm:glm-5,fake_rejections,0.75,0.85,max-position,28,1,0.0,0.0,0.0,0.21401064139667314,-0.004675333975281415,42,0.16666666666666666
glm:glm-5,fake_rejections,0.75,0.85,max-position,28,2,0.0,0.0,0.0,0.21161967410561577,-0.004675333975281415,42,0.14583333333333334
glm:glm-5,fake_rejections,0.75,0.85,max-position,29,0,0.0,0.0,0.0,0.19875610196774685,-0.003928296660507868,42,0.16666666666666666
glm:glm-5,fake_rejections,0.75,0.85,max-position,29,1,0.0,0.0,0.0,0.17472779529303306,-0.002944057698044067,41,0.20833333333333334
glm:glm-5,fake_rejections,0.75,0.85,max-position,29,2,0.0,0.0,0.0,0.18242963865040007,-0.002944057698044067,40,0.16666666666666666
glm:glm-5,fake_rejections,0.75,0.85,max-position,30,0,0.0,0.0,0.0,0.16753780911925853,-0.004277095503313233,38,0.1875
glm:glm-5,fake_rejections,0.75,0.85,max-position,30,1,0.0,0.0,0.0,0.16152691698156074,-0.003827873840092977,38,0.1875
glm:glm-5,fake_rejections,0.75,0.85,max-position,30,2,0.0,0.0,0.0,0.16152691698156074,-0.003827873840092977,38,0.1875
glm:glm-5,fake_violations,0.0,0.85,max-position,11,0,0.0,0.0,0.0,0.22935883024582093,-0.0010241671781329176,42,0.08333333333333333
glm:glm-5,fake_violations,0.0,0.85,max-position,11,1,0.0,0.0,0.0,0.22935883024582093,-0.0010241671781329176,42,0.08333333333333333
glm:glm-5,fake_violations,0.0,0.85,max-position,11,2,0.0,0.0,0.0,0.22935883024582093,-0.0010241671781329176,42,0.08333333333333333
glm:glm-5,fake_violations,0.0,0.85,max-position,12,0,0.0,0.0,0.0,0.16199222565009208,-0.003157260235428838,39,0.20833333333333334
glm:glm-5,fake_violations,0.0,0.85,max-position,12,1,0.0,0.0,0.0,0.2056003114317111,-0.0004823037095740279,42,0.1875
glm:glm-5,fake_violations,0.0,0.85,max-position,12,2,0.0,0.0,0.0,0.2056003114317111,-0.0004823037095740279,42,0.1875
glm:glm-5,fake_violations,0.0,0.85,max-position,13,0,0.0,0.0,0.0,0.17636102278118204,-0.0004173808739843521,39,0.14583333333333334
glm:glm-5,fake_violations,0.0,0.85,max-position,13,1,0.0,0.0,0.0,0.18290163989413277,-0.0004173808739843521,38,0.16666666666666666
glm:glm-5,fake_violations,0.0,0.85,max-position,13,2,0.0,0.0,0.0,0.190019930789749,-0.0004173808739843521,39,0.14583333333333334
glm:glm-5,fake_violations,0.0,0.85,max-position,14,0,0.0,0.0,0.0,0.21891694254700278,-0.0019726999805178558,43,0.16666666666666666
glm:glm-5,fake_violations,0.0,0.85,max-position,14,1,0.0,0.0,0.0,0.21792686738688305,-0.0019418155041871499,44,0.125
glm:glm-5,fake_violations,0.0,0.85,max-position,14,2,0.0,0.0,0.0,0.2184592160577532,-0.0012896451893498195,44,0.125
glm:glm-5,fake_violations,0.0,0.85,max-position,15,0,0.0,0.0,0.0,0.22210800255442154,-0.0006893726828431923,37,0.1875
glm:glm-5,fake_violations,0.0,0.85,max-position,15,1,0.0,0.0,0.0,0.235134422621204,-0.0006893726828431923,39,0.14583333333333334
glm:glm-5,fake_violations,0.0,0.85,max-position,15,2,0.0,0.0,0.0,0.22210800255442154,-0.0006893726828431923,37,0.1875
glm:glm-5,fake_violations,0.0,0.85,max-position,16,0,0.0,0.0,0.0,0.189310965237387,-0.0016286290485323374,40,0.08333333333333333
glm:glm-5,fake_violations,0.0,0.85,max-position,16,1,0.0,0.0,0.0,0.189554039630482,-0.0011769314021002897,39,0.16666666666666666
glm:glm-5,fake_violations,0.0,0.85,max-position,16,2,0.0,0.0,0.0,0.19001031506854127,-0.0011769314021002897,40,0.125
glm:glm-5,fake_violations,0.0,0.85,max-position,17,0,0.0,0.0,0.0,0.16194507250263013,-0.0013614539909764245,43,0.20833333333333334
glm:glm-5,fake_violations,0.0,0.85,max-position,17,1,0.0,0.0,0.0,0.16507979109306725,-0.00535776827103307,40,0.16666666666666666
glm:glm-5,fake_violations,0.0,0.85,max-position,17,2,0.0,0.0,0.0,0.17200034471231307,-0.004849200666457665,44,0.16666666666666666
glm:glm-5,fake_violations,0.0,0.85,max-position,18,0,0.0,0.0,0.0,0.13531648643606187,-0.006775739402173797,42,0.14583333333333334
glm:glm-5,fake_violations,0.0,0.85,max-position,18,1,0.0,0.0,0.0,0.14034612976505323,-0.006775739402173797,41,0.14583333333333334
glm:glm-5,fake_violations,0.0,0.85,max-position,18,2,0.0,0.0,0.0,0.14034612976505323,-0.006775739402173797,41,0.14583333333333334
glm:glm-5,fake_violations,0.0,0.85,max-position,19,0,0.0,0.0,0.0,0.13831276654272373,-0.0033273566711385927,40,0.22916666666666666
glm:glm-5,fake_violations,0.0,0.85,max-position,19,1,0.0,0.0,0.0,0.13831276654272373,-0.0033273566711385927,40,0.22916666666666666
glm:glm-5,fake_violations,0.0,0.85,max-position,19,2,0.0,0.0,0.0,0.13434995442653297,-0.0033273566711385927,37,0.25
glm:glm-5,fake_violations,0.0,0.85,max-position,20,0,0.0,0.0,0.0,0.19969162258467876,-0.004307264193035731,45,0.1875
glm:glm-5,fake_violations,0.0,0.85,max-position,20,1,0.0,0.0,0.0,0.19743360298086743,-0.004316202385672763,44,0.16666666666666666
glm:glm-5,fake_violations,0.0,0.85,max-position,20,2,0.0,0.0,0.0,0.19693376942806173,-0.0043784640824294785,45,0.14583333333333334
glm:glm-5,fake_violations,0.0,0.85,max-position,21,0,0.0,0.0,0.0,0.21370940558905893,-0.0014578504542291926,43,0.14583333333333334
glm:glm-5,fake_violations,0.0,0.85,max-position,21,1,0.0,0.0,0.0,0.20977222540813778,-0.0014578504542291926,43,0.14583333333333334
glm:glm-5,fake_violations,0.0,0.85,max-position,21,2,0.0,0.0,0.0,0.19022095102307124,-0.0014578504542291926,44,0.20833333333333334
glm:glm-5,fake_violations,0.0,0.85,max-position,22,0,0.0,0.0,0.0,0.14537735170410748,-0.001614155786207716,41,0.14583333333333334
glm:glm-5,fake_violations,0.0,0.85,max-position,22,1,0.0,0.0,0.0,0.14537735170410748,-0.001614155786207716,41,0.14583333333333334
glm:glm-5,fake_violations,0.0,0.85,max-position,22,2,0.0,0.0,0.0,0.14537735170410748,-0.001614155786207716,41,0.14583333333333334
glm:glm-5,fake_violations,0.0,0.85,max-position,23,0,0.0,0.0,0.0,0.22734083837211738,-0.0017097444402845996,42,0.125
glm:glm-5,fake_violations,0.0,0.85,max-position,23,1,0.0,0.0,0.0,0.22734083837211738,-0.0017097444402845996,42,0.125
glm:glm-5,fake_violations,0.0,0.85,max-position,23,2,0.0,0.0,0.0,0.22106109530202134,-0.0017097444402845996,42,0.125
glm:glm-5,fake_violations,0.0,0.85,max-position,24,0,0.0,0.0,0.0,0.16963766564789085,-0.0013485274658354696,41,0.1875
glm:glm-5,fake_violations,0.0,0.85,max-position,24,1,0.0,0.0,0.0,0.19208832737544546,-0.0005173947958141412,42,0.125
glm:glm-5,fake_violations,0.0,0.85,max-position,24,2,0.0,0.0,0.0,0.19123422984253535,-0.0005173947958141412,42,0.14583333333333334
glm:glm-5,fake_violations,0.0,0.85,max-position,25,0,0.0,0.0,0.0,0.16284286596122177,-0.004545098226585109,40,0.1875
glm:glm-5,fake_violations,0.0,0.85,max-position,25,1,0.0,0.0,0.0,0.17823559561626623,-0.004545098226585109,39,0.20833333333333334
glm:glm-5,fake_violations,0.0,0.85,max-position,25,2,0.0,0.0,0.0,0.17532583140964686,-0.004623194494786431,40,0.20833333333333334
glm:glm-5,fake_violations,0.0,0.85,max-position,26,0,0.0,0.0,0.0,0.17544439445869875,-0.009162633472594939,42,0.1875
glm:glm-5,fake_violations,0.0,0.85,max-position,26,1,0.0,0.0,0.0,0.2094337213209898,-0.009162633472594939,40,0.16666666666666666
glm:glm-5,fake_violations,0.0,0.85,max-position,26,2,0.0,0.0,0.0,0.17544439445869875,-0.009162633472594939,42,0.16666666666666666
glm:glm-5,fake_violations,0.0,0.85,max-position,27,0,0.0,0.0,0.0,0.16163648068022352,-0.003894469845325488,39,0.16666666666666666
glm:glm-5,fake_violations,0.0,0.85,max-position,27,1,0.0,0.0,0.0,0.15801322655791328,-0.003894469845325488,38,0.14583333333333334
glm:glm-5,fake_violations,0.0,0.85,max-position,27,2,0.0,0.0,0.0,0.1815656331644313,-0.003894469845325488,39,0.14583333333333334
glm:glm-5,fake_violations,0.0,0.85,max-position,28,0,0.0,0.0,0.0,0.21401064139667314,-0.004675333975281415,42,0.14583333333333334
glm:glm-5,fake_violations,0.0,0.85,max-position,28,1,0.0,0.0,0.0,0.21068922920899769,-0.004675333975281415,43,0.14583333333333334
glm:glm-5,fake_violations,0.0,0.85,max-position,28,2,0.0,0.0,0.0,0.20839450667857862,-0.004675333975281415,43,0.14583333333333334
glm:glm-5,fake_violations,0.0,0.85,max-position,29,0,0.0,0.0,0.0,0.182108328022073,-0.002944057698044067,39,0.1875
glm:glm-5,fake_violations,0.0,0.85,max-position,29,1,0.0,0.0,0.0,0.18264469550951623,-0.0029493810583348656,41,0.16666666666666666
glm:glm-5,fake_violations,0.0,0.85,max-position,29,2,0.0,0.0,0.0,0.18264469550951623,-0.0029493810583348656,41,0.14583333333333334
glm:glm-5,fake_violations,0.0,0.85,max-position,30,0,0.0,0.0,0.0,0.1685098940890959,-0.0036625775170957553,40,0.16666666666666666
glm:glm-5,fake_violations,0.0,0.85,max-position,30,1,0.0,0.0,0.0,0.1685098940890959,-0.0036625775170957553,40,0.16666666666666666
glm:glm-5,fake_violations,0.0,0.85,max-position,30,2,0.0,0.0,0.0,0.16828616550418785,-0.0036625775170957553,40,0.14583333333333334
glm:glm-5,fake_violations,0.75,0.85,max-position,11,0,0.0,0.0,0.0,0.23089418264396167,-0.0010241671781329176,42,0.08333333333333333
glm:glm-5,fake_violations,0.75,0.85,max-position,11,1,0.0,0.0,0.0,0.23785942032985052,-0.0039209975154169685,42,0.125
glm:glm-5,fake_violations,0.75,0.85,max-position,11,2,0.0,0.0,0.0,0.22962272971492204,-0.0018463216157307283,43,0.10416666666666667
glm:glm-5,fake_violations,0.75,0.85,max-position,12,0,0.0,0.0,0.0,0.21504090523121389,-0.0004823037095740279,41,0.16666666666666666
glm:glm-5,fake_violations,0.75,0.85,max-position,12,1,0.0,0.0,0.0,0.21504090523121389,-0.0004823037095740279,41,0.16666666666666666
glm:glm-5,fake_violations,0.75,0.85,max-position,12,2,0.0,0.0,0.0,0.21504090523121389,-0.0004823037095740279,41,0.1875
glm:glm-5,fake_violations,0.75,0.85,max-position,13,0,0.0,0.0,0.0,0.1751954591999496,-0.0004173808739843521,39,0.16666666666666666
glm:glm-5,fake_violations,0.75,0.85,max-position,13,1,0.0,0.0,0.0,0.1751954591999496,-0.0004173808739843521,39,0.16666666666666666
glm:glm-5,fake_violations,0.75,0.85,max-position,13,2,0.0,0.0,0.0,0.16452130035306878,-0.0007410693088627518,37,0.25
glm:glm-5,fake_violations,0.75,0.85,max-position,14,0,0.0,0.0,0.0,0.21104318262731447,-0.0023726584836121223,42,0.14583333333333334
glm:glm-5,fake_violations,0.75,0.85,max-position,14,1,0.0,0.0,0.0,0.20917834256388335,-0.001888698256308663,42,0.125
glm:glm-5,fake_violations,0.75,0.85,max-position,14,2,0.0,0.0,0.0,0.21865557551463088,-0.002467760309542988,42,0.1875
glm:glm-5,fake_violations,0.75,0.85,max-position,15,0,0.0,0.0,0.0,0.2130406106309486,-0.0006893726828431923,37,0.22916666666666666
glm:glm-5,fake_violations,0.75,0.85,max-position,15,1,0.0,0.0,0.0,0.2130406106309486,-0.0006893726828431923,37,0.1875
glm:glm-5,fake_violations,0.75,0.85,max-position,15,2,0.0,0.0,0.0,0.2130406106309486,-0.0006893726828431923,37,0.1875
glm:glm-5,fake_violations,0.75,0.85,max-position,16,0,0.0,0.0,0.0,0.2026857898084078,-0.0016286290485323374,42,0.10416666666666667
glm:glm-5,fake_violations,0.75,0.85,max-position,16,1,0.0,0.0,0.0,0.18183795559408567,-0.0011769314021002897,40,0.14583333333333334
glm:glm-5,fake_violations,0.75,0.85,max-position,16,2,0.0,0.0,0.0,0.18472582938524207,-0.0013172562405523447,42,0.125
glm:glm-5,fake_violations,0.75,0.85,max-position,17,0,0.0,0.0,0.0,0.16872567673703687,-0.005186891470115085,43,0.20833333333333334
glm:glm-5,fake_violations,0.75,0.85,max-position,17,1,0.0,0.0,0.0,0.166784789997797,-0.005194144047355964,43,0.16666666666666666
glm:glm-5,fake_violations,0.75,0.85,max-position,17,2,0.0,0.0,0.0,0.16924919163968477,-0.005205938351489303,44,0.1875
glm:glm-5,fake_violations,0.75,0.85,max-position,18,0,0.0,0.0,0.0,0.14640057468265422,-0.006775739402173797,39,0.16666666666666666
glm:glm-5,fake_violations,0.75,0.85,max-position,18,1,0.0,0.0,0.0,0.1419396058722131,-0.005173661279592179,41,0.14583333333333334
glm:glm-5,fake_violations,0.75,0.85,max-position,18,2,0.0,0.0,0.0,0.13253458943446272,-0.005173661279592179,41,0.16666666666666666
glm:glm-5,fake_violations,0.75,0.85,max-position,19,0,0.0,0.0,0.0,0.14664564533459168,-0.0033273566711385927,41,0.25
glm:glm-5,fake_violations,0.75,0.85,max-position,19,1,0.0,0.0,0.0,0.14664564533459168,-0.0033273566711385927,41,0.25
glm:glm-5,fake_violations,0.75,0.85,max-position,19,2,0.0,0.0,0.0,0.14664564533459168,-0.0033273566711385927,41,0.25
glm:glm-5,fake_violations,0.75,0.85,max-position,20,0,0.0,0.0,0.0,0.19969162258467876,-0.004307264193035731,45,0.16666666666666666
glm:glm-5,fake_violations,0.75,0.85,max-position,20,1,0.0,0.0,0.0,0.1983202323836155,-0.004303317264722328,45,0.1875
glm:glm-5,fake_violations,0.75,0.85,max-position,20,2,0.0,0.0,0.0,0.16521007169009527,-0.0015215793427533209,44,0.16666666666666666
glm:glm-5,fake_violations,0.75,0.85,max-position,21,0,0.0,0.0,0.0,0.18989326883888458,-0.0014578504542291926,42,0.16666666666666666
glm:glm-5,fake_violations,0.75,0.85,max-position,21,1,0.0,0.0,0.0,0.19741875042059953,-0.0014578504542291926,41,0.1875
glm:glm-5,fake_violations,0.75,0.85,max-position,21,2,0.0,0.0,0.0,0.21779637563743393,-0.0014578504542291926,43,0.125
glm:glm-5,fake_violations,0.75,0.85,max-position,22,0,0.0,0.0,0.0,0.1398841965653066,-0.001614155786207716,41,0.16666666666666666
glm:glm-5,fake_violations,0.75,0.85,max-position,22,1,0.0,0.0,0.0,0.12592509821789477,-0.0019188101945124547,39,0.20833333333333334
glm:glm-5,fake_violations,0.75,0.85,max-position,22,2,0.0,0.0,0.0,0.14537735170410748,-0.001614155786207716,41,0.14583333333333334
glm:glm-5,fake_violations,0.75,0.85,max-position,23,0,0.0,0.0,0.0,0.22804193535318418,-0.0017097444402845996,42,0.10416666666666667
glm:glm-5,fake_violations,0.75,0.85,max-position,23,1,0.0,0.0,0.0,0.22804193535318418,-0.0017097444402845996,42,0.10416666666666667
glm:glm-5,fake_violations,0.75,0.85,max-position,23,2,0.0,0.0,0.0,0.21888896344969688,-0.0017097444402845996,42,0.125
glm:glm-5,fake_violations,0.75,0.85,max-position,24,0,0.0,0.0,0.0,0.16972623484075333,-0.0013485274658354696,41,0.20833333333333334
glm:glm-5,fake_violations,0.75,0.85,max-position,24,1,0.0,0.0,0.0,0.18990932396632076,-0.0005173947958141412,39,0.16666666666666666
glm:glm-5,fake_violations,0.75,0.85,max-position,24,2,0.0,0.0,0.0,0.16963766564789085,-0.0013485274658354696,41,0.20833333333333334
glm:glm-5,fake_violations,0.75,0.85,max-position,25,0,0.0,0.0,0.0,0.15738488403165252,-0.009252834956192446,40,0.16666666666666666
glm:glm-5,fake_violations,0.75,0.85,max-position,25,1,0.0,0.0,0.0,0.15236320004006876,-0.004369285999781036,38,0.20833333333333334
glm:glm-5,fake_violations,0.75,0.85,max-position,25,2,0.0,0.0,0.0,0.14455089188864312,-0.009252834956192446,39,0.1875
glm:glm-5,fake_violations,0.75,0.85,max-position,26,0,0.0,0.0,0.0,0.19727567575995608,-0.009162633472594939,40,0.1875
glm:glm-5,fake_violations,0.75,0.85,max-position,26,1,0.0,0.0,0.0,0.20814560493491485,-0.009181675839519343,39,0.20833333333333334
glm:glm-5,fake_violations,0.75,0.85,max-position,26,2,0.0,0.0,0.0,0.17544439445869875,-0.009162633472594939,42,0.16666666666666666
glm:glm-5,fake_violations,0.75,0.85,max-position,27,0,0.0,0.0,0.0,0.18946861262312242,-0.003894469845325488,39,0.125
glm:glm-5,fake_violations,0.75,0.85,max-position,27,1,0.0,0.0,0.0,0.17607445429333857,-0.003894469845325488,39,0.16666666666666666
glm:glm-5,fake_violations,0.75,0.85,max-position,27,2,0.0,0.0,0.0,0.18946861262312242,-0.003894469845325488,39,0.125
glm:glm-5,fake_violations,0.75,0.85,max-position,28,0,0.0,0.0,0.0,0.20884857108023946,-0.005277868995431367,43,0.125
glm:glm-5,fake_violations,0.75,0.85,max-position,28,1,0.0,0.0,0.0,0.21401064139667314,-0.004675333975281415,42,0.14583333333333334
glm:glm-5,fake_violations,0.75,0.85,max-position,28,2,0.0,0.0,0.0,0.20931509591711883,-0.004675333975281415,43,0.14583333333333334
glm:glm-5,fake_violations,0.75,0.85,max-position,29,0,0.0,0.0,0.0,0.18644513043711886,-0.0038665971917989372,42,0.20833333333333334
glm:glm-5,fake_violations,0.75,0.85,max-position,29,1,0.0,0.0,0.0,0.17284324623683345,-0.0029493810583348656,41,0.1875
glm:glm-5,fake_violations,0.75,0.85,max-position,29,2,0.0,0.0,0.0,0.1737337026090271,-0.002944057698044067,39,0.20833333333333334
glm:glm-5,fake_violations,0.75,0.85,max-position,30,0,0.0,0.0,0.0,0.16736402750060608,-0.004091310437588369,39,0.16666666666666666
glm:glm-5,fake_violations,0.75,0.85,max-position,30,1,0.0,0.0,0.0,0.1677226505101943,-0.00413569286553972,39,0.1875
glm:glm-5,fake_violations,0.75,0.85,max-position,30,2,0.0,0.0,0.0,0.1685098940890959,-0.0036625775170957553,40,0.16666666666666666
glm:glm-5,fake_rejections,0.0,0.85,none,11,0,0.0,0.0,0.0,0.3918268509265814,-0.002373406324670535,21,0.08333333333333333
glm:glm-5,fake_rejections,0.0,0.85,none,11,1,0.0,0.0,0.0,0.390955895565714,-0.002373406324670535,22,0.08333333333333333
glm:glm-5,fake_rejections,0.0,0.85,none,11,2,0.0,0.0,0.0,0.3668656500011287,-0.002373406324670535,22,0.08333333333333333
glm:glm-5,fake_rejections,0.0,0.85,none,12,0,0.0,0.0,0.0,0.3193445661693721,-0.001134987415517541,24,0.1875
glm:glm-5,fake_rejections,0.0,0.85,none,12,1,0.0,0.0,0.0,0.27591260104082194,-0.001134987415517541,31,0.25
glm:glm-5,fake_rejections,0.0,0.85,none,12,2,0.0,0.0,0.0,0.3309321633700648,-0.001134987415517541,28,0.1875
glm:glm-5,fake_rejections,0.0,0.85,none,13,0,0.0,0.0,0.0,0.29948908815636655,-0.0010074420483781044,16,0.14583333333333334
glm:glm-5,fake_rejections,0.0,0.85,none,13,1,0.0,0.0,0.0,0.29745519092174066,-0.0010074420483781044,17,0.14583333333333334
glm:glm-5,fake_rejections,0.0,0.85,none,13,2,0.0,0.0,0.0,0.2679189112476912,-0.003925621611188812,20,0.16666666666666666
glm:glm-5,fake_rejections,0.0,0.85,none,14,0,0.0,0.0,0.0,0.27903425109130553,-0.0015152768394963712,26,0.14583333333333334
glm:glm-5,fake_rejections,0.0,0.85,none,14,1,0.0,0.0,0.0,0.3136889591550074,-0.0015152768394963712,15,0.125
glm:glm-5,fake_rejections,0.0,0.85,none,14,2,0.0,0.0,0.0,0.2788559547631957,-0.0015152768394963712,27,0.14583333333333334
glm:glm-5,fake_rejections,0.0,0.85,none,15,0,0.0,0.0,0.0,0.39399289480377253,-0.002944990248791912,21,0.16666666666666666
glm:glm-5,fake_rejections,0.0,0.85,none,15,1,0.0,0.0,0.0,0.3489174531424424,-0.00336923417019519,18,0.14583333333333334
glm:glm-5,fake_rejections,0.0,0.85,none,15,2,0.0,0.0,0.0,0.3616942133287635,-0.002941500635962213,20,0.1875
glm:glm-5,fake_rejections,0.0,0.85,none,16,0,0.0,0.0,0.0,0.34922404078664715,-0.0023074886381838633,16,0.10416666666666667
glm:glm-5,fake_rejections,0.0,0.85,none,16,1,0.0,0.0,0.0,0.32474347694319494,-0.002721349048128041,26,0.125
glm:glm-5,fake_rejections,0.0,0.85,none,16,2,0.0,0.0,0.0,0.3175601819157787,-0.002721349048128041,24,0.125
glm:glm-5,fake_rejections,0.0,0.85,none,17,0,0.0,0.0,0.0,0.2095898760342545,-0.006397796623204166,32,0.16666666666666666
glm:glm-5,fake_rejections,0.0,0.85,none,17,1,0.0,0.0,0.0,0.19292812937245918,-0.006748606433316873,27,0.16666666666666666
glm:glm-5,fake_rejections,0.0,0.85,none,17,2,0.0,0.0,0.0,0.1931927690368782,-0.009077254021275905,24,0.16666666666666666
glm:glm-5,fake_rejections,0.0,0.85,none,18,0,0.0,0.0,0.0,0.27548940048093806,-0.00512365066103726,28,0.125
glm:glm-5,fake_rejections,0.0,0.85,none,18,1,0.0,0.0,0.0,0.2375384552894011,-0.00512365066103726,34,0.14583333333333334
glm:glm-5,fake_rejections,0.0,0.85,none,18,2,0.0,0.0,0.0,0.20155642700129595,-0.00512365066103726,37,0.1875
glm:glm-5,fake_rejections,0.0,0.85,none,19,0,0.0,0.0,0.0,0.2375379508276032,-0.005971912027506021,25,0.25
glm:glm-5,fake_rejections,0.0,0.85,none,19,1,0.0,0.0,0.0,0.2172602083068682,-0.005971912027506021,28,0.25
glm:glm-5,fake_rejections,0.0,0.85,none,19,2,0.0,0.0,0.0,0.2174109496958201,-0.005971912027506021,28,0.25
glm:glm-5,fake_rejections,0.0,0.85,none,20,0,0.0,0.0,0.0,0.30437926828566453,-0.0027267188126602893,30,0.125
glm:glm-5,fake_rejections,0.0,0.85,none,20,1,0.0,0.0,0.0,0.3262970703267656,-0.0016570318361081027,23,0.125
glm:glm-5,fake_rejections,0.0,0.85,none,20,2,0.0,0.0,0.0,0.33147951784118246,-0.0016570318361081027,26,0.125
glm:glm-5,fake_rejections,0.0,0.85,none,21,0,0.0,0.0,0.0,0.2932554367816145,-0.00251929741735335,31,0.125
glm:glm-5,fake_rejections,0.0,0.85,none,21,1,0.0,0.0,0.0,0.28924432034412817,-0.0028117699122399697,25,0.125
glm:glm-5,fake_rejections,0.0,0.85,none,21,2,0.0,0.0,0.0,0.2899005015931586,-0.0028117699122399697,31,0.14583333333333334
glm:glm-5,fake_rejections,0.0,0.85,none,22,0,0.0,0.0,0.0,0.2178626124318621,-0.008751342082765401,26,0.14583333333333334
glm:glm-5,fake_rejections,0.0,0.85,none,22,1,0.0,0.0,0.0,0.22006539679783055,-0.008751342082765401,22,0.125
glm:glm-5,fake_rejections,0.0,0.85,none,22,2,0.0,0.0,0.0,0.20548606723993523,-0.008751342082765401,30,0.16666666666666666
glm:glm-5,fake_rejections,0.0,0.85,none,23,0,0.0,0.0,0.0,0.3220294863292499,-0.010251034184135088,21,0.08333333333333333
glm:glm-5,fake_rejections,0.0,0.85,none,23,1,0.0,0.0,0.0,0.3122538248763129,-0.010474472020001069,23,0.125
glm:glm-5,fake_rejections,0.0,0.85,none,23,2,0.0,0.0,0.0,0.31183962201293536,-0.010251020652909504,20,0.10416666666666667
glm:glm-5,fake_rejections,0.0,0.85,none,24,0,0.0,0.0,0.0,0.35777603239067535,-0.0012085522337648147,14,0.125
glm:glm-5,fake_rejections,0.0,0.85,none,24,1,0.0,0.0,0.0,0.35805645111477036,-0.0012085522337648147,16,0.10416666666666667
glm:glm-5,fake_rejections,0.0,0.85,none,24,2,0.0,0.0,0.0,0.30093610688958394,-0.0012085522337648147,29,0.16666666666666666
glm:glm-5,fake_rejections,0.0,0.85,none,25,0,0.0,0.0,0.0,0.23785085573846532,-0.008809897478925466,25,0.20833333333333334
glm:glm-5,fake_rejections,0.0,0.85,none,25,1,0.0,0.0,0.0,0.24566477653977503,-0.014567507296171955,25,0.16666666666666666
glm:glm-5,fake_rejections,0.0,0.85,none,25,2,0.0,0.0,0.0,0.22474538528979426,-0.014567507296171733,29,0.2708333333333333
glm:glm-5,fake_rejections,0.0,0.85,none,26,0,0.0,0.0,0.0,0.2945653760599787,-0.01664923967531229,26,0.1875
glm:glm-5,fake_rejections,0.0,0.85,none,26,1,0.0,0.0,0.0,0.23356265309655355,-0.01664923967531229,36,0.22916666666666666
glm:glm-5,fake_rejections,0.0,0.85,none,26,2,0.0,0.0,0.0,0.22366582248471611,-0.01664923967531229,32,0.22916666666666666
glm:glm-5,fake_rejections,0.0,0.85,none,27,0,0.0,0.0,0.0,0.2717759371126869,-0.005882957098599095,21,0.16666666666666666
glm:glm-5,fake_rejections,0.0,0.85,none,27,1,0.0,0.0,0.0,0.30519590360272875,-0.005566097125618508,21,0.125
glm:glm-5,fake_rejections,0.0,0.85,none,27,2,0.0,0.0,0.0,0.2654622830108633,-0.005566097125618508,28,0.1875
glm:glm-5,fake_rejections,0.0,0.85,none,28,0,0.0,0.0,0.0,0.335123270465681,-0.006184299091205769,17,0.125
glm:glm-5,fake_rejections,0.0,0.85,none,28,1,0.0,0.0,0.0,0.3381478973791481,-0.006184299091205769,17,0.125
glm:glm-5,fake_rejections,0.0,0.85,none,28,2,0.0,0.0,0.0,0.335123270465681,-0.006184299091205769,17,0.125
glm:glm-5,fake_rejections,0.0,0.85,none,29,0,0.0,0.0,0.0,0.2793249049290858,-0.003123043217588717,20,0.20833333333333334
glm:glm-5,fake_rejections,0.0,0.85,none,29,1,0.0,0.0,0.0,0.2903042756490479,-0.003123043217588717,19,0.1875
glm:glm-5,fake_rejections,0.0,0.85,none,29,2,0.0,0.0,0.0,0.26961571850126687,-0.005652209553761778,22,0.1875
glm:glm-5,fake_rejections,0.0,0.85,none,30,0,0.0,0.0,0.0,0.24812475165959036,-0.0050213871726886294,31,0.1875
glm:glm-5,fake_rejections,0.0,0.85,none,30,1,0.0,0.0,0.0,0.2772472743993153,-0.0015762868417998899,27,0.14583333333333334
glm:glm-5,fake_rejections,0.0,0.85,none,30,2,0.0,0.0,0.0,0.291483353878196,-0.001613554164490938,28,0.14583333333333334
glm:glm-5,fake_rejections,0.75,0.85,none,11,0,0.0,0.0,0.0,0.366860000185258,-0.002373406324670535,24,0.10416666666666667
glm:glm-5,fake_rejections,0.75,0.85,none,11,1,0.0,0.0,0.0,0.38321429166024723,-0.002373406324670535,23,0.10416666666666667
glm:glm-5,fake_rejections,0.75,0.85,none,11,2,0.0,0.0,0.0,0.3919489686122888,-0.002373406324670535,20,0.10416666666666667
glm:glm-5,fake_rejections,0.75,0.85,none,12,0,0.0,0.0,0.0,0.3293650450882155,-0.001134987415517541,16,0.16666666666666666
glm:glm-5,fake_rejections,0.75,0.85,none,12,1,0.0,0.0,0.0,0.3378709889954319,-0.001134987415517541,18,0.1875
glm:glm-5,fake_rejections,0.75,0.85,none,12,2,0.0,0.0,0.0,0.3333560092339618,-0.001134987415517541,28,0.1875
glm:glm-5,fake_rejections,0.75,0.85,none,13,0,0.0,0.0,0.0,0.270414864136292,-0.0039897609888710495,18,0.14583333333333334
glm:glm-5,fake_rejections,0.75,0.85,none,13,1,0.0,0.0,0.0,0.2825060354560649,-0.0010074420483781044,17,0.16666666666666666
glm:glm-5,fake_rejections,0.75,0.85,none,13,2,0.0,0.0,0.0,0.29572288305223027,-0.0010074420483781044,21,0.125
glm:glm-5,fake_rejections,0.75,0.85,none,14,0,0.0,0.0,0.0,0.31787570368266005,-0.0015152768394963712,17,0.10416666666666667
glm:glm-5,fake_rejections,0.75,0.85,none,14,1,0.0,0.0,0.0,0.2767933163162468,-0.0015152768394963712,22,0.14583333333333334
glm:glm-5,fake_rejections,0.75,0.85,none,14,2,0.0,0.0,0.0,0.27422045454383515,-0.0015152768394963712,23,0.14583333333333334
glm:glm-5,fake_rejections,0.75,0.85,none,15,0,0.0,0.0,0.0,0.3633231429903707,-0.002944990248791912,24,0.20833333333333334
glm:glm-5,fake_rejections,0.75,0.85,none,15,1,0.0,0.0,0.0,0.34298863202084373,-0.003850010387294267,21,0.14583333333333334
glm:glm-5,fake_rejections,0.75,0.85,none,15,2,0.0,0.0,0.0,0.364307454911142,-0.002945730776304556,19,0.16666666666666666
glm:glm-5,fake_rejections,0.75,0.85,none,16,0,0.0,0.0,0.0,0.3352905600354137,-0.0023074886381838633,21,0.14583333333333334
glm:glm-5,fake_rejections,0.75,0.85,none,16,1,0.0,0.0,0.0,0.32875587384527627,-0.002721349048128041,19,0.20833333333333334
glm:glm-5,fake_rejections,0.75,0.85,none,16,2,0.0,0.0,0.0,0.320368579788878,-0.002721349048128041,20,0.14583333333333334
glm:glm-5,fake_rejections,0.75,0.85,none,17,0,0.0,0.0,0.0,0.18831198036226215,-0.006712875954473119,36,0.14583333333333334
glm:glm-5,fake_rejections,0.75,0.85,none,17,1,0.0,0.0,0.0,0.1952417222479237,-0.006803418848996379,21,0.16666666666666666
glm:glm-5,fake_rejections,0.75,0.85,none,17,2,0.0,0.0,0.0,0.19024189794062618,-0.006755875053609861,31,0.14583333333333334
glm:glm-5,fake_rejections,0.75,0.85,none,18,0,0.0,0.0,0.0,0.19940602073728653,-0.00512365066103726,36,0.1875
glm:glm-5,fake_rejections,0.75,0.85,none,18,1,0.0,0.0,0.0,0.26437762745457016,-0.005123647857534164,25,0.125
glm:glm-5,fake_rejections,0.75,0.85,none,18,2,0.0,0.0,0.0,0.26348973898330597,-0.00512365066103726,34,0.125
glm:glm-5,fake_rejections,0.75,0.85,none,19,0,0.0,0.0,0.0,0.21384342515834853,-0.005971912027506021,31,0.22916666666666666
glm:glm-5,fake_rejections,0.75,0.85,none,19,1,0.0,0.0,0.0,0.20848982827973894,-0.005971912027506021,31,0.22916666666666666
glm:glm-5,fake_rejections,0.75,0.85,none,19,2,0.0,0.0,0.0,0.2286548632209695,-0.005971912027506021,30,0.20833333333333334
glm:glm-5,fake_rejections,0.75,0.85,none,20,0,0.0,0.0,0.0,0.31151030448207195,-0.001570696236177227,23,0.125
glm:glm-5,fake_rejections,0.75,0.85,none,20,1,0.0,0.0,0.0,0.33865257875670385,-0.0016570318361081027,30,0.14583333333333334
glm:glm-5,fake_rejections,0.75,0.85,none,20,2,0.0,0.0,0.0,0.24321556503878794,-0.00991678449840172,33,0.1875
glm:glm-5,fake_rejections,0.75,0.85,none,21,0,0.0,0.0,0.0,0.2818486541466587,-0.006123656571429659,30,0.1875
glm:glm-5,fake_rejections,0.75,0.85,none,21,1,0.0,0.0,0.0,0.30704806495712367,-0.0054806745342733665,16,0.125
glm:glm-5,fake_rejections,0.75,0.85,none,21,2,0.0,0.0,0.0,0.2864885888029891,-0.0061329074604346,28,0.1875
glm:glm-5,fake_rejections,0.75,0.85,none,22,0,0.0,0.0,0.0,0.20393015721293395,-0.009208643363547875,30,0.16666666666666666
glm:glm-5,fake_rejections,0.75,0.85,none,22,1,0.0,0.0,0.0,0.20485917533890108,-0.009208643370548164,23,0.1875
glm:glm-5,fake_rejections,0.75,0.85,none,22,2,0.0,0.0,0.0,0.22128266761786208,-0.008750690011330109,24,0.125
glm:glm-5,fake_rejections,0.75,0.85,none,23,0,0.0,0.0,0.0,0.3129577795054883,-0.010474492316222772,22,0.10416666666666667
glm:glm-5,fake_rejections,0.75,0.85,none,23,1,0.0,0.0,0.0,0.3120480177406988,-0.006338916153718843,21,0.10416666666666667
glm:glm-5,fake_rejections,0.75,0.85,none,23,2,0.0,0.0,0.0,0.3069930849749025,-0.010251020652909504,31,0.125
glm:glm-5,fake_rejections,0.75,0.85,none,24,0,0.0,0.0,0.0,0.3704752303720569,-0.0012085522337648147,17,0.14583333333333334
glm:glm-5,fake_rejections,0.75,0.85,none,24,1,0.0,0.0,0.0,0.3509929560461029,-0.0012085522337648147,19,0.14583333333333334
glm:glm-5,fake_rejections,0.75,0.85,none,24,2,0.0,0.0,0.0,0.3586840331790413,-0.0012085522337648147,19,0.14583333333333334
glm:glm-5,fake_rejections,0.75,0.85,none,25,0,0.0,0.0,0.0,0.2458291151211931,-0.00857808647816749,24,0.20833333333333334
glm:glm-5,fake_rejections,0.75,0.85,none,25,1,0.0,0.0,0.0,0.24643254014637006,-0.008280366671242101,23,0.20833333333333334
glm:glm-5,fake_rejections,0.75,0.85,none,25,2,0.0,0.0,0.0,0.24619662035665169,-0.008280366671242101,23,0.20833333333333334
glm:glm-5,fake_rejections,0.75,0.85,none,26,0,0.0,0.0,0.0,0.2999686753069333,-0.01664923967531229,20,0.14583333333333334
glm:glm-5,fake_rejections,0.75,0.85,none,26,1,0.0,0.0,0.0,0.2380405231281688,-0.01664923967531229,31,0.16666666666666666
glm:glm-5,fake_rejections,0.75,0.85,none,26,2,0.0,0.0,0.0,0.2827701579986397,-0.01664923967531229,21,0.14583333333333334
glm:glm-5,fake_rejections,0.75,0.85,none,27,0,0.0,0.0,0.0,0.2996322142033627,-0.005566097125618508,19,0.125
glm:glm-5,fake_rejections,0.75,0.85,none,27,1,0.0,0.0,0.0,0.2539997989377507,-0.005566097125618508,30,0.16666666666666666
glm:glm-5,fake_rejections,0.75,0.85,none,27,2,0.0,0.0,0.0,0.29851128303295527,-0.005566097125618508,23,0.125
glm:glm-5,fake_rejections,0.75,0.85,none,28,0,0.0,0.0,0.0,0.33485813406622666,-0.006199157428432023,20,0.14583333333333334
glm:glm-5,fake_rejections,0.75,0.85,none,28,1,0.0,0.0,0.0,0.3237592098181685,-0.006184299091205769,22,0.14583333333333334
glm:glm-5,fake_rejections,0.75,0.85,none,28,2,0.0,0.0,0.0,0.3359898398510506,-0.006199157428432023,20,0.16666666666666666
glm:glm-5,fake_rejections,0.75,0.85,none,29,0,0.0,0.0,0.0,0.28036974054134167,-0.003123043217588717,23,0.1875
glm:glm-5,fake_rejections,0.75,0.85,none,29,1,0.0,0.0,0.0,0.26789358207957714,-0.005652209553761889,23,0.20833333333333334
glm:glm-5,fake_rejections,0.75,0.85,none,29,2,0.0,0.0,0.0,0.27789953329310846,-0.003123043217588717,23,0.16666666666666666
glm:glm-5,fake_rejections,0.75,0.85,none,30,0,0.0,0.0,0.0,0.27128157136868514,-0.002657532516881611,30,0.125
glm:glm-5,fake_rejections,0.75,0.85,none,30,1,0.0,0.0,0.0,0.29082185071900524,-0.003081581709031944,27,0.1875
glm:glm-5,fake_rejections,0.75,0.85,none,30,2,0.0,0.0,0.0,0.2715739073357817,-0.0017759940552899423,26,0.16666666666666666
glm:glm-5,fake_violations,0.0,0.85,none,11,0,0.0,0.0,0.0,0.3918268509265814,-0.002373406324670535,21,0.08333333333333333
glm:glm-5,fake_violations,0.0,0.85,none,11,1,0.0,0.0,0.0,0.390955895565714,-0.002373406324670535,22,0.08333333333333333
glm:glm-5,fake_violations,0.0,0.85,none,11,2,0.0,0.0,0.0,0.3668656500011287,-0.002373406324670535,22,0.08333333333333333
glm:glm-5,fake_violations,0.0,0.85,none,12,0,0.0,0.0,0.0,0.3193445661693721,-0.001134987415517541,24,0.1875
glm:glm-5,fake_violations,0.0,0.85,none,12,1,0.0,0.0,0.0,0.27591260104082194,-0.001134987415517541,31,0.25
glm:glm-5,fake_violations,0.0,0.85,none,12,2,0.0,0.0,0.0,0.3309321633700648,-0.001134987415517541,28,0.1875
glm:glm-5,fake_violations,0.0,0.85,none,13,0,0.0,0.0,0.0,0.29948908815636655,-0.0010074420483781044,16,0.14583333333333334
glm:glm-5,fake_violations,0.0,0.85,none,13,1,0.0,0.0,0.0,0.29745519092174066,-0.0010074420483781044,17,0.14583333333333334
glm:glm-5,fake_violations,0.0,0.85,none,13,2,0.0,0.0,0.0,0.2679189112476912,-0.003925621611188812,20,0.16666666666666666
glm:glm-5,fake_violations,0.0,0.85,none,14,0,0.0,0.0,0.0,0.27903425109130553,-0.0015152768394963712,26,0.14583333333333334
glm:glm-5,fake_violations,0.0,0.85,none,14,1,0.0,0.0,0.0,0.3136889591550074,-0.0015152768394963712,15,0.125
glm:glm-5,fake_violations,0.0,0.85,none,14,2,0.0,0.0,0.0,0.2788559547631957,-0.0015152768394963712,27,0.14583333333333334
glm:glm-5,fake_violations,0.0,0.85,none,15,0,0.0,0.0,0.0,0.39399289480377253,-0.002944990248791912,21,0.16666666666666666
glm:glm-5,fake_violations,0.0,0.85,none,15,1,0.0,0.0,0.0,0.3489174531424424,-0.00336923417019519,18,0.14583333333333334
glm:glm-5,fake_violations,0.0,0.85,none,15,2,0.0,0.0,0.0,0.3616942133287635,-0.002941500635962213,20,0.1875
glm:glm-5,fake_violations,0.0,0.85,none,16,0,0.0,0.0,0.0,0.34922404078664715,-0.0023074886381838633,16,0.10416666666666667
glm:glm-5,fake_violations,0.0,0.85,none,16,1,0.0,0.0,0.0,0.32474347694319494,-0.002721349048128041,26,0.125
glm:glm-5,fake_violations,0.0,0.85,none,16,2,0.0,0.0,0.0,0.3175601819157787,-0.002721349048128041,24,0.125
glm:glm-5,fake_violations,0.0,0.85,none,17,0,0.0,0.0,0.0,0.2095898760342545,-0.006397796623204166,32,0.16666666666666666
glm:glm-5,fake_violations,0.0,0.85,none,17,1,0.0,0.0,0.0,0.19292812937245918,-0.006748606433316873,27,0.16666666666666666
glm:glm-5,fake_violations,0.0,0.85,none,17,2,0.0,0.0,0.0,0.1931927690368782,-0.009077254021275905,24,0.16666666666666666
glm:glm-5,fake_violations,0.0,0.85,none,18,0,0.0,0.0,0.0,0.27548940048093806,-0.00512365066103726,28,0.125
glm:glm-5,fake_violations,0.0,0.85,none,18,1,0.0,0.0,0.0,0.2375384552894011,-0.00512365066103726,34,0.14583333333333334
glm:glm-5,fake_violations,0.0,0.85,none,18,2,0.0,0.0,0.0,0.20155642700129595,-0.00512365066103726,37,0.1875
glm:glm-5,fake_violations,0.0,0.85,none,19,0,0.0,0.0,0.0,0.2375379508276032,-0.005971912027506021,25,0.25
glm:glm-5,fake_violations,0.0,0.85,none,19,1,0.0,0.0,0.0,0.2172602083068682,-0.005971912027506021,28,0.25
glm:glm-5,fake_violations,0.0,0.85,none,19,2,0.0,0.0,0.0,0.2174109496958201,-0.005971912027506021,28,0.25
glm:glm-5,fake_violations,0.0,0.85,none,20,0,0.0,0.0,0.0,0.30437926828566453,-0.0027267188126602893,30,0.125
glm:glm-5,fake_violations,0.0,0.85,none,20,1,0.0,0.0,0.0,0.3262970703267656,-0.0016570318361081027,23,0.125
glm:glm-5,fake_violations,0.0,0.85,none,20,2,0.0,0.0,0.0,0.33147951784118246,-0.0016570318361081027,26,0.125
glm:glm-5,fake_violations,0.0,0.85,none,21,0,0.0,0.0,0.0,0.2932554367816145,-0.00251929741735335,31,0.125
glm:glm-5,fake_violations,0.0,0.85,none,21,1,0.0,0.0,0.0,0.28924432034412817,-0.0028117699122399697,25,0.125
glm:glm-5,fake_violations,0.0,0.85,none,21,2,0.0,0.0,0.0,0.2899005015931586,-0.0028117699122399697,31,0.14583333333333334
glm:glm-5,fake_violations,0.0,0.85,none,22,0,0.0,0.0,0.0,0.2178626124318621,-0.008751342082765401,26,0.14583333333333334
glm:glm-5,fake_violations,0.0,0.85,none,22,1,0.0,0.0,0.0,0.22006539679783055,-0.008751342082765401,22,0.125
glm:glm-5,fake_violations,0.0,0.85,none,22,2,0.0,0.0,0.0,0.20548606723993523,-0.008751342082765401,30,0.16666666666666666
glm:glm-5,fake_violations,0.0,0.85,none,23,0,0.0,0.0,0.0,0.3220294863292499,-0.010251034184135088,21,0.08333333333333333
glm:glm-5,fake_violations,0.0,0.85,none,23,1,0.0,0.0,0.0,0.3122538248763129,-0.010474472020001069,23,0.125
glm:glm-5,fake_violations,0.0,0.85,none,23,2,0.0,0.0,0.0,0.31183962201293536,-0.010251020652909504,20,0.10416666666666667
glm:glm-5,fake_violations,0.0,0.85,none,24,0,0.0,0.0,0.0,0.35777603239067535,-0.0012085522337648147,14,0.125
glm:glm-5,fake_violations,0.0,0.85,none,24,1,0.0,0.0,0.0,0.35805645111477036,-0.0012085522337648147,16,0.10416666666666667
glm:glm-5,fake_violations,0.0,0.85,none,24,2,0.0,0.0,0.0,0.30093610688958394,-0.0012085522337648147,29,0.16666666666666666
glm:glm-5,fake_violations,0.0,0.85,none,25,0,0.0,0.0,0.0,0.23785085573846532,-0.008809897478925466,25,0.20833333333333334
glm:glm-5,fake_violations,0.0,0.85,none,25,1,0.0,0.0,0.0,0.24566477653977503,-0.014567507296171955,25,0.16666666666666666
glm:glm-5,fake_violations,0.0,0.85,none,25,2,0.0,0.0,0.0,0.22474538528979426,-0.014567507296171733,29,0.2708333333333333
glm:glm-5,fake_violations,0.0,0.85,none,26,0,0.0,0.0,0.0,0.2945653760599787,-0.01664923967531229,26,0.1875
glm:glm-5,fake_violations,0.0,0.85,none,26,1,0.0,0.0,0.0,0.23356265309655355,-0.01664923967531229,36,0.22916666666666666
glm:glm-5,fake_violations,0.0,0.85,none,26,2,0.0,0.0,0.0,0.22366582248471611,-0.01664923967531229,32,0.22916666666666666
glm:glm-5,fake_violations,0.0,0.85,none,27,0,0.0,0.0,0.0,0.2717759371126869,-0.005882957098599095,21,0.16666666666666666
glm:glm-5,fake_violations,0.0,0.85,none,27,1,0.0,0.0,0.0,0.30519590360272875,-0.005566097125618508,21,0.125
glm:glm-5,fake_violations,0.0,0.85,none,27,2,0.0,0.0,0.0,0.2654622830108633,-0.005566097125618508,28,0.1875
glm:glm-5,fake_violations,0.0,0.85,none,28,0,0.0,0.0,0.0,0.335123270465681,-0.006184299091205769,17,0.125
glm:glm-5,fake_violations,0.0,0.85,none,28,1,0.0,0.0,0.0,0.3381478973791481,-0.006184299091205769,17,0.125
glm:glm-5,fake_violations,0.0,0.85,none,28,2,0.0,0.0,0.0,0.335123270465681,-0.006184299091205769,17,0.125
glm:glm-5,fake_violations,0.0,0.85,none,29,0,0.0,0.0,0.0,0.2793249049290858,-0.003123043217588717,20,0.20833333333333334
glm:glm-5,fake_violations,0.0,0.85,none,29,1,0.0,0.0,0.0,0.2903042756490479,-0.003123043217588717,19,0.1875
glm:glm-5,fake_violations,0.0,0.85,none,29,2,0.0,0.0,0.0,0.26961571850126687,-0.005652209553761778,22,0.1875
glm:glm-5,fake_violations,0.0,0.85,none,30,0,0.0,0.0,0.0,0.24812475165959036,-0.0050213871726886294,31,0.1875
glm:glm-5,fake_violations,0.0,0.85,none,30,1,0.0,0.0,0.0,0.2772472743993153,-0.0015762868417998899,27,0.14583333333333334
glm:glm-5,fake_violations,0.0,0.85,none,30,2,0.0,0.0,0.0,0.291483353878196,-0.001613554164490938,28,0.14583333333333334
glm:glm-5,fake_violations,0.75,0.85,none,11,0,0.0,0.0,0.0,0.35938563461433426,-0.002373406324670535,23,0.14583333333333334
glm:glm-5,fake_violations,0.75,0.85,none,11,1,0.0,0.0,0.0,0.36316650279164553,-0.002373406324670535,24,0.125
glm:glm-5,fake_violations,0.75,0.85,none,11,2,0.0,0.0,0.0,0.284287059312218,-0.004897741988788118,32,0.125
glm:glm-5,fake_violations,0.75,0.85,none,12,0,0.0,0.0,0.0,0.2987129483979929,-0.001134987415517541,25,0.1875
glm:glm-5,fake_violations,0.75,0.85,none,12,1,0.0,0.0,0.0,0.31570243171438483,-0.001134987415517541,27,0.20833333333333334
glm:glm-5,fake_violations,0.75,0.85,none,12,2,0.0,0.0,0.0,0.32723053736070806,-0.001134987415517541,18,0.16666666666666666
glm:glm-5,fake_violations,0.75,0.85,none,13,0,0.0,0.0,0.0,0.2547378520023518,-0.00723694023928001,17,0.20833333333333334
glm:glm-5,fake_violations,0.75,0.85,none,13,1,0.0,0.0,0.0,0.252499666000793,-0.006294003379182622,19,0.22916666666666666
glm:glm-5,fake_violations,0.75,0.85,none,13,2,0.0,0.0,0.0,0.29760644714861106,-0.0010074420483781044,14,0.16666666666666666
glm:glm-5,fake_violations,0.75,0.85,none,14,0,0.0,0.0,0.0,0.2794596854380862,-0.0015152768394963712,26,0.14583333333333334
glm:glm-5,fake_violations,0.75,0.85,none,14,1,0.0,0.0,0.0,0.2812734552936542,-0.0015152768394963712,20,0.125
glm:glm-5,fake_violations,0.75,0.85,none,14,2,0.0,0.0,0.0,0.2661777966072836,-0.0015152768394963712,31,0.16666666666666666
glm:glm-5,fake_violations,0.75,0.85,none,15,0,0.0,0.0,0.0,0.34933468516231403,-0.0031001222684772234,17,0.22916666666666666
glm:glm-5,fake_violations,0.75,0.85,none,15,1,0.0,0.0,0.0,0.38993110979689205,-0.0029415006955696432,24,0.1875
glm:glm-5,fake_violations,0.75,0.85,none,15,2,0.0,0.0,0.0,0.3737023791369527,-0.0030992056011820424,22,0.1875
glm:glm-5,fake_violations,0.75,0.85,none,16,0,0.0,0.0,0.0,0.330209882784505,-0.0036043382855751593,27,0.16666666666666666
glm:glm-5,fake_violations,0.75,0.85,none,16,1,0.0,0.0,0.0,0.3160065400057164,-0.002721349048128041,23,0.16666666666666666
glm:glm-5,fake_violations,0.75,0.85,none,16,2,0.0,0.0,0.0,0.3558897801219818,-0.002721349048128041,19,0.125
glm:glm-5,fake_violations,0.75,0.85,none,17,0,0.0,0.0,0.0,0.2363638843608591,-0.004671461357020346,35,0.1875
glm:glm-5,fake_violations,0.75,0.85,none,17,1,0.0,0.0,0.0,0.22767899595222518,-0.0034651406166518184,34,0.1875
glm:glm-5,fake_violations,0.75,0.85,none,17,2,0.0,0.0,0.0,0.22187786419631972,-0.00381705579615943,33,0.16666666666666666
glm:glm-5,fake_violations,0.75,0.85,none,18,0,0.0,0.0,0.0,0.2668737098811762,-0.00512365066103726,26,0.125
glm:glm-5,fake_violations,0.75,0.85,none,18,1,0.0,0.0,0.0,0.23289459231095178,-0.005123656267876031,35,0.16666666666666666
glm:glm-5,fake_violations,0.75,0.85,none,18,2,0.0,0.0,0.0,0.20646932806571017,-0.005123647857534164,35,0.16666666666666666
glm:glm-5,fake_violations,0.75,0.85,none,19,0,0.0,0.0,0.0,0.21710402190589972,-0.005971912027506021,28,0.25
glm:glm-5,fake_violations,0.75,0.85,none,19,1,0.0,0.0,0.0,0.21798589011113245,-0.005971912027506021,29,0.25
glm:glm-5,fake_violations,0.75,0.85,none,19,2,0.0,0.0,0.0,0.243040738849142,-0.005971912027506021,32,0.22916666666666666
glm:glm-5,fake_violations,0.75,0.85,none,20,0,0.0,0.0,0.0,0.27048344105762534,-0.001570696236177227,30,0.20833333333333334
glm:glm-5,fake_violations,0.75,0.85,none,20,1,0.0,0.0,0.0,0.28060790210045705,-0.0016570318361081027,34,0.20833333333333334
glm:glm-5,fake_violations,0.75,0.85,none,20,2,0.0,0.0,0.0,0.2501728911657559,-0.00960130883557242,32,0.16666666666666666
glm:glm-5,fake_violations,0.75,0.85,none,21,0,0.0,0.0,0.0,0.29132822363400734,-0.0028157042897412055,26,0.16666666666666666
glm:glm-5,fake_violations,0.75,0.85,none,21,1,0.0,0.0,0.0,0.28468732412018993,-0.0027659525383136874,32,0.16666666666666666
glm:glm-5,fake_violations,0.75,0.85,none,21,2,0.0,0.0,0.0,0.3055921362211216,-0.002519277264071196,28,0.14583333333333334
glm:glm-5,fake_violations,0.75,0.85,none,22,0,0.0,0.0,0.0,0.2074193016628152,-0.00921410047393989,26,0.16666666666666666
glm:glm-5,fake_violations,0.75,0.85,none,22,1,0.0,0.0,0.0,0.21494140278442564,-0.009208995132997555,26,0.14583333333333334
glm:glm-5,fake_violations,0.75,0.85,none,22,2,0.0,0.0,0.0,0.2245463949239137,-0.009208995132997555,27,0.1875
glm:glm-5,fake_violations,0.75,0.85,none,23,0,0.0,0.0,0.0,0.3103809815822589,-0.010251034184135088,25,0.125
glm:glm-5,fake_violations,0.75,0.85,none,23,1,0.0,0.0,0.0,0.3135529747181922,-0.010251034184135088,25,0.10416666666666667
glm:glm-5,fake_violations,0.75,0.85,none,23,2,0.0,0.0,0.0,0.31389063400968653,-0.010474458488798355,21,0.08333333333333333
glm:glm-5,fake_violations,0.75,0.85,none,24,0,0.0,0.0,0.0,0.33981393608005184,-0.0012085522337648147,11,0.1875
glm:glm-5,fake_violations,0.75,0.85,none,24,1,0.0,0.0,0.0,0.3419449092315352,-0.0012085522337648147,19,0.14583333333333334
glm:glm-5,fake_violations,0.75,0.85,none,24,2,0.0,0.0,0.0,0.2649738998326747,-0.0018315736702892993,16,0.1875
glm:glm-5,fake_violations,0.75,0.85,none,25,0,0.0,0.0,0.0,0.21715700956154382,-0.014567511134209954,31,0.20833333333333334
glm:glm-5,fake_violations,0.75,0.85,none,25,1,0.0,0.0,0.0,0.23507969921537364,-0.011112135009712198,30,0.20833333333333334
glm:glm-5,fake_violations,0.75,0.85,none,25,2,0.0,0.0,0.0,0.24869930731560608,-0.00857808647816749,34,0.22916666666666666
glm:glm-5,fake_violations,0.75,0.85,none,26,0,0.0,0.0,0.0,0.28703376121365265,-0.016679669268973907,26,0.25
glm:glm-5,fake_violations,0.75,0.85,none,26,1,0.0,0.0,0.0,0.2703103363621371,-0.016688009938351178,21,0.20833333333333334
glm:glm-5,fake_violations,0.75,0.85,none,26,2,0.0,0.0,0.0,0.244264190784506,-0.016688009938351178,31,0.20833333333333334
glm:glm-5,fake_violations,0.75,0.85,none,27,0,0.0,0.0,0.0,0.30432065405933484,-0.005566097125618508,24,0.16666666666666666
glm:glm-5,fake_violations,0.75,0.85,none,27,1,0.0,0.0,0.0,0.2554543793590254,-0.005503357132740194,29,0.20833333333333334
glm:glm-5,fake_violations,0.75,0.85,none,27,2,0.0,0.0,0.0,0.2837775284541366,-0.005566097125618508,20,0.16666666666666666
glm:glm-5,fake_violations,0.75,0.85,none,28,0,0.0,0.0,0.0,0.339341819997385,-0.006199157428432023,26,0.1875
glm:glm-5,fake_violations,0.75,0.85,none,28,1,0.0,0.0,0.0,0.30029013007907723,-0.008300182175063897,26,0.20833333333333334
glm:glm-5,fake_violations,0.75,0.85,none,28,2,0.0,0.0,0.0,0.31786517128026337,-0.006199157428432023,29,0.1875
glm:glm-5,fake_violations,0.75,0.85,none,29,0,0.0,0.0,0.0,0.29030516754092983,-0.003123043217588717,30,0.20833333333333334
glm:glm-5,fake_violations,0.75,0.85,none,29,1,0.0,0.0,0.0,0.3011514911105646,-0.003123043217588717,31,0.22916666666666666
glm:glm-5,fake_violations,0.75,0.85,none,29,2,0.0,0.0,0.0,0.309858924640122,-0.003123043217588717,27,0.1875
glm:glm-5,fake_violations,0.75,0.85,none,30,0,0.0,0.0,0.0,0.26145737907560407,-0.002355009885907866,32,0.20833333333333334
glm:glm-5,fake_violations,0.75,0.85,none,30,1,0.0,0.0,0.0,0.25027803511294033,-0.002413229079747392,36,0.20833333333333334
glm:glm-5,fake_violations,0.75,0.85,none,30,2,0.0,0.0,0.0,0.22108456593119352,-0.003776860769056145,31,0.22916666666666666
